design,menu_id,time_A,cost_A,time_B,cost_B,candidate_A,candidate_B,count
NIST_L9,0,0,0,0,0,0,0,1
NIST_L9,13,0,1,1,1,1,2,1
NIST_L9,26,0,2,2,2,2,4,1
NIST_L9,32,1,0,1,2,1,3,1
NIST_L9,42,1,1,2,0,2,2,1
NIST_L9,46,1,2,0,1,3,1,1
NIST_L9,61,2,0,2,1,2,3,1
NIST_L9,65,2,1,0,2,3,2,1
NIST_L9,75,2,2,1,0,4,1,1
NIST_L9_plus_one,0,0,0,0,0,0,0,1
NIST_L9_plus_one,13,0,1,1,1,1,2,1
NIST_L9_plus_one,26,0,2,2,2,2,4,1
NIST_L9_plus_one,32,1,0,1,2,1,3,1
NIST_L9_plus_one,42,1,1,2,0,2,2,1
NIST_L9_plus_one,46,1,2,0,1,3,1,1
NIST_L9_plus_one,56,2,0,0,2,2,2,1
NIST_L9_plus_one,61,2,0,2,1,2,3,1
NIST_L9_plus_one,65,2,1,0,2,3,2,1
NIST_L9_plus_one,75,2,2,1,0,4,1,1
L9_mapping_00,0,0,0,0,0,0,0,1
L9_mapping_00,13,0,1,1,1,1,2,1
L9_mapping_00,26,0,2,2,2,2,4,1
L9_mapping_00,32,1,0,1,2,1,3,1
L9_mapping_00,42,1,1,2,0,2,2,1
L9_mapping_00,46,1,2,0,1,3,1,1
L9_mapping_00,61,2,0,2,1,2,3,1
L9_mapping_00,65,2,1,0,2,3,2,1
L9_mapping_00,75,2,2,1,0,4,1,1
L9_mapping_01,0,0,0,0,0,0,0,1
L9_mapping_01,13,0,1,1,1,1,2,1
L9_mapping_01,26,0,2,2,2,2,4,1
L9_mapping_01,34,1,0,2,1,1,3,1
L9_mapping_01,38,1,1,0,2,2,2,1
L9_mapping_01,48,1,2,1,0,3,1,1
L9_mapping_01,59,2,0,1,2,2,3,1
L9_mapping_01,69,2,1,2,0,3,2,1
L9_mapping_01,73,2,2,0,1,4,1,1
L9_mapping_02,0,0,0,0,0,0,0,1
L9_mapping_02,13,0,1,1,1,1,2,1
L9_mapping_02,26,0,2,2,2,2,4,1
L9_mapping_02,34,1,0,2,1,1,3,1
L9_mapping_02,38,1,1,0,2,2,2,1
L9_mapping_02,48,1,2,1,0,3,1,1
L9_mapping_02,59,2,0,1,2,2,3,1
L9_mapping_02,69,2,1,2,0,3,2,1
L9_mapping_02,73,2,2,0,1,4,1,1
L9_mapping_03,0,0,0,0,0,0,0,1
L9_mapping_03,13,0,1,1,1,1,2,1
L9_mapping_03,26,0,2,2,2,2,4,1
L9_mapping_03,32,1,0,1,2,1,3,1
L9_mapping_03,42,1,1,2,0,2,2,1
L9_mapping_03,46,1,2,0,1,3,1,1
L9_mapping_03,61,2,0,2,1,2,3,1
L9_mapping_03,65,2,1,0,2,3,2,1
L9_mapping_03,75,2,2,1,0,4,1,1
L9_mapping_04,0,0,0,0,0,0,0,1
L9_mapping_04,13,0,1,1,1,1,2,1
L9_mapping_04,26,0,2,2,2,2,4,1
L9_mapping_04,32,1,0,1,2,1,3,1
L9_mapping_04,42,1,1,2,0,2,2,1
L9_mapping_04,46,1,2,0,1,3,1,1
L9_mapping_04,61,2,0,2,1,2,3,1
L9_mapping_04,65,2,1,0,2,3,2,1
L9_mapping_04,75,2,2,1,0,4,1,1
L9_mapping_05,0,0,0,0,0,0,0,1
L9_mapping_05,13,0,1,1,1,1,2,1
L9_mapping_05,26,0,2,2,2,2,4,1
L9_mapping_05,34,1,0,2,1,1,3,1
L9_mapping_05,38,1,1,0,2,2,2,1
L9_mapping_05,48,1,2,1,0,3,1,1
L9_mapping_05,59,2,0,1,2,2,3,1
L9_mapping_05,69,2,1,2,0,3,2,1
L9_mapping_05,73,2,2,0,1,4,1,1
L9_mapping_06,0,0,0,0,0,0,0,1
L9_mapping_06,14,0,1,1,2,1,3,1
L9_mapping_06,25,0,2,2,1,2,3,1
L9_mapping_06,31,1,0,1,1,1,2,1
L9_mapping_06,42,1,1,2,0,2,2,1
L9_mapping_06,47,1,2,0,2,3,2,1
L9_mapping_06,62,2,0,2,2,2,4,1
L9_mapping_06,64,2,1,0,1,3,1,1
L9_mapping_06,75,2,2,1,0,4,1,1
L9_mapping_07,0,0,0,0,0,0,0,1
L9_mapping_07,16,0,1,2,1,1,3,1
L9_mapping_07,23,0,2,1,2,2,3,1
L9_mapping_07,31,1,0,1,1,1,2,1
L9_mapping_07,38,1,1,0,2,2,2,1
L9_mapping_07,51,1,2,2,0,3,2,1
L9_mapping_07,62,2,0,2,2,2,4,1
L9_mapping_07,66,2,1,1,0,3,1,1
L9_mapping_07,73,2,2,0,1,4,1,1
L9_mapping_08,0,0,0,0,0,0,0,1
L9_mapping_08,14,0,1,1,2,1,3,1
L9_mapping_08,25,0,2,2,1,2,3,1
L9_mapping_08,35,1,0,2,2,1,4,1
L9_mapping_08,37,1,1,0,1,2,1,1
L9_mapping_08,48,1,2,1,0,3,1,1
L9_mapping_08,58,2,0,1,1,2,2,1
L9_mapping_08,69,2,1,2,0,3,2,1
L9_mapping_08,74,2,2,0,2,4,2,1
L9_mapping_09,0,0,0,0,0,0,0,1
L9_mapping_09,16,0,1,2,1,1,3,1
L9_mapping_09,23,0,2,1,2,2,3,1
L9_mapping_09,35,1,0,2,2,1,4,1
L9_mapping_09,39,1,1,1,0,2,1,1
L9_mapping_09,46,1,2,0,1,3,1,1
L9_mapping_09,58,2,0,1,1,2,2,1
L9_mapping_09,65,2,1,0,2,3,2,1
L9_mapping_09,78,2,2,2,0,4,2,1
L9_mapping_10,0,0,0,0,0,0,0,1
L9_mapping_10,17,0,1,2,2,1,4,1
L9_mapping_10,22,0,2,1,1,2,2,1
L9_mapping_10,32,1,0,1,2,1,3,1
L9_mapping_10,37,1,1,0,1,2,1,1
L9_mapping_10,51,1,2,2,0,3,2,1
L9_mapping_10,61,2,0,2,1,2,3,1
L9_mapping_10,66,2,1,1,0,3,1,1
L9_mapping_10,74,2,2,0,2,4,2,1
L9_mapping_11,0,0,0,0,0,0,0,1
L9_mapping_11,17,0,1,2,2,1,4,1
L9_mapping_11,22,0,2,1,1,2,2,1
L9_mapping_11,34,1,0,2,1,1,3,1
L9_mapping_11,39,1,1,1,0,2,1,1
L9_mapping_11,47,1,2,0,2,3,2,1
L9_mapping_11,59,2,0,1,2,2,3,1
L9_mapping_11,64,2,1,0,1,3,1,1
L9_mapping_11,78,2,2,2,0,4,2,1
L9_mapping_12,0,0,0,0,0,0,0,1
L9_mapping_12,16,0,1,2,1,1,3,1
L9_mapping_12,23,0,2,1,2,2,3,1
L9_mapping_12,31,1,0,1,1,1,2,1
L9_mapping_12,38,1,1,0,2,2,2,1
L9_mapping_12,51,1,2,2,0,3,2,1
L9_mapping_12,62,2,0,2,2,2,4,1
L9_mapping_12,66,2,1,1,0,3,1,1
L9_mapping_12,73,2,2,0,1,4,1,1
L9_mapping_13,0,0,0,0,0,0,0,1
L9_mapping_13,14,0,1,1,2,1,3,1
L9_mapping_13,25,0,2,2,1,2,3,1
L9_mapping_13,31,1,0,1,1,1,2,1
L9_mapping_13,42,1,1,2,0,2,2,1
L9_mapping_13,47,1,2,0,2,3,2,1
L9_mapping_13,62,2,0,2,2,2,4,1
L9_mapping_13,64,2,1,0,1,3,1,1
L9_mapping_13,75,2,2,1,0,4,1,1
L9_mapping_14,0,0,0,0,0,0,0,1
L9_mapping_14,17,0,1,2,2,1,4,1
L9_mapping_14,22,0,2,1,1,2,2,1
L9_mapping_14,32,1,0,1,2,1,3,1
L9_mapping_14,37,1,1,0,1,2,1,1
L9_mapping_14,51,1,2,2,0,3,2,1
L9_mapping_14,61,2,0,2,1,2,3,1
L9_mapping_14,66,2,1,1,0,3,1,1
L9_mapping_14,74,2,2,0,2,4,2,1
L9_mapping_15,0,0,0,0,0,0,0,1
L9_mapping_15,17,0,1,2,2,1,4,1
L9_mapping_15,22,0,2,1,1,2,2,1
L9_mapping_15,34,1,0,2,1,1,3,1
L9_mapping_15,39,1,1,1,0,2,1,1
L9_mapping_15,47,1,2,0,2,3,2,1
L9_mapping_15,59,2,0,1,2,2,3,1
L9_mapping_15,64,2,1,0,1,3,1,1
L9_mapping_15,78,2,2,2,0,4,2,1
L9_mapping_16,0,0,0,0,0,0,0,1
L9_mapping_16,14,0,1,1,2,1,3,1
L9_mapping_16,25,0,2,2,1,2,3,1
L9_mapping_16,35,1,0,2,2,1,4,1
L9_mapping_16,37,1,1,0,1,2,1,1
L9_mapping_16,48,1,2,1,0,3,1,1
L9_mapping_16,58,2,0,1,1,2,2,1
L9_mapping_16,69,2,1,2,0,3,2,1
L9_mapping_16,74,2,2,0,2,4,2,1
L9_mapping_17,0,0,0,0,0,0,0,1
L9_mapping_17,16,0,1,2,1,1,3,1
L9_mapping_17,23,0,2,1,2,2,3,1
L9_mapping_17,35,1,0,2,2,1,4,1
L9_mapping_17,39,1,1,1,0,2,1,1
L9_mapping_17,46,1,2,0,1,3,1,1
L9_mapping_17,58,2,0,1,1,2,2,1
L9_mapping_17,65,2,1,0,2,3,2,1
L9_mapping_17,78,2,2,2,0,4,2,1
L9_mapping_18,0,0,0,0,0,0,0,1
L9_mapping_18,14,0,1,1,2,1,3,1
L9_mapping_18,25,0,2,2,1,2,3,1
L9_mapping_18,31,1,0,1,1,1,2,1
L9_mapping_18,42,1,1,2,0,2,2,1
L9_mapping_18,47,1,2,0,2,3,2,1
L9_mapping_18,62,2,0,2,2,2,4,1
L9_mapping_18,64,2,1,0,1,3,1,1
L9_mapping_18,75,2,2,1,0,4,1,1
L9_mapping_19,0,0,0,0,0,0,0,1
L9_mapping_19,16,0,1,2,1,1,3,1
L9_mapping_19,23,0,2,1,2,2,3,1
L9_mapping_19,31,1,0,1,1,1,2,1
L9_mapping_19,38,1,1,0,2,2,2,1
L9_mapping_19,51,1,2,2,0,3,2,1
L9_mapping_19,62,2,0,2,2,2,4,1
L9_mapping_19,66,2,1,1,0,3,1,1
L9_mapping_19,73,2,2,0,1,4,1,1
L9_mapping_20,0,0,0,0,0,0,0,1
L9_mapping_20,14,0,1,1,2,1,3,1
L9_mapping_20,25,0,2,2,1,2,3,1
L9_mapping_20,35,1,0,2,2,1,4,1
L9_mapping_20,37,1,1,0,1,2,1,1
L9_mapping_20,48,1,2,1,0,3,1,1
L9_mapping_20,58,2,0,1,1,2,2,1
L9_mapping_20,69,2,1,2,0,3,2,1
L9_mapping_20,74,2,2,0,2,4,2,1
L9_mapping_21,0,0,0,0,0,0,0,1
L9_mapping_21,16,0,1,2,1,1,3,1
L9_mapping_21,23,0,2,1,2,2,3,1
L9_mapping_21,35,1,0,2,2,1,4,1
L9_mapping_21,39,1,1,1,0,2,1,1
L9_mapping_21,46,1,2,0,1,3,1,1
L9_mapping_21,58,2,0,1,1,2,2,1
L9_mapping_21,65,2,1,0,2,3,2,1
L9_mapping_21,78,2,2,2,0,4,2,1
L9_mapping_22,0,0,0,0,0,0,0,1
L9_mapping_22,17,0,1,2,2,1,4,1
L9_mapping_22,22,0,2,1,1,2,2,1
L9_mapping_22,32,1,0,1,2,1,3,1
L9_mapping_22,37,1,1,0,1,2,1,1
L9_mapping_22,51,1,2,2,0,3,2,1
L9_mapping_22,61,2,0,2,1,2,3,1
L9_mapping_22,66,2,1,1,0,3,1,1
L9_mapping_22,74,2,2,0,2,4,2,1
L9_mapping_23,0,0,0,0,0,0,0,1
L9_mapping_23,17,0,1,2,2,1,4,1
L9_mapping_23,22,0,2,1,1,2,2,1
L9_mapping_23,34,1,0,2,1,1,3,1
L9_mapping_23,39,1,1,1,0,2,1,1
L9_mapping_23,47,1,2,0,2,3,2,1
L9_mapping_23,59,2,0,1,2,2,3,1
L9_mapping_23,64,2,1,0,1,3,1,1
L9_mapping_23,78,2,2,2,0,4,2,1
D_exchange_prior0_start00,8,0,0,2,2,0,4,3
D_exchange_prior0_start00,24,0,2,2,0,2,2,3
D_exchange_prior0_start00,56,2,0,0,2,2,2,3
D_exchange_prior0_start00,72,2,2,0,0,4,0,3
D_exchange_prior0_start01,8,0,0,2,2,0,4,3
D_exchange_prior0_start01,24,0,2,2,0,2,2,3
D_exchange_prior0_start01,56,2,0,0,2,2,2,3
D_exchange_prior0_start01,72,2,2,0,0,4,0,3
D_exchange_prior0_start02,8,0,0,2,2,0,4,3
D_exchange_prior0_start02,24,0,2,2,0,2,2,3
D_exchange_prior0_start02,56,2,0,0,2,2,2,3
D_exchange_prior0_start02,72,2,2,0,0,4,0,3
D_exchange_prior0_start03,8,0,0,2,2,0,4,3
D_exchange_prior0_start03,24,0,2,2,0,2,2,3
D_exchange_prior0_start03,56,2,0,0,2,2,2,3
D_exchange_prior0_start03,72,2,2,0,0,4,0,3
D_exchange_prior0_start04,8,0,0,2,2,0,4,3
D_exchange_prior0_start04,24,0,2,2,0,2,2,3
D_exchange_prior0_start04,56,2,0,0,2,2,2,3
D_exchange_prior0_start04,72,2,2,0,0,4,0,3
D_exchange_prior0_start05,8,0,0,2,2,0,4,3
D_exchange_prior0_start05,24,0,2,2,0,2,2,3
D_exchange_prior0_start05,56,2,0,0,2,2,2,3
D_exchange_prior0_start05,72,2,2,0,0,4,0,3
D_exchange_prior0_start06,8,0,0,2,2,0,4,3
D_exchange_prior0_start06,24,0,2,2,0,2,2,3
D_exchange_prior0_start06,56,2,0,0,2,2,2,3
D_exchange_prior0_start06,72,2,2,0,0,4,0,3
D_exchange_prior0_start07,8,0,0,2,2,0,4,3
D_exchange_prior0_start07,24,0,2,2,0,2,2,3
D_exchange_prior0_start07,56,2,0,0,2,2,2,3
D_exchange_prior0_start07,72,2,2,0,0,4,0,3
D_exchange_prior0_start08,8,0,0,2,2,0,4,3
D_exchange_prior0_start08,24,0,2,2,0,2,2,3
D_exchange_prior0_start08,56,2,0,0,2,2,2,3
D_exchange_prior0_start08,72,2,2,0,0,4,0,3
D_exchange_prior0_start09,8,0,0,2,2,0,4,3
D_exchange_prior0_start09,24,0,2,2,0,2,2,3
D_exchange_prior0_start09,56,2,0,0,2,2,2,3
D_exchange_prior0_start09,72,2,2,0,0,4,0,3
D_exchange_prior0_start10,8,0,0,2,2,0,4,3
D_exchange_prior0_start10,24,0,2,2,0,2,2,3
D_exchange_prior0_start10,56,2,0,0,2,2,2,3
D_exchange_prior0_start10,72,2,2,0,0,4,0,3
D_exchange_prior0_start11,8,0,0,2,2,0,4,3
D_exchange_prior0_start11,24,0,2,2,0,2,2,3
D_exchange_prior0_start11,56,2,0,0,2,2,2,3
D_exchange_prior0_start11,72,2,2,0,0,4,0,3
D_exchange_prior0_start12,8,0,0,2,2,0,4,3
D_exchange_prior0_start12,24,0,2,2,0,2,2,3
D_exchange_prior0_start12,56,2,0,0,2,2,2,3
D_exchange_prior0_start12,72,2,2,0,0,4,0,3
D_exchange_prior0_start13,8,0,0,2,2,0,4,3
D_exchange_prior0_start13,24,0,2,2,0,2,2,3
D_exchange_prior0_start13,56,2,0,0,2,2,2,3
D_exchange_prior0_start13,72,2,2,0,0,4,0,3
D_exchange_prior0_start14,8,0,0,2,2,0,4,3
D_exchange_prior0_start14,24,0,2,2,0,2,2,3
D_exchange_prior0_start14,56,2,0,0,2,2,2,3
D_exchange_prior0_start14,72,2,2,0,0,4,0,3
D_exchange_prior0_start15,8,0,0,2,2,0,4,3
D_exchange_prior0_start15,24,0,2,2,0,2,2,3
D_exchange_prior0_start15,56,2,0,0,2,2,2,3
D_exchange_prior0_start15,72,2,2,0,0,4,0,3
D_exchange_prior0_start16,8,0,0,2,2,0,4,3
D_exchange_prior0_start16,24,0,2,2,0,2,2,3
D_exchange_prior0_start16,56,2,0,0,2,2,2,3
D_exchange_prior0_start16,72,2,2,0,0,4,0,3
D_exchange_prior0_start17,8,0,0,2,2,0,4,3
D_exchange_prior0_start17,24,0,2,2,0,2,2,3
D_exchange_prior0_start17,56,2,0,0,2,2,2,3
D_exchange_prior0_start17,72,2,2,0,0,4,0,3
D_exchange_prior0_start18,8,0,0,2,2,0,4,3
D_exchange_prior0_start18,24,0,2,2,0,2,2,3
D_exchange_prior0_start18,56,2,0,0,2,2,2,3
D_exchange_prior0_start18,72,2,2,0,0,4,0,3
D_exchange_prior0_start19,8,0,0,2,2,0,4,3
D_exchange_prior0_start19,24,0,2,2,0,2,2,3
D_exchange_prior0_start19,56,2,0,0,2,2,2,3
D_exchange_prior0_start19,72,2,2,0,0,4,0,3
D_exchange_prior0_start20,8,0,0,2,2,0,4,3
D_exchange_prior0_start20,24,0,2,2,0,2,2,3
D_exchange_prior0_start20,56,2,0,0,2,2,2,3
D_exchange_prior0_start20,72,2,2,0,0,4,0,3
D_exchange_prior0_start21,8,0,0,2,2,0,4,3
D_exchange_prior0_start21,24,0,2,2,0,2,2,3
D_exchange_prior0_start21,56,2,0,0,2,2,2,3
D_exchange_prior0_start21,72,2,2,0,0,4,0,3
D_exchange_prior0_start22,8,0,0,2,2,0,4,3
D_exchange_prior0_start22,24,0,2,2,0,2,2,3
D_exchange_prior0_start22,56,2,0,0,2,2,2,3
D_exchange_prior0_start22,72,2,2,0,0,4,0,3
D_exchange_prior0_start23,8,0,0,2,2,0,4,3
D_exchange_prior0_start23,24,0,2,2,0,2,2,3
D_exchange_prior0_start23,56,2,0,0,2,2,2,3
D_exchange_prior0_start23,72,2,2,0,0,4,0,3
D_exchange_prior0_start24,8,0,0,2,2,0,4,3
D_exchange_prior0_start24,24,0,2,2,0,2,2,3
D_exchange_prior0_start24,56,2,0,0,2,2,2,3
D_exchange_prior0_start24,72,2,2,0,0,4,0,3
D_exchange_prior0_start25,8,0,0,2,2,0,4,3
D_exchange_prior0_start25,24,0,2,2,0,2,2,3
D_exchange_prior0_start25,56,2,0,0,2,2,2,3
D_exchange_prior0_start25,72,2,2,0,0,4,0,3
D_exchange_prior0_start26,8,0,0,2,2,0,4,3
D_exchange_prior0_start26,24,0,2,2,0,2,2,3
D_exchange_prior0_start26,56,2,0,0,2,2,2,3
D_exchange_prior0_start26,72,2,2,0,0,4,0,3
D_exchange_prior0_start27,8,0,0,2,2,0,4,3
D_exchange_prior0_start27,24,0,2,2,0,2,2,3
D_exchange_prior0_start27,56,2,0,0,2,2,2,3
D_exchange_prior0_start27,72,2,2,0,0,4,0,3
D_exchange_prior0_start28,8,0,0,2,2,0,4,3
D_exchange_prior0_start28,24,0,2,2,0,2,2,3
D_exchange_prior0_start28,56,2,0,0,2,2,2,3
D_exchange_prior0_start28,72,2,2,0,0,4,0,3
D_exchange_prior0_start29,8,0,0,2,2,0,4,3
D_exchange_prior0_start29,24,0,2,2,0,2,2,3
D_exchange_prior0_start29,56,2,0,0,2,2,2,3
D_exchange_prior0_start29,72,2,2,0,0,4,0,3
D_exchange_prior0_start30,8,0,0,2,2,0,4,3
D_exchange_prior0_start30,24,0,2,2,0,2,2,3
D_exchange_prior0_start30,56,2,0,0,2,2,2,3
D_exchange_prior0_start30,72,2,2,0,0,4,0,3
D_exchange_prior0_start31,8,0,0,2,2,0,4,3
D_exchange_prior0_start31,24,0,2,2,0,2,2,3
D_exchange_prior0_start31,56,2,0,0,2,2,2,3
D_exchange_prior0_start31,72,2,2,0,0,4,0,3
D_exchange_prior0_start32,8,0,0,2,2,0,4,3
D_exchange_prior0_start32,24,0,2,2,0,2,2,3
D_exchange_prior0_start32,56,2,0,0,2,2,2,3
D_exchange_prior0_start32,72,2,2,0,0,4,0,3
D_exchange_prior0_start33,8,0,0,2,2,0,4,3
D_exchange_prior0_start33,24,0,2,2,0,2,2,3
D_exchange_prior0_start33,56,2,0,0,2,2,2,3
D_exchange_prior0_start33,72,2,2,0,0,4,0,3
D_exchange_prior0_start34,8,0,0,2,2,0,4,3
D_exchange_prior0_start34,24,0,2,2,0,2,2,3
D_exchange_prior0_start34,56,2,0,0,2,2,2,3
D_exchange_prior0_start34,72,2,2,0,0,4,0,3
D_exchange_prior0_start35,8,0,0,2,2,0,4,3
D_exchange_prior0_start35,24,0,2,2,0,2,2,3
D_exchange_prior0_start35,56,2,0,0,2,2,2,3
D_exchange_prior0_start35,72,2,2,0,0,4,0,3
D_exchange_prior0_start36,8,0,0,2,2,0,4,3
D_exchange_prior0_start36,24,0,2,2,0,2,2,3
D_exchange_prior0_start36,56,2,0,0,2,2,2,3
D_exchange_prior0_start36,72,2,2,0,0,4,0,3
D_exchange_prior0_start37,8,0,0,2,2,0,4,3
D_exchange_prior0_start37,24,0,2,2,0,2,2,3
D_exchange_prior0_start37,56,2,0,0,2,2,2,3
D_exchange_prior0_start37,72,2,2,0,0,4,0,3
D_exchange_prior0_start38,8,0,0,2,2,0,4,3
D_exchange_prior0_start38,24,0,2,2,0,2,2,3
D_exchange_prior0_start38,56,2,0,0,2,2,2,3
D_exchange_prior0_start38,72,2,2,0,0,4,0,3
D_exchange_prior0_start39,8,0,0,2,2,0,4,3
D_exchange_prior0_start39,24,0,2,2,0,2,2,3
D_exchange_prior0_start39,56,2,0,0,2,2,2,3
D_exchange_prior0_start39,72,2,2,0,0,4,0,3
D_exchange_prior0_start40,8,0,0,2,2,0,4,3
D_exchange_prior0_start40,24,0,2,2,0,2,2,3
D_exchange_prior0_start40,56,2,0,0,2,2,2,3
D_exchange_prior0_start40,72,2,2,0,0,4,0,3
D_exchange_prior0_start41,8,0,0,2,2,0,4,3
D_exchange_prior0_start41,24,0,2,2,0,2,2,3
D_exchange_prior0_start41,56,2,0,0,2,2,2,3
D_exchange_prior0_start41,72,2,2,0,0,4,0,3
D_exchange_prior0_start42,8,0,0,2,2,0,4,3
D_exchange_prior0_start42,24,0,2,2,0,2,2,3
D_exchange_prior0_start42,56,2,0,0,2,2,2,3
D_exchange_prior0_start42,72,2,2,0,0,4,0,3
D_exchange_prior0_start43,8,0,0,2,2,0,4,3
D_exchange_prior0_start43,24,0,2,2,0,2,2,3
D_exchange_prior0_start43,56,2,0,0,2,2,2,3
D_exchange_prior0_start43,72,2,2,0,0,4,0,3
D_exchange_prior0_start44,8,0,0,2,2,0,4,3
D_exchange_prior0_start44,24,0,2,2,0,2,2,3
D_exchange_prior0_start44,56,2,0,0,2,2,2,3
D_exchange_prior0_start44,72,2,2,0,0,4,0,3
D_exchange_prior0_start45,8,0,0,2,2,0,4,3
D_exchange_prior0_start45,24,0,2,2,0,2,2,3
D_exchange_prior0_start45,56,2,0,0,2,2,2,3
D_exchange_prior0_start45,72,2,2,0,0,4,0,3
D_exchange_prior0_start46,8,0,0,2,2,0,4,3
D_exchange_prior0_start46,24,0,2,2,0,2,2,3
D_exchange_prior0_start46,56,2,0,0,2,2,2,3
D_exchange_prior0_start46,72,2,2,0,0,4,0,3
D_exchange_prior0_start47,8,0,0,2,2,0,4,3
D_exchange_prior0_start47,24,0,2,2,0,2,2,3
D_exchange_prior0_start47,56,2,0,0,2,2,2,3
D_exchange_prior0_start47,72,2,2,0,0,4,0,3
D_exchange_prior0_start48,8,0,0,2,2,0,4,3
D_exchange_prior0_start48,24,0,2,2,0,2,2,3
D_exchange_prior0_start48,56,2,0,0,2,2,2,3
D_exchange_prior0_start48,72,2,2,0,0,4,0,3
D_exchange_prior0_start49,8,0,0,2,2,0,4,3
D_exchange_prior0_start49,24,0,2,2,0,2,2,3
D_exchange_prior0_start49,56,2,0,0,2,2,2,3
D_exchange_prior0_start49,72,2,2,0,0,4,0,3
D_exchange_prior0_best_plus_one,8,0,0,2,2,0,4,3
D_exchange_prior0_best_plus_one,24,0,2,2,0,2,2,3
D_exchange_prior0_best_plus_one,56,2,0,0,2,2,2,3
D_exchange_prior0_best_plus_one,58,2,0,1,1,2,2,1
D_exchange_prior0_best_plus_one,72,2,2,0,0,4,0,3
D_exchange_prior1_start00,8,0,0,2,2,0,4,3
D_exchange_prior1_start00,24,0,2,2,0,2,2,3
D_exchange_prior1_start00,56,2,0,0,2,2,2,3
D_exchange_prior1_start00,72,2,2,0,0,4,0,3
D_exchange_prior1_start01,8,0,0,2,2,0,4,3
D_exchange_prior1_start01,24,0,2,2,0,2,2,3
D_exchange_prior1_start01,56,2,0,0,2,2,2,3
D_exchange_prior1_start01,72,2,2,0,0,4,0,3
D_exchange_prior1_start02,8,0,0,2,2,0,4,3
D_exchange_prior1_start02,24,0,2,2,0,2,2,3
D_exchange_prior1_start02,56,2,0,0,2,2,2,3
D_exchange_prior1_start02,72,2,2,0,0,4,0,3
D_exchange_prior1_start03,8,0,0,2,2,0,4,3
D_exchange_prior1_start03,24,0,2,2,0,2,2,3
D_exchange_prior1_start03,56,2,0,0,2,2,2,3
D_exchange_prior1_start03,72,2,2,0,0,4,0,3
D_exchange_prior1_start04,8,0,0,2,2,0,4,3
D_exchange_prior1_start04,24,0,2,2,0,2,2,3
D_exchange_prior1_start04,56,2,0,0,2,2,2,3
D_exchange_prior1_start04,72,2,2,0,0,4,0,3
D_exchange_prior1_start05,8,0,0,2,2,0,4,3
D_exchange_prior1_start05,24,0,2,2,0,2,2,3
D_exchange_prior1_start05,56,2,0,0,2,2,2,3
D_exchange_prior1_start05,72,2,2,0,0,4,0,3
D_exchange_prior1_start06,8,0,0,2,2,0,4,3
D_exchange_prior1_start06,24,0,2,2,0,2,2,3
D_exchange_prior1_start06,56,2,0,0,2,2,2,3
D_exchange_prior1_start06,72,2,2,0,0,4,0,3
D_exchange_prior1_start07,8,0,0,2,2,0,4,3
D_exchange_prior1_start07,24,0,2,2,0,2,2,3
D_exchange_prior1_start07,56,2,0,0,2,2,2,3
D_exchange_prior1_start07,72,2,2,0,0,4,0,3
D_exchange_prior1_start08,8,0,0,2,2,0,4,3
D_exchange_prior1_start08,24,0,2,2,0,2,2,3
D_exchange_prior1_start08,56,2,0,0,2,2,2,3
D_exchange_prior1_start08,72,2,2,0,0,4,0,3
D_exchange_prior1_start09,8,0,0,2,2,0,4,3
D_exchange_prior1_start09,24,0,2,2,0,2,2,3
D_exchange_prior1_start09,56,2,0,0,2,2,2,3
D_exchange_prior1_start09,72,2,2,0,0,4,0,3
D_exchange_prior1_start10,8,0,0,2,2,0,4,3
D_exchange_prior1_start10,24,0,2,2,0,2,2,3
D_exchange_prior1_start10,56,2,0,0,2,2,2,3
D_exchange_prior1_start10,72,2,2,0,0,4,0,3
D_exchange_prior1_start11,8,0,0,2,2,0,4,3
D_exchange_prior1_start11,24,0,2,2,0,2,2,3
D_exchange_prior1_start11,56,2,0,0,2,2,2,3
D_exchange_prior1_start11,72,2,2,0,0,4,0,3
D_exchange_prior1_start12,8,0,0,2,2,0,4,3
D_exchange_prior1_start12,24,0,2,2,0,2,2,3
D_exchange_prior1_start12,56,2,0,0,2,2,2,3
D_exchange_prior1_start12,72,2,2,0,0,4,0,3
D_exchange_prior1_start13,8,0,0,2,2,0,4,3
D_exchange_prior1_start13,24,0,2,2,0,2,2,3
D_exchange_prior1_start13,56,2,0,0,2,2,2,3
D_exchange_prior1_start13,72,2,2,0,0,4,0,3
D_exchange_prior1_start14,8,0,0,2,2,0,4,3
D_exchange_prior1_start14,24,0,2,2,0,2,2,3
D_exchange_prior1_start14,56,2,0,0,2,2,2,3
D_exchange_prior1_start14,72,2,2,0,0,4,0,3
D_exchange_prior1_start15,8,0,0,2,2,0,4,3
D_exchange_prior1_start15,24,0,2,2,0,2,2,3
D_exchange_prior1_start15,56,2,0,0,2,2,2,3
D_exchange_prior1_start15,72,2,2,0,0,4,0,3
D_exchange_prior1_start16,8,0,0,2,2,0,4,3
D_exchange_prior1_start16,24,0,2,2,0,2,2,3
D_exchange_prior1_start16,56,2,0,0,2,2,2,3
D_exchange_prior1_start16,72,2,2,0,0,4,0,3
D_exchange_prior1_start17,8,0,0,2,2,0,4,3
D_exchange_prior1_start17,24,0,2,2,0,2,2,3
D_exchange_prior1_start17,56,2,0,0,2,2,2,3
D_exchange_prior1_start17,72,2,2,0,0,4,0,3
D_exchange_prior1_start18,8,0,0,2,2,0,4,3
D_exchange_prior1_start18,24,0,2,2,0,2,2,3
D_exchange_prior1_start18,56,2,0,0,2,2,2,3
D_exchange_prior1_start18,72,2,2,0,0,4,0,3
D_exchange_prior1_start19,8,0,0,2,2,0,4,3
D_exchange_prior1_start19,24,0,2,2,0,2,2,3
D_exchange_prior1_start19,56,2,0,0,2,2,2,3
D_exchange_prior1_start19,72,2,2,0,0,4,0,3
D_exchange_prior1_start20,8,0,0,2,2,0,4,3
D_exchange_prior1_start20,24,0,2,2,0,2,2,3
D_exchange_prior1_start20,56,2,0,0,2,2,2,3
D_exchange_prior1_start20,72,2,2,0,0,4,0,3
D_exchange_prior1_start21,8,0,0,2,2,0,4,3
D_exchange_prior1_start21,24,0,2,2,0,2,2,3
D_exchange_prior1_start21,56,2,0,0,2,2,2,3
D_exchange_prior1_start21,72,2,2,0,0,4,0,3
D_exchange_prior1_start22,8,0,0,2,2,0,4,3
D_exchange_prior1_start22,24,0,2,2,0,2,2,3
D_exchange_prior1_start22,56,2,0,0,2,2,2,3
D_exchange_prior1_start22,72,2,2,0,0,4,0,3
D_exchange_prior1_start23,8,0,0,2,2,0,4,3
D_exchange_prior1_start23,24,0,2,2,0,2,2,3
D_exchange_prior1_start23,56,2,0,0,2,2,2,3
D_exchange_prior1_start23,72,2,2,0,0,4,0,3
D_exchange_prior1_start24,8,0,0,2,2,0,4,3
D_exchange_prior1_start24,24,0,2,2,0,2,2,3
D_exchange_prior1_start24,56,2,0,0,2,2,2,3
D_exchange_prior1_start24,72,2,2,0,0,4,0,3
D_exchange_prior1_start25,8,0,0,2,2,0,4,3
D_exchange_prior1_start25,24,0,2,2,0,2,2,3
D_exchange_prior1_start25,56,2,0,0,2,2,2,3
D_exchange_prior1_start25,72,2,2,0,0,4,0,3
D_exchange_prior1_start26,8,0,0,2,2,0,4,3
D_exchange_prior1_start26,24,0,2,2,0,2,2,3
D_exchange_prior1_start26,56,2,0,0,2,2,2,3
D_exchange_prior1_start26,72,2,2,0,0,4,0,3
D_exchange_prior1_start27,8,0,0,2,2,0,4,3
D_exchange_prior1_start27,24,0,2,2,0,2,2,3
D_exchange_prior1_start27,56,2,0,0,2,2,2,3
D_exchange_prior1_start27,72,2,2,0,0,4,0,3
D_exchange_prior1_start28,8,0,0,2,2,0,4,3
D_exchange_prior1_start28,24,0,2,2,0,2,2,3
D_exchange_prior1_start28,56,2,0,0,2,2,2,3
D_exchange_prior1_start28,72,2,2,0,0,4,0,3
D_exchange_prior1_start29,8,0,0,2,2,0,4,3
D_exchange_prior1_start29,24,0,2,2,0,2,2,3
D_exchange_prior1_start29,56,2,0,0,2,2,2,3
D_exchange_prior1_start29,72,2,2,0,0,4,0,3
D_exchange_prior1_start30,8,0,0,2,2,0,4,3
D_exchange_prior1_start30,24,0,2,2,0,2,2,3
D_exchange_prior1_start30,56,2,0,0,2,2,2,3
D_exchange_prior1_start30,72,2,2,0,0,4,0,3
D_exchange_prior1_start31,8,0,0,2,2,0,4,3
D_exchange_prior1_start31,24,0,2,2,0,2,2,3
D_exchange_prior1_start31,56,2,0,0,2,2,2,3
D_exchange_prior1_start31,72,2,2,0,0,4,0,3
D_exchange_prior1_start32,8,0,0,2,2,0,4,3
D_exchange_prior1_start32,24,0,2,2,0,2,2,3
D_exchange_prior1_start32,56,2,0,0,2,2,2,3
D_exchange_prior1_start32,72,2,2,0,0,4,0,3
D_exchange_prior1_start33,8,0,0,2,2,0,4,3
D_exchange_prior1_start33,24,0,2,2,0,2,2,3
D_exchange_prior1_start33,56,2,0,0,2,2,2,3
D_exchange_prior1_start33,72,2,2,0,0,4,0,3
D_exchange_prior1_start34,8,0,0,2,2,0,4,3
D_exchange_prior1_start34,24,0,2,2,0,2,2,3
D_exchange_prior1_start34,56,2,0,0,2,2,2,3
D_exchange_prior1_start34,72,2,2,0,0,4,0,3
D_exchange_prior1_start35,8,0,0,2,2,0,4,3
D_exchange_prior1_start35,24,0,2,2,0,2,2,3
D_exchange_prior1_start35,56,2,0,0,2,2,2,3
D_exchange_prior1_start35,72,2,2,0,0,4,0,3
D_exchange_prior1_start36,8,0,0,2,2,0,4,3
D_exchange_prior1_start36,24,0,2,2,0,2,2,3
D_exchange_prior1_start36,56,2,0,0,2,2,2,3
D_exchange_prior1_start36,72,2,2,0,0,4,0,3
D_exchange_prior1_start37,8,0,0,2,2,0,4,3
D_exchange_prior1_start37,24,0,2,2,0,2,2,3
D_exchange_prior1_start37,56,2,0,0,2,2,2,3
D_exchange_prior1_start37,72,2,2,0,0,4,0,3
D_exchange_prior1_start38,8,0,0,2,2,0,4,3
D_exchange_prior1_start38,24,0,2,2,0,2,2,3
D_exchange_prior1_start38,56,2,0,0,2,2,2,3
D_exchange_prior1_start38,72,2,2,0,0,4,0,3
D_exchange_prior1_start39,8,0,0,2,2,0,4,3
D_exchange_prior1_start39,24,0,2,2,0,2,2,3
D_exchange_prior1_start39,56,2,0,0,2,2,2,3
D_exchange_prior1_start39,72,2,2,0,0,4,0,3
D_exchange_prior1_start40,8,0,0,2,2,0,4,3
D_exchange_prior1_start40,24,0,2,2,0,2,2,3
D_exchange_prior1_start40,56,2,0,0,2,2,2,3
D_exchange_prior1_start40,72,2,2,0,0,4,0,3
D_exchange_prior1_start41,8,0,0,2,2,0,4,3
D_exchange_prior1_start41,24,0,2,2,0,2,2,3
D_exchange_prior1_start41,56,2,0,0,2,2,2,3
D_exchange_prior1_start41,72,2,2,0,0,4,0,3
D_exchange_prior1_start42,8,0,0,2,2,0,4,3
D_exchange_prior1_start42,24,0,2,2,0,2,2,3
D_exchange_prior1_start42,56,2,0,0,2,2,2,3
D_exchange_prior1_start42,72,2,2,0,0,4,0,3
D_exchange_prior1_start43,8,0,0,2,2,0,4,3
D_exchange_prior1_start43,24,0,2,2,0,2,2,3
D_exchange_prior1_start43,56,2,0,0,2,2,2,3
D_exchange_prior1_start43,72,2,2,0,0,4,0,3
D_exchange_prior1_start44,8,0,0,2,2,0,4,3
D_exchange_prior1_start44,24,0,2,2,0,2,2,3
D_exchange_prior1_start44,56,2,0,0,2,2,2,3
D_exchange_prior1_start44,72,2,2,0,0,4,0,3
D_exchange_prior1_start45,8,0,0,2,2,0,4,3
D_exchange_prior1_start45,24,0,2,2,0,2,2,3
D_exchange_prior1_start45,56,2,0,0,2,2,2,3
D_exchange_prior1_start45,72,2,2,0,0,4,0,3
D_exchange_prior1_start46,8,0,0,2,2,0,4,3
D_exchange_prior1_start46,24,0,2,2,0,2,2,3
D_exchange_prior1_start46,56,2,0,0,2,2,2,3
D_exchange_prior1_start46,72,2,2,0,0,4,0,3
D_exchange_prior1_start47,8,0,0,2,2,0,4,3
D_exchange_prior1_start47,24,0,2,2,0,2,2,3
D_exchange_prior1_start47,56,2,0,0,2,2,2,3
D_exchange_prior1_start47,72,2,2,0,0,4,0,3
D_exchange_prior1_start48,8,0,0,2,2,0,4,3
D_exchange_prior1_start48,24,0,2,2,0,2,2,3
D_exchange_prior1_start48,56,2,0,0,2,2,2,3
D_exchange_prior1_start48,72,2,2,0,0,4,0,3
D_exchange_prior1_start49,8,0,0,2,2,0,4,3
D_exchange_prior1_start49,24,0,2,2,0,2,2,3
D_exchange_prior1_start49,56,2,0,0,2,2,2,3
D_exchange_prior1_start49,72,2,2,0,0,4,0,3
D_exchange_prior1_best_plus_one,8,0,0,2,2,0,4,3
D_exchange_prior1_best_plus_one,24,0,2,2,0,2,2,3
D_exchange_prior1_best_plus_one,56,2,0,0,2,2,2,3
D_exchange_prior1_best_plus_one,58,2,0,1,1,2,2,1
D_exchange_prior1_best_plus_one,72,2,2,0,0,4,0,3
D_exchange_prior2_start00,8,0,0,2,2,0,4,3
D_exchange_prior2_start00,24,0,2,2,0,2,2,3
D_exchange_prior2_start00,56,2,0,0,2,2,2,3
D_exchange_prior2_start00,72,2,2,0,0,4,0,3
D_exchange_prior2_start01,8,0,0,2,2,0,4,3
D_exchange_prior2_start01,24,0,2,2,0,2,2,3
D_exchange_prior2_start01,56,2,0,0,2,2,2,3
D_exchange_prior2_start01,72,2,2,0,0,4,0,3
D_exchange_prior2_start02,8,0,0,2,2,0,4,3
D_exchange_prior2_start02,24,0,2,2,0,2,2,3
D_exchange_prior2_start02,56,2,0,0,2,2,2,3
D_exchange_prior2_start02,72,2,2,0,0,4,0,3
D_exchange_prior2_start03,8,0,0,2,2,0,4,3
D_exchange_prior2_start03,24,0,2,2,0,2,2,3
D_exchange_prior2_start03,56,2,0,0,2,2,2,3
D_exchange_prior2_start03,72,2,2,0,0,4,0,3
D_exchange_prior2_start04,8,0,0,2,2,0,4,3
D_exchange_prior2_start04,24,0,2,2,0,2,2,3
D_exchange_prior2_start04,56,2,0,0,2,2,2,3
D_exchange_prior2_start04,72,2,2,0,0,4,0,3
D_exchange_prior2_start05,8,0,0,2,2,0,4,3
D_exchange_prior2_start05,24,0,2,2,0,2,2,3
D_exchange_prior2_start05,56,2,0,0,2,2,2,3
D_exchange_prior2_start05,72,2,2,0,0,4,0,3
D_exchange_prior2_start06,8,0,0,2,2,0,4,3
D_exchange_prior2_start06,24,0,2,2,0,2,2,3
D_exchange_prior2_start06,56,2,0,0,2,2,2,3
D_exchange_prior2_start06,72,2,2,0,0,4,0,3
D_exchange_prior2_start07,8,0,0,2,2,0,4,3
D_exchange_prior2_start07,24,0,2,2,0,2,2,3
D_exchange_prior2_start07,56,2,0,0,2,2,2,3
D_exchange_prior2_start07,72,2,2,0,0,4,0,3
D_exchange_prior2_start08,8,0,0,2,2,0,4,3
D_exchange_prior2_start08,24,0,2,2,0,2,2,3
D_exchange_prior2_start08,56,2,0,0,2,2,2,3
D_exchange_prior2_start08,72,2,2,0,0,4,0,3
D_exchange_prior2_start09,8,0,0,2,2,0,4,3
D_exchange_prior2_start09,24,0,2,2,0,2,2,3
D_exchange_prior2_start09,56,2,0,0,2,2,2,3
D_exchange_prior2_start09,72,2,2,0,0,4,0,3
D_exchange_prior2_start10,8,0,0,2,2,0,4,3
D_exchange_prior2_start10,24,0,2,2,0,2,2,3
D_exchange_prior2_start10,56,2,0,0,2,2,2,3
D_exchange_prior2_start10,72,2,2,0,0,4,0,3
D_exchange_prior2_start11,8,0,0,2,2,0,4,3
D_exchange_prior2_start11,24,0,2,2,0,2,2,3
D_exchange_prior2_start11,56,2,0,0,2,2,2,3
D_exchange_prior2_start11,72,2,2,0,0,4,0,3
D_exchange_prior2_start12,8,0,0,2,2,0,4,3
D_exchange_prior2_start12,24,0,2,2,0,2,2,3
D_exchange_prior2_start12,56,2,0,0,2,2,2,3
D_exchange_prior2_start12,72,2,2,0,0,4,0,3
D_exchange_prior2_start13,8,0,0,2,2,0,4,3
D_exchange_prior2_start13,24,0,2,2,0,2,2,3
D_exchange_prior2_start13,56,2,0,0,2,2,2,3
D_exchange_prior2_start13,72,2,2,0,0,4,0,3
D_exchange_prior2_start14,8,0,0,2,2,0,4,3
D_exchange_prior2_start14,24,0,2,2,0,2,2,3
D_exchange_prior2_start14,56,2,0,0,2,2,2,3
D_exchange_prior2_start14,72,2,2,0,0,4,0,3
D_exchange_prior2_start15,8,0,0,2,2,0,4,3
D_exchange_prior2_start15,24,0,2,2,0,2,2,3
D_exchange_prior2_start15,56,2,0,0,2,2,2,3
D_exchange_prior2_start15,72,2,2,0,0,4,0,3
D_exchange_prior2_start16,8,0,0,2,2,0,4,3
D_exchange_prior2_start16,24,0,2,2,0,2,2,3
D_exchange_prior2_start16,56,2,0,0,2,2,2,3
D_exchange_prior2_start16,72,2,2,0,0,4,0,3
D_exchange_prior2_start17,8,0,0,2,2,0,4,3
D_exchange_prior2_start17,24,0,2,2,0,2,2,3
D_exchange_prior2_start17,56,2,0,0,2,2,2,3
D_exchange_prior2_start17,72,2,2,0,0,4,0,3
D_exchange_prior2_start18,8,0,0,2,2,0,4,3
D_exchange_prior2_start18,24,0,2,2,0,2,2,3
D_exchange_prior2_start18,56,2,0,0,2,2,2,3
D_exchange_prior2_start18,72,2,2,0,0,4,0,3
D_exchange_prior2_start19,8,0,0,2,2,0,4,3
D_exchange_prior2_start19,24,0,2,2,0,2,2,3
D_exchange_prior2_start19,56,2,0,0,2,2,2,3
D_exchange_prior2_start19,72,2,2,0,0,4,0,3
D_exchange_prior2_start20,8,0,0,2,2,0,4,3
D_exchange_prior2_start20,24,0,2,2,0,2,2,3
D_exchange_prior2_start20,56,2,0,0,2,2,2,3
D_exchange_prior2_start20,72,2,2,0,0,4,0,3
D_exchange_prior2_start21,8,0,0,2,2,0,4,3
D_exchange_prior2_start21,24,0,2,2,0,2,2,3
D_exchange_prior2_start21,56,2,0,0,2,2,2,3
D_exchange_prior2_start21,72,2,2,0,0,4,0,3
D_exchange_prior2_start22,8,0,0,2,2,0,4,3
D_exchange_prior2_start22,24,0,2,2,0,2,2,3
D_exchange_prior2_start22,56,2,0,0,2,2,2,3
D_exchange_prior2_start22,72,2,2,0,0,4,0,3
D_exchange_prior2_start23,8,0,0,2,2,0,4,3
D_exchange_prior2_start23,24,0,2,2,0,2,2,3
D_exchange_prior2_start23,56,2,0,0,2,2,2,3
D_exchange_prior2_start23,72,2,2,0,0,4,0,3
D_exchange_prior2_start24,8,0,0,2,2,0,4,3
D_exchange_prior2_start24,24,0,2,2,0,2,2,3
D_exchange_prior2_start24,56,2,0,0,2,2,2,3
D_exchange_prior2_start24,72,2,2,0,0,4,0,3
D_exchange_prior2_start25,8,0,0,2,2,0,4,3
D_exchange_prior2_start25,24,0,2,2,0,2,2,3
D_exchange_prior2_start25,56,2,0,0,2,2,2,3
D_exchange_prior2_start25,72,2,2,0,0,4,0,3
D_exchange_prior2_start26,8,0,0,2,2,0,4,3
D_exchange_prior2_start26,24,0,2,2,0,2,2,3
D_exchange_prior2_start26,56,2,0,0,2,2,2,3
D_exchange_prior2_start26,72,2,2,0,0,4,0,3
D_exchange_prior2_start27,8,0,0,2,2,0,4,3
D_exchange_prior2_start27,24,0,2,2,0,2,2,3
D_exchange_prior2_start27,56,2,0,0,2,2,2,3
D_exchange_prior2_start27,72,2,2,0,0,4,0,3
D_exchange_prior2_start28,8,0,0,2,2,0,4,3
D_exchange_prior2_start28,24,0,2,2,0,2,2,3
D_exchange_prior2_start28,56,2,0,0,2,2,2,3
D_exchange_prior2_start28,72,2,2,0,0,4,0,3
D_exchange_prior2_start29,8,0,0,2,2,0,4,3
D_exchange_prior2_start29,24,0,2,2,0,2,2,3
D_exchange_prior2_start29,56,2,0,0,2,2,2,3
D_exchange_prior2_start29,72,2,2,0,0,4,0,3
D_exchange_prior2_start30,8,0,0,2,2,0,4,3
D_exchange_prior2_start30,24,0,2,2,0,2,2,3
D_exchange_prior2_start30,56,2,0,0,2,2,2,3
D_exchange_prior2_start30,72,2,2,0,0,4,0,3
D_exchange_prior2_start31,8,0,0,2,2,0,4,3
D_exchange_prior2_start31,24,0,2,2,0,2,2,3
D_exchange_prior2_start31,56,2,0,0,2,2,2,3
D_exchange_prior2_start31,72,2,2,0,0,4,0,3
D_exchange_prior2_start32,8,0,0,2,2,0,4,3
D_exchange_prior2_start32,24,0,2,2,0,2,2,3
D_exchange_prior2_start32,56,2,0,0,2,2,2,3
D_exchange_prior2_start32,72,2,2,0,0,4,0,3
D_exchange_prior2_start33,8,0,0,2,2,0,4,3
D_exchange_prior2_start33,24,0,2,2,0,2,2,3
D_exchange_prior2_start33,56,2,0,0,2,2,2,3
D_exchange_prior2_start33,72,2,2,0,0,4,0,3
D_exchange_prior2_start34,8,0,0,2,2,0,4,3
D_exchange_prior2_start34,24,0,2,2,0,2,2,3
D_exchange_prior2_start34,56,2,0,0,2,2,2,3
D_exchange_prior2_start34,72,2,2,0,0,4,0,3
D_exchange_prior2_start35,8,0,0,2,2,0,4,3
D_exchange_prior2_start35,24,0,2,2,0,2,2,3
D_exchange_prior2_start35,56,2,0,0,2,2,2,3
D_exchange_prior2_start35,72,2,2,0,0,4,0,3
D_exchange_prior2_start36,8,0,0,2,2,0,4,3
D_exchange_prior2_start36,24,0,2,2,0,2,2,3
D_exchange_prior2_start36,56,2,0,0,2,2,2,3
D_exchange_prior2_start36,72,2,2,0,0,4,0,3
D_exchange_prior2_start37,8,0,0,2,2,0,4,3
D_exchange_prior2_start37,24,0,2,2,0,2,2,3
D_exchange_prior2_start37,56,2,0,0,2,2,2,3
D_exchange_prior2_start37,72,2,2,0,0,4,0,3
D_exchange_prior2_start38,8,0,0,2,2,0,4,3
D_exchange_prior2_start38,24,0,2,2,0,2,2,3
D_exchange_prior2_start38,56,2,0,0,2,2,2,3
D_exchange_prior2_start38,72,2,2,0,0,4,0,3
D_exchange_prior2_start39,8,0,0,2,2,0,4,3
D_exchange_prior2_start39,24,0,2,2,0,2,2,3
D_exchange_prior2_start39,56,2,0,0,2,2,2,3
D_exchange_prior2_start39,72,2,2,0,0,4,0,3
D_exchange_prior2_start40,8,0,0,2,2,0,4,3
D_exchange_prior2_start40,24,0,2,2,0,2,2,3
D_exchange_prior2_start40,56,2,0,0,2,2,2,3
D_exchange_prior2_start40,72,2,2,0,0,4,0,3
D_exchange_prior2_start41,8,0,0,2,2,0,4,3
D_exchange_prior2_start41,24,0,2,2,0,2,2,3
D_exchange_prior2_start41,56,2,0,0,2,2,2,3
D_exchange_prior2_start41,72,2,2,0,0,4,0,3
D_exchange_prior2_start42,8,0,0,2,2,0,4,3
D_exchange_prior2_start42,24,0,2,2,0,2,2,3
D_exchange_prior2_start42,56,2,0,0,2,2,2,3
D_exchange_prior2_start42,72,2,2,0,0,4,0,3
D_exchange_prior2_start43,8,0,0,2,2,0,4,3
D_exchange_prior2_start43,24,0,2,2,0,2,2,3
D_exchange_prior2_start43,56,2,0,0,2,2,2,3
D_exchange_prior2_start43,72,2,2,0,0,4,0,3
D_exchange_prior2_start44,8,0,0,2,2,0,4,3
D_exchange_prior2_start44,24,0,2,2,0,2,2,3
D_exchange_prior2_start44,56,2,0,0,2,2,2,3
D_exchange_prior2_start44,72,2,2,0,0,4,0,3
D_exchange_prior2_start45,8,0,0,2,2,0,4,3
D_exchange_prior2_start45,24,0,2,2,0,2,2,3
D_exchange_prior2_start45,56,2,0,0,2,2,2,3
D_exchange_prior2_start45,72,2,2,0,0,4,0,3
D_exchange_prior2_start46,8,0,0,2,2,0,4,3
D_exchange_prior2_start46,24,0,2,2,0,2,2,3
D_exchange_prior2_start46,56,2,0,0,2,2,2,3
D_exchange_prior2_start46,72,2,2,0,0,4,0,3
D_exchange_prior2_start47,8,0,0,2,2,0,4,3
D_exchange_prior2_start47,24,0,2,2,0,2,2,3
D_exchange_prior2_start47,56,2,0,0,2,2,2,3
D_exchange_prior2_start47,72,2,2,0,0,4,0,3
D_exchange_prior2_start48,8,0,0,2,2,0,4,3
D_exchange_prior2_start48,24,0,2,2,0,2,2,3
D_exchange_prior2_start48,56,2,0,0,2,2,2,3
D_exchange_prior2_start48,72,2,2,0,0,4,0,3
D_exchange_prior2_start49,8,0,0,2,2,0,4,3
D_exchange_prior2_start49,24,0,2,2,0,2,2,3
D_exchange_prior2_start49,56,2,0,0,2,2,2,3
D_exchange_prior2_start49,72,2,2,0,0,4,0,3
D_exchange_prior2_best_plus_one,8,0,0,2,2,0,4,3
D_exchange_prior2_best_plus_one,24,0,2,2,0,2,2,3
D_exchange_prior2_best_plus_one,56,2,0,0,2,2,2,3
D_exchange_prior2_best_plus_one,58,2,0,1,1,2,2,1
D_exchange_prior2_best_plus_one,72,2,2,0,0,4,0,3
full_3x3_menu_factorial,0,0,0,0,0,0,0,1
full_3x3_menu_factorial,1,0,0,0,1,0,1,1
full_3x3_menu_factorial,2,0,0,0,2,0,2,1
full_3x3_menu_factorial,3,0,0,1,0,0,1,1
full_3x3_menu_factorial,4,0,0,1,1,0,2,1
full_3x3_menu_factorial,5,0,0,1,2,0,3,1
full_3x3_menu_factorial,6,0,0,2,0,0,2,1
full_3x3_menu_factorial,7,0,0,2,1,0,3,1
full_3x3_menu_factorial,8,0,0,2,2,0,4,1
full_3x3_menu_factorial,9,0,1,0,0,1,0,1
full_3x3_menu_factorial,10,0,1,0,1,1,1,1
full_3x3_menu_factorial,11,0,1,0,2,1,2,1
full_3x3_menu_factorial,12,0,1,1,0,1,1,1
full_3x3_menu_factorial,13,0,1,1,1,1,2,1
full_3x3_menu_factorial,14,0,1,1,2,1,3,1
full_3x3_menu_factorial,15,0,1,2,0,1,2,1
full_3x3_menu_factorial,16,0,1,2,1,1,3,1
full_3x3_menu_factorial,17,0,1,2,2,1,4,1
full_3x3_menu_factorial,18,0,2,0,0,2,0,1
full_3x3_menu_factorial,19,0,2,0,1,2,1,1
full_3x3_menu_factorial,20,0,2,0,2,2,2,1
full_3x3_menu_factorial,21,0,2,1,0,2,1,1
full_3x3_menu_factorial,22,0,2,1,1,2,2,1
full_3x3_menu_factorial,23,0,2,1,2,2,3,1
full_3x3_menu_factorial,24,0,2,2,0,2,2,1
full_3x3_menu_factorial,25,0,2,2,1,2,3,1
full_3x3_menu_factorial,26,0,2,2,2,2,4,1
full_3x3_menu_factorial,27,1,0,0,0,1,0,1
full_3x3_menu_factorial,28,1,0,0,1,1,1,1
full_3x3_menu_factorial,29,1,0,0,2,1,2,1
full_3x3_menu_factorial,30,1,0,1,0,1,1,1
full_3x3_menu_factorial,31,1,0,1,1,1,2,1
full_3x3_menu_factorial,32,1,0,1,2,1,3,1
full_3x3_menu_factorial,33,1,0,2,0,1,2,1
full_3x3_menu_factorial,34,1,0,2,1,1,3,1
full_3x3_menu_factorial,35,1,0,2,2,1,4,1
full_3x3_menu_factorial,36,1,1,0,0,2,0,1
full_3x3_menu_factorial,37,1,1,0,1,2,1,1
full_3x3_menu_factorial,38,1,1,0,2,2,2,1
full_3x3_menu_factorial,39,1,1,1,0,2,1,1
full_3x3_menu_factorial,40,1,1,1,1,2,2,1
full_3x3_menu_factorial,41,1,1,1,2,2,3,1
full_3x3_menu_factorial,42,1,1,2,0,2,2,1
full_3x3_menu_factorial,43,1,1,2,1,2,3,1
full_3x3_menu_factorial,44,1,1,2,2,2,4,1
full_3x3_menu_factorial,45,1,2,0,0,3,0,1
full_3x3_menu_factorial,46,1,2,0,1,3,1,1
full_3x3_menu_factorial,47,1,2,0,2,3,2,1
full_3x3_menu_factorial,48,1,2,1,0,3,1,1
full_3x3_menu_factorial,49,1,2,1,1,3,2,1
full_3x3_menu_factorial,50,1,2,1,2,3,3,1
full_3x3_menu_factorial,51,1,2,2,0,3,2,1
full_3x3_menu_factorial,52,1,2,2,1,3,3,1
full_3x3_menu_factorial,53,1,2,2,2,3,4,1
full_3x3_menu_factorial,54,2,0,0,0,2,0,1
full_3x3_menu_factorial,55,2,0,0,1,2,1,1
full_3x3_menu_factorial,56,2,0,0,2,2,2,1
full_3x3_menu_factorial,57,2,0,1,0,2,1,1
full_3x3_menu_factorial,58,2,0,1,1,2,2,1
full_3x3_menu_factorial,59,2,0,1,2,2,3,1
full_3x3_menu_factorial,60,2,0,2,0,2,2,1
full_3x3_menu_factorial,61,2,0,2,1,2,3,1
full_3x3_menu_factorial,62,2,0,2,2,2,4,1
full_3x3_menu_factorial,63,2,1,0,0,3,0,1
full_3x3_menu_factorial,64,2,1,0,1,3,1,1
full_3x3_menu_factorial,65,2,1,0,2,3,2,1
full_3x3_menu_factorial,66,2,1,1,0,3,1,1
full_3x3_menu_factorial,67,2,1,1,1,3,2,1
full_3x3_menu_factorial,68,2,1,1,2,3,3,1
full_3x3_menu_factorial,69,2,1,2,0,3,2,1
full_3x3_menu_factorial,70,2,1,2,1,3,3,1
full_3x3_menu_factorial,71,2,1,2,2,3,4,1
full_3x3_menu_factorial,72,2,2,0,0,4,0,1
full_3x3_menu_factorial,73,2,2,0,1,4,1,1
full_3x3_menu_factorial,74,2,2,0,2,4,2,1
full_3x3_menu_factorial,75,2,2,1,0,4,1,1
full_3x3_menu_factorial,76,2,2,1,1,4,2,1
full_3x3_menu_factorial,77,2,2,1,2,4,3,1
full_3x3_menu_factorial,78,2,2,2,0,4,2,1
full_3x3_menu_factorial,79,2,2,2,1,4,3,1
full_3x3_menu_factorial,80,2,2,2,2,4,4,1
