condition,respondents,eta,replications,randomization_reps,support_complete_rejection_rate,support_complete_ci_low,support_complete_ci_high,complete_fibre_lr_rejection_rate,complete_fibre_lr_ci_low,complete_fibre_lr_ci_high
null,200,0.0,500,499,0.066,0.04737852635977387,0.09123940116085351,0.066,0.04737852635977387,0.09123940116085351
hidden_orthogonal,200,0.05,500,499,0.074,0.054161184751011976,0.10033475332223055,0.076,0.055869027037427826,0.10259641367396849
hidden_orthogonal,200,0.1,500,499,0.212,0.17843950428829852,0.24995211581755555,0.208,0.17471631170962926,0.24573630311991723
hidden_orthogonal,200,0.15,500,499,0.408,0.3657823909308153,0.45162048771411034,0.404,0.36187922469306827,0.44758464867554987
hidden_orthogonal,200,0.2,500,499,0.622,0.5787204544668169,0.6634192064605645,0.616,0.5726388276307122,0.6575923253822078
hidden_orthogonal,200,0.3,500,499,0.938,0.9133402868983618,0.9559807908573184,0.938,0.9133402868983618,0.9559807908573184
hidden_orthogonal,200,0.45,500,499,1.0,0.9923756595384479,1.0,1.0,0.9923756595384479,1.0
null,400,0.0,500,499,0.044,0.02923395562860718,0.06571944287232845,0.044,0.02923395562860718,0.06571944287232845
hidden_orthogonal,400,0.05,500,499,0.112,0.08726280019410226,0.1426536880040623,0.114,0.08903690099400285,0.1448490898423155
hidden_orthogonal,400,0.1,500,499,0.32,0.28061775068949024,0.3621270118766686,0.322,0.2825360924255015,0.36417817277881126
hidden_orthogonal,400,0.15,500,499,0.67,0.6276256239722534,0.709782100270819,0.664,0.62148722415566,0.704011992172951
hidden_orthogonal,400,0.2,500,499,0.93,0.9042028101480832,0.949240257054982,0.926,0.8996652466777695,0.945838815248988
hidden_orthogonal,400,0.3,500,499,1.0,0.9923756595384479,1.0,1.0,0.9923756595384479,1.0
hidden_orthogonal,400,0.45,500,499,1.0,0.9923756595384479,1.0,1.0,0.9923756595384479,1.0
null,800,0.0,500,499,0.038,0.024460118055830385,0.05858477253064388,0.038,0.024460118055830385,0.05858477253064388
hidden_orthogonal,800,0.05,500,499,0.168,0.13778823297684417,0.20327432908962656,0.17,0.13962036610396117,0.20541169860066333
hidden_orthogonal,800,0.1,500,499,0.616,0.5726388276307122,0.6575923253822078,0.614,0.5706131270887722,0.6556485232859939
hidden_orthogonal,800,0.15,500,499,0.936,0.911047591162316,0.9543039839552107,0.936,0.911047591162316,0.9543039839552107
hidden_orthogonal,800,0.2,500,499,1.0,0.9923756595384479,1.0,1.0,0.9923756595384479,1.0
hidden_orthogonal,800,0.3,500,499,1.0,0.9923756595384479,1.0,1.0,0.9923756595384479,1.0
hidden_orthogonal,800,0.45,500,499,1.0,0.9923756595384479,1.0,1.0,0.9923756595384479,1.0
