condition,rep,score_pvalue,saturated_lr_pvalue,score_reject,saturated_lr_reject
null,0,0.708,0.752,0,0
null,1,0.236,0.308,0,0
null,2,0.018,0.014,1,1
null,3,0.08,0.078,0,0
null,4,0.544,0.476,0,0
null,5,0.05,0.042,0,1
null,6,0.118,0.132,0,0
null,7,0.112,0.124,0,0
null,8,0.518,0.55,0,0
null,9,0.02,0.038,1,1
null,10,0.41,0.37,0,0
null,11,0.09,0.124,0,0
null,12,0.958,0.976,0,0
null,13,0.414,0.472,0,0
null,14,0.874,0.888,0,0
null,15,0.88,0.876,0,0
null,16,0.224,0.192,0,0
null,17,0.714,0.714,0,0
null,18,0.306,0.31,0,0
null,19,0.126,0.138,0,0
null,20,0.65,0.682,0,0
null,21,0.02,0.018,1,1
null,22,0.602,0.722,0,0
null,23,0.64,0.67,0,0
null,24,0.706,0.702,0,0
null,25,0.1,0.106,0,0
null,26,0.428,0.42,0,0
null,27,0.772,0.782,0,0
null,28,0.19,0.262,0,0
null,29,0.136,0.092,0,0
null,30,0.244,0.216,0,0
null,31,0.136,0.116,0,0
null,32,0.246,0.272,0,0
null,33,0.996,0.996,0,0
null,34,0.752,0.814,0,0
null,35,0.082,0.05,0,0
null,36,0.476,0.514,0,0
null,37,0.272,0.234,0,0
null,38,0.578,0.602,0,0
null,39,0.486,0.492,0,0
null,40,0.156,0.18,0,0
null,41,0.908,0.914,0,0
null,42,0.178,0.188,0,0
null,43,0.946,0.954,0,0
null,44,0.844,0.81,0,0
null,45,0.994,0.992,0,0
null,46,0.806,0.772,0,0
null,47,0.9,0.932,0,0
null,48,0.786,0.804,0,0
null,49,0.438,0.486,0,0
null,50,0.834,0.788,0,0
null,51,0.652,0.666,0,0
null,52,0.352,0.388,0,0
null,53,0.066,0.102,0,0
null,54,0.41,0.434,0,0
null,55,0.596,0.644,0,0
null,56,0.864,0.828,0,0
null,57,0.398,0.436,0,0
null,58,0.532,0.524,0,0
null,59,0.906,0.868,0,0
null,60,0.342,0.34,0,0
null,61,0.128,0.092,0,0
null,62,0.172,0.134,0,0
null,63,0.15,0.19,0,0
null,64,0.706,0.72,0,0
null,65,0.714,0.72,0,0
null,66,0.018,0.032,1,1
null,67,0.244,0.226,0,0
null,68,0.696,0.668,0,0
null,69,0.652,0.614,0,0
null,70,0.582,0.56,0,0
null,71,0.754,0.814,0,0
null,72,0.058,0.056,0,0
null,73,0.936,0.888,0,0
null,74,0.014,0.014,1,1
null,75,0.332,0.304,0,0
null,76,0.828,0.888,0,0
null,77,0.968,0.972,0,0
null,78,0.496,0.486,0,0
null,79,0.834,0.866,0,0
null,80,0.648,0.672,0,0
null,81,0.372,0.308,0,0
null,82,0.252,0.232,0,0
null,83,0.522,0.52,0,0
null,84,0.08,0.102,0,0
null,85,0.872,0.884,0,0
null,86,0.224,0.216,0,0
null,87,0.742,0.756,0,0
null,88,0.8,0.782,0,0
null,89,0.236,0.204,0,0
null,90,0.282,0.336,0,0
null,91,0.25,0.26,0,0
null,92,0.734,0.748,0,0
null,93,0.594,0.598,0,0
null,94,0.378,0.508,0,0
null,95,0.496,0.564,0,0
null,96,0.516,0.556,0,0
null,97,0.91,0.894,0,0
null,98,0.184,0.188,0,0
null,99,0.042,0.086,1,0
null,100,0.04,0.024,1,1
null,101,0.31,0.266,0,0
null,102,0.18,0.176,0,0
null,103,0.46,0.534,0,0
null,104,0.642,0.652,0,0
null,105,0.026,0.034,1,1
null,106,0.964,0.958,0,0
null,107,0.356,0.424,0,0
null,108,0.722,0.69,0,0
null,109,0.75,0.804,0,0
null,110,0.214,0.224,0,0
null,111,0.108,0.094,0,0
null,112,0.682,0.662,0,0
null,113,0.814,0.874,0,0
null,114,0.526,0.494,0,0
null,115,0.874,0.862,0,0
null,116,0.272,0.25,0,0
null,117,0.152,0.124,0,0
null,118,0.594,0.604,0,0
null,119,0.714,0.772,0,0
null,120,0.536,0.47,0,0
null,121,0.122,0.11,0,0
null,122,0.356,0.362,0,0
null,123,0.59,0.62,0,0
null,124,0.9,0.874,0,0
null,125,0.004,0.024,1,1
null,126,0.668,0.732,0,0
null,127,0.974,0.982,0,0
null,128,0.066,0.084,0,0
null,129,0.056,0.06,0,0
null,130,0.996,0.98,0,0
null,131,0.288,0.312,0,0
null,132,0.622,0.608,0,0
null,133,0.25,0.262,0,0
null,134,0.438,0.438,0,0
null,135,0.352,0.454,0,0
null,136,0.08,0.098,0,0
null,137,0.918,0.898,0,0
null,138,0.338,0.396,0,0
null,139,0.178,0.212,0,0
null,140,0.658,0.634,0,0
null,141,0.398,0.406,0,0
null,142,0.804,0.758,0,0
null,143,0.9,0.922,0,0
null,144,0.28,0.332,0,0
null,145,0.42,0.322,0,0
null,146,0.5,0.43,0,0
null,147,0.728,0.7,0,0
null,148,0.496,0.534,0,0
null,149,0.998,0.996,0,0
null,150,0.134,0.168,0,0
null,151,0.258,0.288,0,0
null,152,0.258,0.278,0,0
null,153,0.084,0.066,0,0
null,154,0.526,0.458,0,0
null,155,0.71,0.718,0,0
null,156,0.298,0.312,0,0
null,157,0.64,0.692,0,0
null,158,0.238,0.214,0,0
null,159,0.892,0.866,0,0
null,160,0.286,0.246,0,0
null,161,0.498,0.502,0,0
null,162,0.564,0.61,0,0
null,163,0.784,0.834,0,0
null,164,0.766,0.772,0,0
null,165,0.186,0.18,0,0
null,166,0.796,0.784,0,0
null,167,0.402,0.366,0,0
null,168,0.006,0.008,1,1
null,169,0.76,0.794,0,0
null,170,0.276,0.264,0,0
null,171,0.282,0.262,0,0
null,172,0.062,0.046,0,1
null,173,0.76,0.798,0,0
null,174,0.894,0.87,0,0
null,175,0.742,0.79,0,0
null,176,0.116,0.14,0,0
null,177,0.88,0.854,0,0
null,178,0.552,0.544,0,0
null,179,0.938,0.898,0,0
null,180,0.942,0.938,0,0
null,181,0.878,0.858,0,0
null,182,0.496,0.556,0,0
null,183,0.752,0.676,0,0
null,184,0.828,0.812,0,0
null,185,0.116,0.146,0,0
null,186,0.754,0.758,0,0
null,187,0.61,0.668,0,0
null,188,0.968,0.966,0,0
null,189,0.282,0.352,0,0
null,190,0.114,0.09,0,0
null,191,0.806,0.784,0,0
null,192,0.524,0.544,0,0
null,193,0.336,0.388,0,0
null,194,0.49,0.494,0,0
null,195,0.678,0.652,0,0
null,196,0.942,0.948,0,0
null,197,0.194,0.186,0,0
null,198,0.008,0.012,1,1
null,199,0.092,0.072,0,0
null,200,0.638,0.684,0,0
null,201,0.898,0.896,0,0
null,202,0.392,0.414,0,0
null,203,0.924,0.952,0,0
null,204,0.15,0.166,0,0
null,205,0.484,0.528,0,0
null,206,0.326,0.358,0,0
null,207,0.938,0.948,0,0
null,208,0.046,0.044,1,1
null,209,0.354,0.34,0,0
null,210,0.536,0.514,0,0
null,211,0.81,0.84,0,0
null,212,0.846,0.834,0,0
null,213,0.734,0.81,0,0
null,214,0.396,0.404,0,0
null,215,0.838,0.838,0,0
null,216,0.046,0.042,1,1
null,217,0.774,0.812,0,0
null,218,0.088,0.08,0,0
null,219,0.054,0.062,0,0
null,220,0.044,0.084,1,0
null,221,0.926,0.958,0,0
null,222,0.964,0.942,0,0
null,223,0.566,0.61,0,0
null,224,0.054,0.044,0,1
null,225,0.008,0.006,1,1
null,226,0.212,0.166,0,0
null,227,0.524,0.522,0,0
null,228,0.33,0.338,0,0
null,229,0.052,0.044,0,1
null,230,0.006,0.01,1,1
null,231,0.126,0.11,0,0
null,232,0.892,0.898,0,0
null,233,0.716,0.69,0,0
null,234,0.792,0.798,0,0
null,235,0.96,0.954,0,0
null,236,0.596,0.584,0,0
null,237,0.702,0.822,0,0
null,238,0.844,0.806,0,0
null,239,0.312,0.286,0,0
null,240,0.59,0.648,0,0
null,241,0.056,0.058,0,0
null,242,0.792,0.8,0,0
null,243,0.068,0.076,0,0
null,244,0.652,0.68,0,0
null,245,0.54,0.504,0,0
null,246,0.054,0.064,0,0
null,247,0.282,0.274,0,0
null,248,0.092,0.092,0,0
null,249,0.66,0.584,0,0
null,250,0.898,0.846,0,0
null,251,0.24,0.308,0,0
null,252,0.674,0.702,0,0
null,253,0.54,0.474,0,0
null,254,0.544,0.51,0,0
null,255,0.894,0.942,0,0
null,256,0.5,0.528,0,0
null,257,0.022,0.012,1,1
null,258,0.362,0.394,0,0
null,259,0.748,0.668,0,0
null,260,0.202,0.144,0,0
null,261,0.424,0.48,0,0
null,262,0.438,0.41,0,0
null,263,0.724,0.764,0,0
null,264,0.232,0.274,0,0
null,265,0.676,0.704,0,0
null,266,0.498,0.386,0,0
null,267,0.282,0.25,0,0
null,268,0.906,0.874,0,0
null,269,0.458,0.39,0,0
null,270,0.85,0.858,0,0
null,271,0.454,0.488,0,0
null,272,0.918,0.898,0,0
null,273,0.358,0.278,0,0
null,274,0.362,0.32,0,0
null,275,0.788,0.792,0,0
null,276,0.828,0.794,0,0
null,277,0.576,0.522,0,0
null,278,0.71,0.724,0,0
null,279,0.188,0.238,0,0
null,280,0.226,0.25,0,0
null,281,0.798,0.822,0,0
null,282,0.284,0.278,0,0
null,283,0.806,0.77,0,0
null,284,0.086,0.088,0,0
null,285,0.138,0.138,0,0
null,286,0.284,0.372,0,0
null,287,0.19,0.156,0,0
null,288,0.002,0.004,1,1
null,289,0.21,0.184,0,0
null,290,0.644,0.682,0,0
null,291,0.528,0.49,0,0
null,292,0.882,0.882,0,0
null,293,0.598,0.582,0,0
null,294,0.984,0.98,0,0
null,295,0.894,0.874,0,0
null,296,0.548,0.59,0,0
null,297,0.484,0.518,0,0
null,298,0.802,0.826,0,0
null,299,0.252,0.302,0,0
null,300,0.538,0.584,0,0
null,301,0.594,0.69,0,0
null,302,0.708,0.742,0,0
null,303,0.772,0.79,0,0
null,304,0.272,0.208,0,0
null,305,0.782,0.776,0,0
null,306,0.164,0.15,0,0
null,307,0.412,0.412,0,0
null,308,0.858,0.854,0,0
null,309,0.732,0.694,0,0
null,310,0.646,0.704,0,0
null,311,0.794,0.812,0,0
null,312,0.794,0.836,0,0
null,313,0.306,0.314,0,0
null,314,0.606,0.632,0,0
null,315,0.19,0.196,0,0
null,316,0.982,0.966,0,0
null,317,0.654,0.636,0,0
null,318,0.294,0.278,0,0
null,319,0.134,0.19,0,0
null,320,0.696,0.668,0,0
null,321,0.278,0.218,0,0
null,322,0.078,0.064,0,0
null,323,0.32,0.21,0,0
null,324,0.604,0.632,0,0
null,325,0.224,0.176,0,0
null,326,0.22,0.192,0,0
null,327,0.726,0.716,0,0
null,328,0.582,0.584,0,0
null,329,0.792,0.822,0,0
null,330,0.966,0.968,0,0
null,331,0.914,0.946,0,0
null,332,0.548,0.498,0,0
null,333,0.038,0.032,1,1
null,334,0.852,0.83,0,0
null,335,0.686,0.676,0,0
null,336,0.382,0.414,0,0
null,337,0.526,0.484,0,0
null,338,0.886,0.876,0,0
null,339,0.582,0.64,0,0
null,340,0.08,0.064,0,0
null,341,0.14,0.158,0,0
null,342,0.02,0.02,1,1
null,343,0.106,0.086,0,0
null,344,0.59,0.564,0,0
null,345,0.002,0.002,1,1
null,346,0.126,0.184,0,0
null,347,0.004,0.004,1,1
null,348,0.926,0.936,0,0
null,349,0.81,0.864,0,0
null,350,0.622,0.616,0,0
null,351,0.712,0.756,0,0
null,352,0.006,0.014,1,1
null,353,0.6,0.56,0,0
null,354,0.596,0.596,0,0
null,355,0.846,0.788,0,0
null,356,0.872,0.866,0,0
null,357,1.0,0.998,0,0
null,358,0.552,0.47,0,0
null,359,0.544,0.592,0,0
null,360,0.726,0.826,0,0
null,361,0.008,0.018,1,1
null,362,0.378,0.364,0,0
null,363,0.92,0.892,0,0
null,364,0.872,0.902,0,0
null,365,0.598,0.54,0,0
null,366,0.414,0.434,0,0
null,367,0.822,0.884,0,0
null,368,0.334,0.36,0,0
null,369,0.848,0.836,0,0
null,370,0.388,0.35,0,0
null,371,0.056,0.062,0,0
null,372,0.722,0.724,0,0
null,373,0.41,0.444,0,0
null,374,0.258,0.18,0,0
null,375,0.436,0.448,0,0
null,376,0.114,0.118,0,0
null,377,0.558,0.514,0,0
null,378,0.212,0.276,0,0
null,379,0.94,0.934,0,0
null,380,0.356,0.356,0,0
null,381,0.738,0.724,0,0
null,382,0.42,0.408,0,0
null,383,0.316,0.278,0,0
null,384,0.492,0.506,0,0
null,385,0.462,0.446,0,0
null,386,0.122,0.146,0,0
null,387,0.518,0.464,0,0
null,388,0.564,0.524,0,0
null,389,0.008,0.012,1,1
null,390,0.71,0.618,0,0
null,391,0.64,0.642,0,0
null,392,0.612,0.54,0,0
null,393,0.94,0.952,0,0
null,394,0.514,0.524,0,0
null,395,0.856,0.85,0,0
null,396,0.452,0.5,0,0
null,397,0.958,0.958,0,0
null,398,0.204,0.246,0,0
null,399,0.556,0.576,0,0
null,400,0.308,0.302,0,0
null,401,0.402,0.404,0,0
null,402,0.596,0.638,0,0
null,403,0.344,0.278,0,0
null,404,0.406,0.418,0,0
null,405,0.392,0.408,0,0
null,406,0.804,0.75,0,0
null,407,0.184,0.218,0,0
null,408,0.97,0.954,0,0
null,409,0.146,0.21,0,0
null,410,0.354,0.388,0,0
null,411,0.584,0.58,0,0
null,412,0.75,0.702,0,0
null,413,0.928,0.932,0,0
null,414,0.962,0.96,0,0
null,415,0.866,0.862,0,0
null,416,0.56,0.574,0,0
null,417,0.088,0.07,0,0
null,418,0.352,0.362,0,0
null,419,0.072,0.088,0,0
null,420,0.49,0.482,0,0
null,421,0.476,0.468,0,0
null,422,0.806,0.856,0,0
null,423,0.998,0.992,0,0
null,424,0.312,0.342,0,0
null,425,0.986,1.0,0,0
null,426,0.036,0.036,1,1
null,427,0.202,0.222,0,0
null,428,0.516,0.478,0,0
null,429,0.706,0.78,0,0
null,430,0.76,0.804,0,0
null,431,0.162,0.144,0,0
null,432,0.63,0.684,0,0
null,433,0.262,0.32,0,0
null,434,0.61,0.558,0,0
null,435,0.566,0.598,0,0
null,436,0.164,0.182,0,0
null,437,0.458,0.51,0,0
null,438,0.916,0.882,0,0
null,439,0.062,0.062,0,0
null,440,0.586,0.654,0,0
null,441,0.734,0.716,0,0
null,442,0.368,0.324,0,0
null,443,0.538,0.594,0,0
null,444,0.864,0.93,0,0
null,445,0.604,0.666,0,0
null,446,0.602,0.58,0,0
null,447,0.838,0.854,0,0
null,448,0.14,0.12,0,0
null,449,0.406,0.43,0,0
null,450,0.978,0.974,0,0
null,451,0.04,0.068,1,0
null,452,0.962,0.932,0,0
null,453,0.252,0.282,0,0
null,454,0.976,0.974,0,0
null,455,0.944,0.942,0,0
null,456,0.816,0.816,0,0
null,457,0.562,0.56,0,0
null,458,0.602,0.596,0,0
null,459,0.014,0.024,1,1
null,460,0.848,0.892,0,0
null,461,0.614,0.614,0,0
null,462,0.114,0.132,0,0
null,463,0.628,0.63,0,0
null,464,0.288,0.322,0,0
null,465,0.328,0.306,0,0
null,466,0.73,0.77,0,0
null,467,0.758,0.686,0,0
null,468,0.772,0.778,0,0
null,469,0.446,0.374,0,0
null,470,0.366,0.474,0,0
null,471,0.79,0.75,0,0
null,472,0.178,0.144,0,0
null,473,0.024,0.036,1,1
null,474,0.002,0.002,1,1
null,475,0.766,0.732,0,0
null,476,0.978,0.984,0,0
null,477,0.642,0.63,0,0
null,478,0.384,0.388,0,0
null,479,0.404,0.426,0,0
null,480,0.944,0.896,0,0
null,481,0.626,0.664,0,0
null,482,0.092,0.132,0,0
null,483,0.004,0.006,1,1
null,484,0.568,0.578,0,0
null,485,0.55,0.574,0,0
null,486,0.97,0.948,0,0
null,487,0.426,0.422,0,0
null,488,0.566,0.584,0,0
null,489,0.574,0.538,0,0
null,490,0.132,0.164,0,0
null,491,0.21,0.192,0,0
null,492,0.162,0.142,0,0
null,493,0.33,0.318,0,0
null,494,0.464,0.46,0,0
null,495,0.91,0.892,0,0
null,496,0.312,0.43,0,0
null,497,0.8,0.778,0,0
null,498,0.466,0.48,0,0
null,499,0.332,0.262,0,0
aligned,0,0.002,0.002,1,1
aligned,1,0.002,0.002,1,1
aligned,2,0.002,0.002,1,1
aligned,3,0.002,0.002,1,1
aligned,4,0.002,0.002,1,1
aligned,5,0.002,0.002,1,1
aligned,6,0.002,0.002,1,1
aligned,7,0.002,0.002,1,1
aligned,8,0.002,0.002,1,1
aligned,9,0.002,0.002,1,1
aligned,10,0.002,0.002,1,1
aligned,11,0.002,0.002,1,1
aligned,12,0.002,0.002,1,1
aligned,13,0.002,0.002,1,1
aligned,14,0.002,0.002,1,1
aligned,15,0.002,0.002,1,1
aligned,16,0.002,0.002,1,1
aligned,17,0.002,0.002,1,1
aligned,18,0.002,0.002,1,1
aligned,19,0.002,0.002,1,1
aligned,20,0.002,0.002,1,1
aligned,21,0.002,0.002,1,1
aligned,22,0.002,0.002,1,1
aligned,23,0.002,0.002,1,1
aligned,24,0.002,0.002,1,1
aligned,25,0.002,0.002,1,1
aligned,26,0.002,0.002,1,1
aligned,27,0.002,0.002,1,1
aligned,28,0.002,0.002,1,1
aligned,29,0.002,0.002,1,1
aligned,30,0.002,0.002,1,1
aligned,31,0.002,0.002,1,1
aligned,32,0.002,0.002,1,1
aligned,33,0.002,0.002,1,1
aligned,34,0.002,0.002,1,1
aligned,35,0.002,0.002,1,1
aligned,36,0.002,0.002,1,1
aligned,37,0.002,0.002,1,1
aligned,38,0.002,0.002,1,1
aligned,39,0.002,0.002,1,1
aligned,40,0.002,0.002,1,1
aligned,41,0.002,0.002,1,1
aligned,42,0.002,0.002,1,1
aligned,43,0.002,0.002,1,1
aligned,44,0.002,0.002,1,1
aligned,45,0.002,0.002,1,1
aligned,46,0.002,0.002,1,1
aligned,47,0.002,0.002,1,1
aligned,48,0.002,0.002,1,1
aligned,49,0.002,0.002,1,1
aligned,50,0.002,0.002,1,1
aligned,51,0.002,0.002,1,1
aligned,52,0.002,0.002,1,1
aligned,53,0.002,0.002,1,1
aligned,54,0.002,0.002,1,1
aligned,55,0.002,0.002,1,1
aligned,56,0.002,0.002,1,1
aligned,57,0.002,0.002,1,1
aligned,58,0.002,0.002,1,1
aligned,59,0.002,0.002,1,1
aligned,60,0.002,0.002,1,1
aligned,61,0.002,0.002,1,1
aligned,62,0.002,0.002,1,1
aligned,63,0.002,0.002,1,1
aligned,64,0.002,0.002,1,1
aligned,65,0.002,0.002,1,1
aligned,66,0.002,0.002,1,1
aligned,67,0.002,0.002,1,1
aligned,68,0.002,0.002,1,1
aligned,69,0.002,0.002,1,1
aligned,70,0.002,0.002,1,1
aligned,71,0.002,0.002,1,1
aligned,72,0.002,0.002,1,1
aligned,73,0.002,0.002,1,1
aligned,74,0.002,0.002,1,1
aligned,75,0.002,0.002,1,1
aligned,76,0.002,0.002,1,1
aligned,77,0.002,0.002,1,1
aligned,78,0.002,0.002,1,1
aligned,79,0.002,0.002,1,1
aligned,80,0.002,0.002,1,1
aligned,81,0.002,0.002,1,1
aligned,82,0.002,0.002,1,1
aligned,83,0.002,0.002,1,1
aligned,84,0.002,0.002,1,1
aligned,85,0.002,0.002,1,1
aligned,86,0.002,0.002,1,1
aligned,87,0.002,0.002,1,1
aligned,88,0.002,0.002,1,1
aligned,89,0.002,0.002,1,1
aligned,90,0.002,0.002,1,1
aligned,91,0.002,0.002,1,1
aligned,92,0.002,0.002,1,1
aligned,93,0.002,0.002,1,1
aligned,94,0.002,0.002,1,1
aligned,95,0.002,0.002,1,1
aligned,96,0.002,0.002,1,1
aligned,97,0.002,0.002,1,1
aligned,98,0.002,0.002,1,1
aligned,99,0.002,0.002,1,1
aligned,100,0.002,0.002,1,1
aligned,101,0.002,0.002,1,1
aligned,102,0.002,0.002,1,1
aligned,103,0.002,0.002,1,1
aligned,104,0.002,0.002,1,1
aligned,105,0.002,0.002,1,1
aligned,106,0.002,0.002,1,1
aligned,107,0.002,0.002,1,1
aligned,108,0.002,0.002,1,1
aligned,109,0.002,0.002,1,1
aligned,110,0.002,0.002,1,1
aligned,111,0.002,0.002,1,1
aligned,112,0.002,0.002,1,1
aligned,113,0.002,0.002,1,1
aligned,114,0.002,0.002,1,1
aligned,115,0.002,0.002,1,1
aligned,116,0.002,0.002,1,1
aligned,117,0.002,0.002,1,1
aligned,118,0.002,0.002,1,1
aligned,119,0.002,0.002,1,1
aligned,120,0.002,0.002,1,1
aligned,121,0.002,0.002,1,1
aligned,122,0.002,0.002,1,1
aligned,123,0.002,0.002,1,1
aligned,124,0.002,0.002,1,1
aligned,125,0.002,0.002,1,1
aligned,126,0.002,0.002,1,1
aligned,127,0.002,0.002,1,1
aligned,128,0.002,0.002,1,1
aligned,129,0.002,0.002,1,1
aligned,130,0.002,0.002,1,1
aligned,131,0.002,0.002,1,1
aligned,132,0.002,0.002,1,1
aligned,133,0.002,0.002,1,1
aligned,134,0.002,0.002,1,1
aligned,135,0.002,0.002,1,1
aligned,136,0.002,0.002,1,1
aligned,137,0.002,0.002,1,1
aligned,138,0.002,0.002,1,1
aligned,139,0.002,0.002,1,1
aligned,140,0.002,0.002,1,1
aligned,141,0.002,0.002,1,1
aligned,142,0.002,0.002,1,1
aligned,143,0.002,0.002,1,1
aligned,144,0.002,0.002,1,1
aligned,145,0.002,0.002,1,1
aligned,146,0.002,0.002,1,1
aligned,147,0.002,0.002,1,1
aligned,148,0.002,0.002,1,1
aligned,149,0.002,0.002,1,1
aligned,150,0.002,0.002,1,1
aligned,151,0.002,0.002,1,1
aligned,152,0.002,0.002,1,1
aligned,153,0.002,0.002,1,1
aligned,154,0.002,0.002,1,1
aligned,155,0.002,0.002,1,1
aligned,156,0.002,0.002,1,1
aligned,157,0.002,0.002,1,1
aligned,158,0.002,0.002,1,1
aligned,159,0.002,0.002,1,1
aligned,160,0.002,0.002,1,1
aligned,161,0.002,0.002,1,1
aligned,162,0.002,0.002,1,1
aligned,163,0.002,0.002,1,1
aligned,164,0.002,0.002,1,1
aligned,165,0.002,0.002,1,1
aligned,166,0.002,0.002,1,1
aligned,167,0.002,0.002,1,1
aligned,168,0.002,0.002,1,1
aligned,169,0.002,0.002,1,1
aligned,170,0.002,0.002,1,1
aligned,171,0.002,0.002,1,1
aligned,172,0.002,0.002,1,1
aligned,173,0.002,0.002,1,1
aligned,174,0.002,0.002,1,1
aligned,175,0.002,0.002,1,1
aligned,176,0.002,0.002,1,1
aligned,177,0.002,0.002,1,1
aligned,178,0.002,0.002,1,1
aligned,179,0.002,0.002,1,1
aligned,180,0.002,0.002,1,1
aligned,181,0.002,0.002,1,1
aligned,182,0.002,0.002,1,1
aligned,183,0.002,0.002,1,1
aligned,184,0.002,0.002,1,1
aligned,185,0.002,0.002,1,1
aligned,186,0.002,0.002,1,1
aligned,187,0.002,0.002,1,1
aligned,188,0.002,0.002,1,1
aligned,189,0.002,0.002,1,1
aligned,190,0.002,0.002,1,1
aligned,191,0.002,0.002,1,1
aligned,192,0.002,0.002,1,1
aligned,193,0.002,0.002,1,1
aligned,194,0.002,0.002,1,1
aligned,195,0.002,0.002,1,1
aligned,196,0.002,0.002,1,1
aligned,197,0.002,0.002,1,1
aligned,198,0.002,0.002,1,1
aligned,199,0.002,0.002,1,1
aligned,200,0.002,0.002,1,1
aligned,201,0.002,0.002,1,1
aligned,202,0.002,0.002,1,1
aligned,203,0.002,0.002,1,1
aligned,204,0.002,0.002,1,1
aligned,205,0.002,0.002,1,1
aligned,206,0.002,0.002,1,1
aligned,207,0.002,0.002,1,1
aligned,208,0.002,0.002,1,1
aligned,209,0.002,0.002,1,1
aligned,210,0.002,0.002,1,1
aligned,211,0.002,0.002,1,1
aligned,212,0.002,0.002,1,1
aligned,213,0.002,0.002,1,1
aligned,214,0.002,0.002,1,1
aligned,215,0.002,0.002,1,1
aligned,216,0.002,0.002,1,1
aligned,217,0.002,0.002,1,1
aligned,218,0.002,0.002,1,1
aligned,219,0.002,0.002,1,1
aligned,220,0.002,0.002,1,1
aligned,221,0.002,0.002,1,1
aligned,222,0.002,0.002,1,1
aligned,223,0.002,0.002,1,1
aligned,224,0.002,0.002,1,1
aligned,225,0.002,0.002,1,1
aligned,226,0.002,0.002,1,1
aligned,227,0.002,0.002,1,1
aligned,228,0.002,0.002,1,1
aligned,229,0.002,0.002,1,1
aligned,230,0.002,0.002,1,1
aligned,231,0.002,0.002,1,1
aligned,232,0.002,0.002,1,1
aligned,233,0.002,0.002,1,1
aligned,234,0.002,0.002,1,1
aligned,235,0.002,0.002,1,1
aligned,236,0.002,0.002,1,1
aligned,237,0.002,0.002,1,1
aligned,238,0.002,0.002,1,1
aligned,239,0.002,0.002,1,1
aligned,240,0.002,0.002,1,1
aligned,241,0.002,0.002,1,1
aligned,242,0.002,0.002,1,1
aligned,243,0.002,0.002,1,1
aligned,244,0.002,0.002,1,1
aligned,245,0.002,0.002,1,1
aligned,246,0.002,0.002,1,1
aligned,247,0.002,0.002,1,1
aligned,248,0.002,0.002,1,1
aligned,249,0.002,0.002,1,1
aligned,250,0.002,0.002,1,1
aligned,251,0.002,0.002,1,1
aligned,252,0.002,0.002,1,1
aligned,253,0.002,0.002,1,1
aligned,254,0.002,0.002,1,1
aligned,255,0.002,0.002,1,1
aligned,256,0.002,0.002,1,1
aligned,257,0.002,0.002,1,1
aligned,258,0.002,0.002,1,1
aligned,259,0.002,0.002,1,1
aligned,260,0.002,0.002,1,1
aligned,261,0.002,0.002,1,1
aligned,262,0.002,0.002,1,1
aligned,263,0.002,0.002,1,1
aligned,264,0.002,0.002,1,1
aligned,265,0.002,0.002,1,1
aligned,266,0.002,0.002,1,1
aligned,267,0.002,0.002,1,1
aligned,268,0.002,0.002,1,1
aligned,269,0.002,0.002,1,1
aligned,270,0.002,0.002,1,1
aligned,271,0.002,0.002,1,1
aligned,272,0.002,0.002,1,1
aligned,273,0.002,0.002,1,1
aligned,274,0.002,0.002,1,1
aligned,275,0.002,0.002,1,1
aligned,276,0.002,0.002,1,1
aligned,277,0.002,0.002,1,1
aligned,278,0.002,0.002,1,1
aligned,279,0.002,0.002,1,1
aligned,280,0.002,0.002,1,1
aligned,281,0.002,0.002,1,1
aligned,282,0.002,0.002,1,1
aligned,283,0.002,0.002,1,1
aligned,284,0.002,0.002,1,1
aligned,285,0.002,0.002,1,1
aligned,286,0.002,0.002,1,1
aligned,287,0.002,0.002,1,1
aligned,288,0.002,0.002,1,1
aligned,289,0.002,0.002,1,1
aligned,290,0.002,0.002,1,1
aligned,291,0.002,0.002,1,1
aligned,292,0.002,0.002,1,1
aligned,293,0.002,0.002,1,1
aligned,294,0.002,0.002,1,1
aligned,295,0.002,0.002,1,1
aligned,296,0.002,0.002,1,1
aligned,297,0.002,0.002,1,1
aligned,298,0.002,0.002,1,1
aligned,299,0.002,0.002,1,1
aligned,300,0.002,0.002,1,1
aligned,301,0.002,0.002,1,1
aligned,302,0.002,0.002,1,1
aligned,303,0.002,0.002,1,1
aligned,304,0.002,0.002,1,1
aligned,305,0.002,0.002,1,1
aligned,306,0.002,0.002,1,1
aligned,307,0.002,0.002,1,1
aligned,308,0.002,0.002,1,1
aligned,309,0.002,0.002,1,1
aligned,310,0.002,0.002,1,1
aligned,311,0.002,0.002,1,1
aligned,312,0.002,0.002,1,1
aligned,313,0.002,0.002,1,1
aligned,314,0.002,0.002,1,1
aligned,315,0.002,0.002,1,1
aligned,316,0.002,0.002,1,1
aligned,317,0.002,0.002,1,1
aligned,318,0.002,0.002,1,1
aligned,319,0.002,0.002,1,1
aligned,320,0.002,0.002,1,1
aligned,321,0.002,0.002,1,1
aligned,322,0.002,0.002,1,1
aligned,323,0.002,0.002,1,1
aligned,324,0.002,0.002,1,1
aligned,325,0.002,0.002,1,1
aligned,326,0.002,0.002,1,1
aligned,327,0.002,0.002,1,1
aligned,328,0.002,0.002,1,1
aligned,329,0.002,0.002,1,1
aligned,330,0.002,0.002,1,1
aligned,331,0.002,0.002,1,1
aligned,332,0.002,0.002,1,1
aligned,333,0.002,0.002,1,1
aligned,334,0.002,0.002,1,1
aligned,335,0.002,0.002,1,1
aligned,336,0.002,0.002,1,1
aligned,337,0.002,0.002,1,1
aligned,338,0.002,0.002,1,1
aligned,339,0.002,0.002,1,1
aligned,340,0.002,0.002,1,1
aligned,341,0.002,0.002,1,1
aligned,342,0.002,0.002,1,1
aligned,343,0.002,0.002,1,1
aligned,344,0.002,0.002,1,1
aligned,345,0.002,0.002,1,1
aligned,346,0.002,0.002,1,1
aligned,347,0.002,0.002,1,1
aligned,348,0.002,0.002,1,1
aligned,349,0.002,0.002,1,1
aligned,350,0.002,0.002,1,1
aligned,351,0.002,0.002,1,1
aligned,352,0.002,0.002,1,1
aligned,353,0.002,0.002,1,1
aligned,354,0.002,0.002,1,1
aligned,355,0.002,0.002,1,1
aligned,356,0.002,0.002,1,1
aligned,357,0.002,0.002,1,1
aligned,358,0.002,0.002,1,1
aligned,359,0.002,0.002,1,1
aligned,360,0.002,0.002,1,1
aligned,361,0.002,0.002,1,1
aligned,362,0.002,0.002,1,1
aligned,363,0.002,0.002,1,1
aligned,364,0.002,0.002,1,1
aligned,365,0.002,0.002,1,1
aligned,366,0.002,0.002,1,1
aligned,367,0.002,0.002,1,1
aligned,368,0.002,0.002,1,1
aligned,369,0.002,0.002,1,1
aligned,370,0.002,0.002,1,1
aligned,371,0.002,0.002,1,1
aligned,372,0.002,0.002,1,1
aligned,373,0.002,0.002,1,1
aligned,374,0.002,0.002,1,1
aligned,375,0.002,0.002,1,1
aligned,376,0.002,0.002,1,1
aligned,377,0.002,0.002,1,1
aligned,378,0.002,0.002,1,1
aligned,379,0.002,0.002,1,1
aligned,380,0.002,0.002,1,1
aligned,381,0.002,0.002,1,1
aligned,382,0.002,0.002,1,1
aligned,383,0.002,0.002,1,1
aligned,384,0.002,0.002,1,1
aligned,385,0.002,0.002,1,1
aligned,386,0.002,0.002,1,1
aligned,387,0.002,0.002,1,1
aligned,388,0.002,0.002,1,1
aligned,389,0.002,0.002,1,1
aligned,390,0.002,0.002,1,1
aligned,391,0.002,0.002,1,1
aligned,392,0.002,0.002,1,1
aligned,393,0.002,0.002,1,1
aligned,394,0.002,0.002,1,1
aligned,395,0.002,0.002,1,1
aligned,396,0.002,0.002,1,1
aligned,397,0.002,0.002,1,1
aligned,398,0.002,0.002,1,1
aligned,399,0.002,0.002,1,1
aligned,400,0.002,0.002,1,1
aligned,401,0.002,0.002,1,1
aligned,402,0.002,0.002,1,1
aligned,403,0.002,0.002,1,1
aligned,404,0.002,0.002,1,1
aligned,405,0.002,0.002,1,1
aligned,406,0.002,0.002,1,1
aligned,407,0.002,0.002,1,1
aligned,408,0.002,0.002,1,1
aligned,409,0.002,0.002,1,1
aligned,410,0.002,0.002,1,1
aligned,411,0.002,0.002,1,1
aligned,412,0.002,0.002,1,1
aligned,413,0.002,0.002,1,1
aligned,414,0.002,0.002,1,1
aligned,415,0.002,0.002,1,1
aligned,416,0.002,0.002,1,1
aligned,417,0.002,0.002,1,1
aligned,418,0.002,0.002,1,1
aligned,419,0.002,0.002,1,1
aligned,420,0.002,0.002,1,1
aligned,421,0.002,0.002,1,1
aligned,422,0.002,0.002,1,1
aligned,423,0.002,0.002,1,1
aligned,424,0.002,0.002,1,1
aligned,425,0.002,0.002,1,1
aligned,426,0.002,0.002,1,1
aligned,427,0.002,0.002,1,1
aligned,428,0.002,0.002,1,1
aligned,429,0.002,0.002,1,1
aligned,430,0.002,0.002,1,1
aligned,431,0.002,0.002,1,1
aligned,432,0.002,0.002,1,1
aligned,433,0.002,0.002,1,1
aligned,434,0.002,0.002,1,1
aligned,435,0.002,0.002,1,1
aligned,436,0.002,0.002,1,1
aligned,437,0.002,0.002,1,1
aligned,438,0.002,0.002,1,1
aligned,439,0.002,0.002,1,1
aligned,440,0.002,0.002,1,1
aligned,441,0.002,0.002,1,1
aligned,442,0.002,0.002,1,1
aligned,443,0.002,0.002,1,1
aligned,444,0.002,0.002,1,1
aligned,445,0.002,0.002,1,1
aligned,446,0.002,0.002,1,1
aligned,447,0.002,0.002,1,1
aligned,448,0.002,0.002,1,1
aligned,449,0.002,0.002,1,1
aligned,450,0.002,0.002,1,1
aligned,451,0.002,0.002,1,1
aligned,452,0.002,0.002,1,1
aligned,453,0.002,0.002,1,1
aligned,454,0.002,0.002,1,1
aligned,455,0.002,0.002,1,1
aligned,456,0.002,0.002,1,1
aligned,457,0.002,0.002,1,1
aligned,458,0.002,0.002,1,1
aligned,459,0.002,0.002,1,1
aligned,460,0.002,0.002,1,1
aligned,461,0.002,0.002,1,1
aligned,462,0.002,0.002,1,1
aligned,463,0.002,0.002,1,1
aligned,464,0.002,0.002,1,1
aligned,465,0.002,0.002,1,1
aligned,466,0.002,0.002,1,1
aligned,467,0.002,0.002,1,1
aligned,468,0.002,0.002,1,1
aligned,469,0.002,0.002,1,1
aligned,470,0.002,0.002,1,1
aligned,471,0.002,0.002,1,1
aligned,472,0.002,0.002,1,1
aligned,473,0.002,0.002,1,1
aligned,474,0.002,0.002,1,1
aligned,475,0.002,0.002,1,1
aligned,476,0.002,0.002,1,1
aligned,477,0.002,0.002,1,1
aligned,478,0.002,0.002,1,1
aligned,479,0.002,0.002,1,1
aligned,480,0.002,0.002,1,1
aligned,481,0.002,0.002,1,1
aligned,482,0.002,0.002,1,1
aligned,483,0.002,0.002,1,1
aligned,484,0.002,0.002,1,1
aligned,485,0.002,0.002,1,1
aligned,486,0.002,0.002,1,1
aligned,487,0.002,0.002,1,1
aligned,488,0.002,0.002,1,1
aligned,489,0.002,0.002,1,1
aligned,490,0.002,0.002,1,1
aligned,491,0.002,0.002,1,1
aligned,492,0.002,0.002,1,1
aligned,493,0.002,0.002,1,1
aligned,494,0.002,0.002,1,1
aligned,495,0.002,0.002,1,1
aligned,496,0.002,0.002,1,1
aligned,497,0.002,0.002,1,1
aligned,498,0.002,0.002,1,1
aligned,499,0.002,0.002,1,1
interaction,0,0.002,0.002,1,1
interaction,1,0.002,0.002,1,1
interaction,2,0.002,0.002,1,1
interaction,3,0.002,0.002,1,1
interaction,4,0.002,0.002,1,1
interaction,5,0.002,0.002,1,1
interaction,6,0.002,0.002,1,1
interaction,7,0.002,0.002,1,1
interaction,8,0.002,0.002,1,1
interaction,9,0.002,0.002,1,1
interaction,10,0.002,0.002,1,1
interaction,11,0.002,0.002,1,1
interaction,12,0.002,0.002,1,1
interaction,13,0.002,0.002,1,1
interaction,14,0.002,0.002,1,1
interaction,15,0.002,0.002,1,1
interaction,16,0.002,0.002,1,1
interaction,17,0.002,0.002,1,1
interaction,18,0.002,0.002,1,1
interaction,19,0.002,0.002,1,1
interaction,20,0.002,0.002,1,1
interaction,21,0.002,0.002,1,1
interaction,22,0.002,0.002,1,1
interaction,23,0.002,0.002,1,1
interaction,24,0.002,0.002,1,1
interaction,25,0.002,0.002,1,1
interaction,26,0.002,0.002,1,1
interaction,27,0.002,0.002,1,1
interaction,28,0.002,0.002,1,1
interaction,29,0.002,0.002,1,1
interaction,30,0.002,0.002,1,1
interaction,31,0.002,0.002,1,1
interaction,32,0.002,0.002,1,1
interaction,33,0.002,0.002,1,1
interaction,34,0.002,0.002,1,1
interaction,35,0.002,0.002,1,1
interaction,36,0.002,0.002,1,1
interaction,37,0.002,0.002,1,1
interaction,38,0.002,0.002,1,1
interaction,39,0.002,0.002,1,1
interaction,40,0.002,0.002,1,1
interaction,41,0.002,0.002,1,1
interaction,42,0.002,0.002,1,1
interaction,43,0.002,0.002,1,1
interaction,44,0.002,0.002,1,1
interaction,45,0.002,0.002,1,1
interaction,46,0.002,0.002,1,1
interaction,47,0.002,0.002,1,1
interaction,48,0.002,0.002,1,1
interaction,49,0.002,0.002,1,1
interaction,50,0.002,0.002,1,1
interaction,51,0.002,0.002,1,1
interaction,52,0.002,0.002,1,1
interaction,53,0.002,0.002,1,1
interaction,54,0.002,0.002,1,1
interaction,55,0.002,0.002,1,1
interaction,56,0.002,0.002,1,1
interaction,57,0.002,0.002,1,1
interaction,58,0.002,0.002,1,1
interaction,59,0.002,0.002,1,1
interaction,60,0.002,0.002,1,1
interaction,61,0.002,0.002,1,1
interaction,62,0.002,0.002,1,1
interaction,63,0.002,0.002,1,1
interaction,64,0.002,0.002,1,1
interaction,65,0.002,0.002,1,1
interaction,66,0.002,0.002,1,1
interaction,67,0.002,0.002,1,1
interaction,68,0.002,0.002,1,1
interaction,69,0.002,0.002,1,1
interaction,70,0.002,0.002,1,1
interaction,71,0.002,0.002,1,1
interaction,72,0.002,0.002,1,1
interaction,73,0.002,0.002,1,1
interaction,74,0.002,0.002,1,1
interaction,75,0.002,0.002,1,1
interaction,76,0.002,0.002,1,1
interaction,77,0.002,0.002,1,1
interaction,78,0.002,0.002,1,1
interaction,79,0.002,0.002,1,1
interaction,80,0.002,0.002,1,1
interaction,81,0.002,0.002,1,1
interaction,82,0.002,0.002,1,1
interaction,83,0.002,0.002,1,1
interaction,84,0.002,0.002,1,1
interaction,85,0.002,0.002,1,1
interaction,86,0.002,0.002,1,1
interaction,87,0.002,0.002,1,1
interaction,88,0.002,0.002,1,1
interaction,89,0.002,0.002,1,1
interaction,90,0.002,0.002,1,1
interaction,91,0.002,0.002,1,1
interaction,92,0.002,0.002,1,1
interaction,93,0.002,0.002,1,1
interaction,94,0.002,0.002,1,1
interaction,95,0.002,0.002,1,1
interaction,96,0.002,0.002,1,1
interaction,97,0.002,0.002,1,1
interaction,98,0.002,0.002,1,1
interaction,99,0.002,0.002,1,1
interaction,100,0.002,0.002,1,1
interaction,101,0.002,0.002,1,1
interaction,102,0.002,0.002,1,1
interaction,103,0.002,0.002,1,1
interaction,104,0.002,0.002,1,1
interaction,105,0.002,0.002,1,1
interaction,106,0.002,0.002,1,1
interaction,107,0.002,0.002,1,1
interaction,108,0.002,0.002,1,1
interaction,109,0.002,0.002,1,1
interaction,110,0.002,0.002,1,1
interaction,111,0.002,0.002,1,1
interaction,112,0.002,0.002,1,1
interaction,113,0.002,0.002,1,1
interaction,114,0.002,0.002,1,1
interaction,115,0.002,0.002,1,1
interaction,116,0.002,0.002,1,1
interaction,117,0.002,0.002,1,1
interaction,118,0.002,0.002,1,1
interaction,119,0.002,0.002,1,1
interaction,120,0.002,0.002,1,1
interaction,121,0.002,0.002,1,1
interaction,122,0.002,0.002,1,1
interaction,123,0.002,0.002,1,1
interaction,124,0.002,0.002,1,1
interaction,125,0.002,0.002,1,1
interaction,126,0.002,0.002,1,1
interaction,127,0.002,0.002,1,1
interaction,128,0.002,0.002,1,1
interaction,129,0.002,0.002,1,1
interaction,130,0.002,0.002,1,1
interaction,131,0.002,0.002,1,1
interaction,132,0.002,0.002,1,1
interaction,133,0.002,0.002,1,1
interaction,134,0.002,0.002,1,1
interaction,135,0.002,0.002,1,1
interaction,136,0.002,0.002,1,1
interaction,137,0.002,0.002,1,1
interaction,138,0.002,0.002,1,1
interaction,139,0.002,0.002,1,1
interaction,140,0.002,0.002,1,1
interaction,141,0.002,0.002,1,1
interaction,142,0.002,0.002,1,1
interaction,143,0.002,0.002,1,1
interaction,144,0.002,0.002,1,1
interaction,145,0.002,0.002,1,1
interaction,146,0.002,0.002,1,1
interaction,147,0.002,0.002,1,1
interaction,148,0.002,0.002,1,1
interaction,149,0.002,0.002,1,1
interaction,150,0.002,0.002,1,1
interaction,151,0.002,0.002,1,1
interaction,152,0.002,0.002,1,1
interaction,153,0.002,0.002,1,1
interaction,154,0.002,0.002,1,1
interaction,155,0.002,0.002,1,1
interaction,156,0.002,0.002,1,1
interaction,157,0.002,0.002,1,1
interaction,158,0.002,0.002,1,1
interaction,159,0.002,0.002,1,1
interaction,160,0.002,0.002,1,1
interaction,161,0.002,0.002,1,1
interaction,162,0.002,0.002,1,1
interaction,163,0.002,0.002,1,1
interaction,164,0.002,0.002,1,1
interaction,165,0.002,0.002,1,1
interaction,166,0.002,0.002,1,1
interaction,167,0.002,0.002,1,1
interaction,168,0.002,0.002,1,1
interaction,169,0.002,0.002,1,1
interaction,170,0.002,0.002,1,1
interaction,171,0.002,0.002,1,1
interaction,172,0.002,0.002,1,1
interaction,173,0.002,0.002,1,1
interaction,174,0.002,0.002,1,1
interaction,175,0.002,0.002,1,1
interaction,176,0.002,0.002,1,1
interaction,177,0.002,0.002,1,1
interaction,178,0.002,0.002,1,1
interaction,179,0.002,0.002,1,1
interaction,180,0.002,0.002,1,1
interaction,181,0.002,0.002,1,1
interaction,182,0.002,0.002,1,1
interaction,183,0.002,0.002,1,1
interaction,184,0.002,0.002,1,1
interaction,185,0.002,0.002,1,1
interaction,186,0.002,0.002,1,1
interaction,187,0.002,0.002,1,1
interaction,188,0.002,0.002,1,1
interaction,189,0.002,0.002,1,1
interaction,190,0.002,0.002,1,1
interaction,191,0.002,0.002,1,1
interaction,192,0.002,0.002,1,1
interaction,193,0.002,0.002,1,1
interaction,194,0.002,0.002,1,1
interaction,195,0.002,0.002,1,1
interaction,196,0.002,0.002,1,1
interaction,197,0.002,0.002,1,1
interaction,198,0.002,0.002,1,1
interaction,199,0.002,0.002,1,1
interaction,200,0.002,0.002,1,1
interaction,201,0.002,0.002,1,1
interaction,202,0.002,0.002,1,1
interaction,203,0.002,0.002,1,1
interaction,204,0.002,0.002,1,1
interaction,205,0.002,0.002,1,1
interaction,206,0.002,0.002,1,1
interaction,207,0.002,0.002,1,1
interaction,208,0.002,0.002,1,1
interaction,209,0.002,0.002,1,1
interaction,210,0.002,0.002,1,1
interaction,211,0.002,0.002,1,1
interaction,212,0.002,0.002,1,1
interaction,213,0.002,0.002,1,1
interaction,214,0.002,0.002,1,1
interaction,215,0.002,0.002,1,1
interaction,216,0.002,0.002,1,1
interaction,217,0.002,0.002,1,1
interaction,218,0.002,0.002,1,1
interaction,219,0.002,0.002,1,1
interaction,220,0.002,0.002,1,1
interaction,221,0.002,0.002,1,1
interaction,222,0.002,0.002,1,1
interaction,223,0.002,0.002,1,1
interaction,224,0.002,0.002,1,1
interaction,225,0.002,0.002,1,1
interaction,226,0.002,0.002,1,1
interaction,227,0.002,0.002,1,1
interaction,228,0.002,0.002,1,1
interaction,229,0.002,0.002,1,1
interaction,230,0.002,0.002,1,1
interaction,231,0.002,0.002,1,1
interaction,232,0.002,0.002,1,1
interaction,233,0.002,0.002,1,1
interaction,234,0.002,0.002,1,1
interaction,235,0.002,0.002,1,1
interaction,236,0.002,0.002,1,1
interaction,237,0.002,0.002,1,1
interaction,238,0.002,0.002,1,1
interaction,239,0.002,0.002,1,1
interaction,240,0.002,0.002,1,1
interaction,241,0.002,0.002,1,1
interaction,242,0.002,0.002,1,1
interaction,243,0.002,0.002,1,1
interaction,244,0.002,0.002,1,1
interaction,245,0.002,0.002,1,1
interaction,246,0.002,0.002,1,1
interaction,247,0.002,0.002,1,1
interaction,248,0.002,0.002,1,1
interaction,249,0.002,0.002,1,1
interaction,250,0.002,0.002,1,1
interaction,251,0.002,0.002,1,1
interaction,252,0.002,0.002,1,1
interaction,253,0.002,0.002,1,1
interaction,254,0.002,0.002,1,1
interaction,255,0.002,0.002,1,1
interaction,256,0.002,0.002,1,1
interaction,257,0.002,0.002,1,1
interaction,258,0.002,0.002,1,1
interaction,259,0.002,0.002,1,1
interaction,260,0.002,0.002,1,1
interaction,261,0.002,0.002,1,1
interaction,262,0.002,0.002,1,1
interaction,263,0.002,0.002,1,1
interaction,264,0.002,0.002,1,1
interaction,265,0.002,0.002,1,1
interaction,266,0.002,0.002,1,1
interaction,267,0.002,0.002,1,1
interaction,268,0.002,0.002,1,1
interaction,269,0.002,0.002,1,1
interaction,270,0.002,0.002,1,1
interaction,271,0.002,0.002,1,1
interaction,272,0.002,0.002,1,1
interaction,273,0.002,0.002,1,1
interaction,274,0.002,0.002,1,1
interaction,275,0.002,0.002,1,1
interaction,276,0.002,0.002,1,1
interaction,277,0.002,0.002,1,1
interaction,278,0.002,0.002,1,1
interaction,279,0.002,0.002,1,1
interaction,280,0.002,0.002,1,1
interaction,281,0.002,0.002,1,1
interaction,282,0.002,0.002,1,1
interaction,283,0.002,0.002,1,1
interaction,284,0.002,0.002,1,1
interaction,285,0.002,0.002,1,1
interaction,286,0.002,0.002,1,1
interaction,287,0.002,0.002,1,1
interaction,288,0.002,0.002,1,1
interaction,289,0.002,0.002,1,1
interaction,290,0.002,0.002,1,1
interaction,291,0.002,0.002,1,1
interaction,292,0.002,0.002,1,1
interaction,293,0.002,0.002,1,1
interaction,294,0.002,0.002,1,1
interaction,295,0.002,0.002,1,1
interaction,296,0.002,0.002,1,1
interaction,297,0.002,0.002,1,1
interaction,298,0.002,0.002,1,1
interaction,299,0.002,0.002,1,1
interaction,300,0.002,0.002,1,1
interaction,301,0.002,0.002,1,1
interaction,302,0.002,0.002,1,1
interaction,303,0.002,0.002,1,1
interaction,304,0.002,0.002,1,1
interaction,305,0.002,0.002,1,1
interaction,306,0.002,0.002,1,1
interaction,307,0.002,0.002,1,1
interaction,308,0.002,0.002,1,1
interaction,309,0.002,0.002,1,1
interaction,310,0.002,0.002,1,1
interaction,311,0.002,0.002,1,1
interaction,312,0.002,0.002,1,1
interaction,313,0.002,0.002,1,1
interaction,314,0.002,0.002,1,1
interaction,315,0.002,0.002,1,1
interaction,316,0.002,0.002,1,1
interaction,317,0.002,0.002,1,1
interaction,318,0.002,0.002,1,1
interaction,319,0.002,0.002,1,1
interaction,320,0.002,0.002,1,1
interaction,321,0.002,0.002,1,1
interaction,322,0.002,0.002,1,1
interaction,323,0.002,0.002,1,1
interaction,324,0.002,0.002,1,1
interaction,325,0.002,0.002,1,1
interaction,326,0.002,0.002,1,1
interaction,327,0.002,0.002,1,1
interaction,328,0.002,0.002,1,1
interaction,329,0.002,0.002,1,1
interaction,330,0.002,0.002,1,1
interaction,331,0.002,0.002,1,1
interaction,332,0.002,0.002,1,1
interaction,333,0.002,0.002,1,1
interaction,334,0.002,0.002,1,1
interaction,335,0.002,0.002,1,1
interaction,336,0.002,0.002,1,1
interaction,337,0.002,0.002,1,1
interaction,338,0.002,0.002,1,1
interaction,339,0.002,0.002,1,1
interaction,340,0.002,0.002,1,1
interaction,341,0.002,0.002,1,1
interaction,342,0.002,0.002,1,1
interaction,343,0.002,0.002,1,1
interaction,344,0.002,0.002,1,1
interaction,345,0.002,0.002,1,1
interaction,346,0.002,0.002,1,1
interaction,347,0.002,0.002,1,1
interaction,348,0.002,0.002,1,1
interaction,349,0.002,0.002,1,1
interaction,350,0.002,0.002,1,1
interaction,351,0.002,0.002,1,1
interaction,352,0.002,0.002,1,1
interaction,353,0.002,0.002,1,1
interaction,354,0.002,0.002,1,1
interaction,355,0.002,0.002,1,1
interaction,356,0.002,0.002,1,1
interaction,357,0.002,0.002,1,1
interaction,358,0.002,0.002,1,1
interaction,359,0.002,0.002,1,1
interaction,360,0.002,0.002,1,1
interaction,361,0.002,0.002,1,1
interaction,362,0.002,0.002,1,1
interaction,363,0.002,0.002,1,1
interaction,364,0.002,0.002,1,1
interaction,365,0.002,0.002,1,1
interaction,366,0.002,0.002,1,1
interaction,367,0.002,0.002,1,1
interaction,368,0.002,0.002,1,1
interaction,369,0.002,0.002,1,1
interaction,370,0.002,0.002,1,1
interaction,371,0.002,0.002,1,1
interaction,372,0.002,0.002,1,1
interaction,373,0.002,0.002,1,1
interaction,374,0.002,0.002,1,1
interaction,375,0.002,0.002,1,1
interaction,376,0.002,0.002,1,1
interaction,377,0.002,0.002,1,1
interaction,378,0.002,0.002,1,1
interaction,379,0.002,0.002,1,1
interaction,380,0.002,0.002,1,1
interaction,381,0.002,0.002,1,1
interaction,382,0.002,0.002,1,1
interaction,383,0.002,0.002,1,1
interaction,384,0.002,0.002,1,1
interaction,385,0.002,0.002,1,1
interaction,386,0.002,0.002,1,1
interaction,387,0.002,0.002,1,1
interaction,388,0.002,0.002,1,1
interaction,389,0.002,0.002,1,1
interaction,390,0.002,0.002,1,1
interaction,391,0.002,0.002,1,1
interaction,392,0.002,0.002,1,1
interaction,393,0.002,0.002,1,1
interaction,394,0.002,0.002,1,1
interaction,395,0.002,0.002,1,1
interaction,396,0.002,0.002,1,1
interaction,397,0.002,0.002,1,1
interaction,398,0.002,0.002,1,1
interaction,399,0.002,0.002,1,1
interaction,400,0.002,0.002,1,1
interaction,401,0.002,0.002,1,1
interaction,402,0.002,0.002,1,1
interaction,403,0.002,0.002,1,1
interaction,404,0.002,0.002,1,1
interaction,405,0.002,0.002,1,1
interaction,406,0.002,0.002,1,1
interaction,407,0.002,0.002,1,1
interaction,408,0.002,0.002,1,1
interaction,409,0.002,0.002,1,1
interaction,410,0.002,0.002,1,1
interaction,411,0.002,0.002,1,1
interaction,412,0.002,0.002,1,1
interaction,413,0.002,0.002,1,1
interaction,414,0.002,0.002,1,1
interaction,415,0.002,0.002,1,1
interaction,416,0.002,0.002,1,1
interaction,417,0.002,0.002,1,1
interaction,418,0.002,0.002,1,1
interaction,419,0.002,0.002,1,1
interaction,420,0.002,0.002,1,1
interaction,421,0.002,0.002,1,1
interaction,422,0.002,0.002,1,1
interaction,423,0.002,0.002,1,1
interaction,424,0.002,0.002,1,1
interaction,425,0.002,0.002,1,1
interaction,426,0.002,0.002,1,1
interaction,427,0.002,0.002,1,1
interaction,428,0.002,0.002,1,1
interaction,429,0.002,0.002,1,1
interaction,430,0.002,0.002,1,1
interaction,431,0.002,0.002,1,1
interaction,432,0.002,0.002,1,1
interaction,433,0.002,0.002,1,1
interaction,434,0.002,0.002,1,1
interaction,435,0.002,0.002,1,1
interaction,436,0.002,0.002,1,1
interaction,437,0.002,0.002,1,1
interaction,438,0.002,0.002,1,1
interaction,439,0.002,0.002,1,1
interaction,440,0.002,0.002,1,1
interaction,441,0.002,0.002,1,1
interaction,442,0.002,0.002,1,1
interaction,443,0.002,0.002,1,1
interaction,444,0.002,0.002,1,1
interaction,445,0.002,0.002,1,1
interaction,446,0.002,0.002,1,1
interaction,447,0.002,0.002,1,1
interaction,448,0.002,0.002,1,1
interaction,449,0.002,0.002,1,1
interaction,450,0.002,0.002,1,1
interaction,451,0.002,0.002,1,1
interaction,452,0.002,0.002,1,1
interaction,453,0.002,0.002,1,1
interaction,454,0.002,0.002,1,1
interaction,455,0.002,0.002,1,1
interaction,456,0.002,0.002,1,1
interaction,457,0.002,0.002,1,1
interaction,458,0.002,0.002,1,1
interaction,459,0.002,0.002,1,1
interaction,460,0.002,0.002,1,1
interaction,461,0.002,0.002,1,1
interaction,462,0.002,0.002,1,1
interaction,463,0.002,0.002,1,1
interaction,464,0.002,0.002,1,1
interaction,465,0.002,0.002,1,1
interaction,466,0.002,0.002,1,1
interaction,467,0.002,0.002,1,1
interaction,468,0.002,0.002,1,1
interaction,469,0.002,0.002,1,1
interaction,470,0.002,0.002,1,1
interaction,471,0.002,0.002,1,1
interaction,472,0.002,0.002,1,1
interaction,473,0.002,0.002,1,1
interaction,474,0.002,0.002,1,1
interaction,475,0.002,0.002,1,1
interaction,476,0.002,0.002,1,1
interaction,477,0.002,0.002,1,1
interaction,478,0.002,0.002,1,1
interaction,479,0.002,0.002,1,1
interaction,480,0.002,0.002,1,1
interaction,481,0.002,0.002,1,1
interaction,482,0.002,0.002,1,1
interaction,483,0.002,0.002,1,1
interaction,484,0.002,0.002,1,1
interaction,485,0.002,0.002,1,1
interaction,486,0.002,0.002,1,1
interaction,487,0.002,0.002,1,1
interaction,488,0.002,0.002,1,1
interaction,489,0.002,0.002,1,1
interaction,490,0.002,0.002,1,1
interaction,491,0.002,0.002,1,1
interaction,492,0.002,0.002,1,1
interaction,493,0.002,0.002,1,1
interaction,494,0.002,0.002,1,1
interaction,495,0.002,0.002,1,1
interaction,496,0.002,0.002,1,1
interaction,497,0.002,0.002,1,1
interaction,498,0.002,0.002,1,1
interaction,499,0.002,0.002,1,1
hidden_quadratic,0,0.002,0.002,1,1
hidden_quadratic,1,0.002,0.002,1,1
hidden_quadratic,2,0.002,0.002,1,1
hidden_quadratic,3,0.002,0.002,1,1
hidden_quadratic,4,0.002,0.002,1,1
hidden_quadratic,5,0.002,0.002,1,1
hidden_quadratic,6,0.002,0.002,1,1
hidden_quadratic,7,0.002,0.002,1,1
hidden_quadratic,8,0.002,0.002,1,1
hidden_quadratic,9,0.002,0.002,1,1
hidden_quadratic,10,0.002,0.002,1,1
hidden_quadratic,11,0.002,0.002,1,1
hidden_quadratic,12,0.002,0.002,1,1
hidden_quadratic,13,0.002,0.002,1,1
hidden_quadratic,14,0.002,0.002,1,1
hidden_quadratic,15,0.002,0.002,1,1
hidden_quadratic,16,0.002,0.002,1,1
hidden_quadratic,17,0.002,0.002,1,1
hidden_quadratic,18,0.002,0.002,1,1
hidden_quadratic,19,0.002,0.002,1,1
hidden_quadratic,20,0.002,0.002,1,1
hidden_quadratic,21,0.002,0.002,1,1
hidden_quadratic,22,0.002,0.002,1,1
hidden_quadratic,23,0.002,0.002,1,1
hidden_quadratic,24,0.002,0.002,1,1
hidden_quadratic,25,0.002,0.002,1,1
hidden_quadratic,26,0.002,0.002,1,1
hidden_quadratic,27,0.002,0.002,1,1
hidden_quadratic,28,0.002,0.002,1,1
hidden_quadratic,29,0.002,0.002,1,1
hidden_quadratic,30,0.002,0.002,1,1
hidden_quadratic,31,0.002,0.002,1,1
hidden_quadratic,32,0.002,0.002,1,1
hidden_quadratic,33,0.002,0.002,1,1
hidden_quadratic,34,0.002,0.002,1,1
hidden_quadratic,35,0.002,0.002,1,1
hidden_quadratic,36,0.002,0.002,1,1
hidden_quadratic,37,0.002,0.002,1,1
hidden_quadratic,38,0.002,0.002,1,1
hidden_quadratic,39,0.002,0.002,1,1
hidden_quadratic,40,0.002,0.002,1,1
hidden_quadratic,41,0.002,0.002,1,1
hidden_quadratic,42,0.002,0.002,1,1
hidden_quadratic,43,0.002,0.002,1,1
hidden_quadratic,44,0.002,0.002,1,1
hidden_quadratic,45,0.002,0.002,1,1
hidden_quadratic,46,0.002,0.002,1,1
hidden_quadratic,47,0.002,0.002,1,1
hidden_quadratic,48,0.002,0.002,1,1
hidden_quadratic,49,0.002,0.002,1,1
hidden_quadratic,50,0.002,0.002,1,1
hidden_quadratic,51,0.002,0.002,1,1
hidden_quadratic,52,0.002,0.002,1,1
hidden_quadratic,53,0.002,0.002,1,1
hidden_quadratic,54,0.002,0.002,1,1
hidden_quadratic,55,0.002,0.002,1,1
hidden_quadratic,56,0.002,0.002,1,1
hidden_quadratic,57,0.002,0.002,1,1
hidden_quadratic,58,0.002,0.002,1,1
hidden_quadratic,59,0.002,0.002,1,1
hidden_quadratic,60,0.002,0.002,1,1
hidden_quadratic,61,0.002,0.002,1,1
hidden_quadratic,62,0.002,0.002,1,1
hidden_quadratic,63,0.002,0.002,1,1
hidden_quadratic,64,0.002,0.002,1,1
hidden_quadratic,65,0.002,0.002,1,1
hidden_quadratic,66,0.002,0.002,1,1
hidden_quadratic,67,0.002,0.002,1,1
hidden_quadratic,68,0.002,0.002,1,1
hidden_quadratic,69,0.002,0.002,1,1
hidden_quadratic,70,0.002,0.002,1,1
hidden_quadratic,71,0.002,0.002,1,1
hidden_quadratic,72,0.002,0.002,1,1
hidden_quadratic,73,0.002,0.002,1,1
hidden_quadratic,74,0.002,0.002,1,1
hidden_quadratic,75,0.002,0.002,1,1
hidden_quadratic,76,0.002,0.002,1,1
hidden_quadratic,77,0.002,0.002,1,1
hidden_quadratic,78,0.002,0.002,1,1
hidden_quadratic,79,0.002,0.002,1,1
hidden_quadratic,80,0.002,0.002,1,1
hidden_quadratic,81,0.002,0.002,1,1
hidden_quadratic,82,0.002,0.002,1,1
hidden_quadratic,83,0.002,0.002,1,1
hidden_quadratic,84,0.002,0.002,1,1
hidden_quadratic,85,0.002,0.002,1,1
hidden_quadratic,86,0.002,0.002,1,1
hidden_quadratic,87,0.002,0.002,1,1
hidden_quadratic,88,0.002,0.002,1,1
hidden_quadratic,89,0.002,0.002,1,1
hidden_quadratic,90,0.002,0.002,1,1
hidden_quadratic,91,0.002,0.002,1,1
hidden_quadratic,92,0.002,0.002,1,1
hidden_quadratic,93,0.002,0.002,1,1
hidden_quadratic,94,0.002,0.002,1,1
hidden_quadratic,95,0.002,0.002,1,1
hidden_quadratic,96,0.002,0.002,1,1
hidden_quadratic,97,0.002,0.002,1,1
hidden_quadratic,98,0.002,0.002,1,1
hidden_quadratic,99,0.002,0.002,1,1
hidden_quadratic,100,0.002,0.002,1,1
hidden_quadratic,101,0.002,0.002,1,1
hidden_quadratic,102,0.002,0.002,1,1
hidden_quadratic,103,0.002,0.002,1,1
hidden_quadratic,104,0.002,0.002,1,1
hidden_quadratic,105,0.002,0.002,1,1
hidden_quadratic,106,0.002,0.002,1,1
hidden_quadratic,107,0.002,0.002,1,1
hidden_quadratic,108,0.002,0.002,1,1
hidden_quadratic,109,0.002,0.002,1,1
hidden_quadratic,110,0.002,0.002,1,1
hidden_quadratic,111,0.002,0.002,1,1
hidden_quadratic,112,0.002,0.002,1,1
hidden_quadratic,113,0.002,0.002,1,1
hidden_quadratic,114,0.002,0.002,1,1
hidden_quadratic,115,0.002,0.002,1,1
hidden_quadratic,116,0.002,0.002,1,1
hidden_quadratic,117,0.002,0.002,1,1
hidden_quadratic,118,0.002,0.002,1,1
hidden_quadratic,119,0.002,0.002,1,1
hidden_quadratic,120,0.002,0.002,1,1
hidden_quadratic,121,0.002,0.002,1,1
hidden_quadratic,122,0.002,0.002,1,1
hidden_quadratic,123,0.002,0.002,1,1
hidden_quadratic,124,0.002,0.002,1,1
hidden_quadratic,125,0.002,0.002,1,1
hidden_quadratic,126,0.002,0.002,1,1
hidden_quadratic,127,0.002,0.002,1,1
hidden_quadratic,128,0.002,0.002,1,1
hidden_quadratic,129,0.002,0.002,1,1
hidden_quadratic,130,0.002,0.002,1,1
hidden_quadratic,131,0.002,0.002,1,1
hidden_quadratic,132,0.002,0.002,1,1
hidden_quadratic,133,0.002,0.002,1,1
hidden_quadratic,134,0.002,0.002,1,1
hidden_quadratic,135,0.002,0.002,1,1
hidden_quadratic,136,0.002,0.002,1,1
hidden_quadratic,137,0.002,0.002,1,1
hidden_quadratic,138,0.002,0.002,1,1
hidden_quadratic,139,0.002,0.002,1,1
hidden_quadratic,140,0.002,0.002,1,1
hidden_quadratic,141,0.002,0.002,1,1
hidden_quadratic,142,0.002,0.002,1,1
hidden_quadratic,143,0.002,0.002,1,1
hidden_quadratic,144,0.002,0.002,1,1
hidden_quadratic,145,0.002,0.002,1,1
hidden_quadratic,146,0.002,0.002,1,1
hidden_quadratic,147,0.002,0.002,1,1
hidden_quadratic,148,0.002,0.002,1,1
hidden_quadratic,149,0.002,0.002,1,1
hidden_quadratic,150,0.002,0.002,1,1
hidden_quadratic,151,0.002,0.002,1,1
hidden_quadratic,152,0.002,0.002,1,1
hidden_quadratic,153,0.002,0.002,1,1
hidden_quadratic,154,0.002,0.002,1,1
hidden_quadratic,155,0.002,0.002,1,1
hidden_quadratic,156,0.002,0.002,1,1
hidden_quadratic,157,0.002,0.002,1,1
hidden_quadratic,158,0.002,0.002,1,1
hidden_quadratic,159,0.002,0.002,1,1
hidden_quadratic,160,0.002,0.002,1,1
hidden_quadratic,161,0.002,0.002,1,1
hidden_quadratic,162,0.002,0.002,1,1
hidden_quadratic,163,0.002,0.002,1,1
hidden_quadratic,164,0.002,0.002,1,1
hidden_quadratic,165,0.002,0.002,1,1
hidden_quadratic,166,0.002,0.002,1,1
hidden_quadratic,167,0.002,0.002,1,1
hidden_quadratic,168,0.002,0.002,1,1
hidden_quadratic,169,0.002,0.002,1,1
hidden_quadratic,170,0.002,0.002,1,1
hidden_quadratic,171,0.002,0.002,1,1
hidden_quadratic,172,0.002,0.002,1,1
hidden_quadratic,173,0.002,0.002,1,1
hidden_quadratic,174,0.002,0.002,1,1
hidden_quadratic,175,0.002,0.002,1,1
hidden_quadratic,176,0.002,0.002,1,1
hidden_quadratic,177,0.002,0.002,1,1
hidden_quadratic,178,0.002,0.002,1,1
hidden_quadratic,179,0.002,0.002,1,1
hidden_quadratic,180,0.002,0.002,1,1
hidden_quadratic,181,0.002,0.002,1,1
hidden_quadratic,182,0.002,0.002,1,1
hidden_quadratic,183,0.002,0.002,1,1
hidden_quadratic,184,0.002,0.002,1,1
hidden_quadratic,185,0.002,0.002,1,1
hidden_quadratic,186,0.002,0.002,1,1
hidden_quadratic,187,0.002,0.002,1,1
hidden_quadratic,188,0.002,0.002,1,1
hidden_quadratic,189,0.002,0.002,1,1
hidden_quadratic,190,0.002,0.002,1,1
hidden_quadratic,191,0.002,0.002,1,1
hidden_quadratic,192,0.002,0.002,1,1
hidden_quadratic,193,0.002,0.002,1,1
hidden_quadratic,194,0.002,0.002,1,1
hidden_quadratic,195,0.002,0.002,1,1
hidden_quadratic,196,0.002,0.002,1,1
hidden_quadratic,197,0.002,0.002,1,1
hidden_quadratic,198,0.002,0.002,1,1
hidden_quadratic,199,0.002,0.002,1,1
hidden_quadratic,200,0.002,0.002,1,1
hidden_quadratic,201,0.002,0.002,1,1
hidden_quadratic,202,0.002,0.002,1,1
hidden_quadratic,203,0.002,0.002,1,1
hidden_quadratic,204,0.002,0.002,1,1
hidden_quadratic,205,0.002,0.002,1,1
hidden_quadratic,206,0.002,0.002,1,1
hidden_quadratic,207,0.002,0.002,1,1
hidden_quadratic,208,0.002,0.002,1,1
hidden_quadratic,209,0.002,0.002,1,1
hidden_quadratic,210,0.002,0.002,1,1
hidden_quadratic,211,0.002,0.002,1,1
hidden_quadratic,212,0.002,0.002,1,1
hidden_quadratic,213,0.002,0.002,1,1
hidden_quadratic,214,0.002,0.002,1,1
hidden_quadratic,215,0.002,0.002,1,1
hidden_quadratic,216,0.002,0.002,1,1
hidden_quadratic,217,0.002,0.002,1,1
hidden_quadratic,218,0.002,0.002,1,1
hidden_quadratic,219,0.002,0.002,1,1
hidden_quadratic,220,0.002,0.002,1,1
hidden_quadratic,221,0.002,0.002,1,1
hidden_quadratic,222,0.002,0.002,1,1
hidden_quadratic,223,0.002,0.002,1,1
hidden_quadratic,224,0.002,0.002,1,1
hidden_quadratic,225,0.002,0.002,1,1
hidden_quadratic,226,0.002,0.002,1,1
hidden_quadratic,227,0.002,0.002,1,1
hidden_quadratic,228,0.002,0.002,1,1
hidden_quadratic,229,0.002,0.002,1,1
hidden_quadratic,230,0.002,0.002,1,1
hidden_quadratic,231,0.002,0.002,1,1
hidden_quadratic,232,0.002,0.002,1,1
hidden_quadratic,233,0.002,0.002,1,1
hidden_quadratic,234,0.002,0.002,1,1
hidden_quadratic,235,0.002,0.002,1,1
hidden_quadratic,236,0.002,0.002,1,1
hidden_quadratic,237,0.002,0.002,1,1
hidden_quadratic,238,0.002,0.002,1,1
hidden_quadratic,239,0.002,0.002,1,1
hidden_quadratic,240,0.002,0.002,1,1
hidden_quadratic,241,0.002,0.002,1,1
hidden_quadratic,242,0.002,0.002,1,1
hidden_quadratic,243,0.002,0.002,1,1
hidden_quadratic,244,0.002,0.002,1,1
hidden_quadratic,245,0.002,0.002,1,1
hidden_quadratic,246,0.002,0.002,1,1
hidden_quadratic,247,0.002,0.002,1,1
hidden_quadratic,248,0.002,0.002,1,1
hidden_quadratic,249,0.002,0.002,1,1
hidden_quadratic,250,0.002,0.002,1,1
hidden_quadratic,251,0.002,0.002,1,1
hidden_quadratic,252,0.002,0.002,1,1
hidden_quadratic,253,0.002,0.002,1,1
hidden_quadratic,254,0.002,0.002,1,1
hidden_quadratic,255,0.002,0.002,1,1
hidden_quadratic,256,0.002,0.002,1,1
hidden_quadratic,257,0.002,0.002,1,1
hidden_quadratic,258,0.002,0.002,1,1
hidden_quadratic,259,0.002,0.002,1,1
hidden_quadratic,260,0.002,0.002,1,1
hidden_quadratic,261,0.002,0.002,1,1
hidden_quadratic,262,0.002,0.002,1,1
hidden_quadratic,263,0.002,0.002,1,1
hidden_quadratic,264,0.002,0.002,1,1
hidden_quadratic,265,0.002,0.002,1,1
hidden_quadratic,266,0.002,0.002,1,1
hidden_quadratic,267,0.002,0.002,1,1
hidden_quadratic,268,0.002,0.002,1,1
hidden_quadratic,269,0.002,0.002,1,1
hidden_quadratic,270,0.002,0.002,1,1
hidden_quadratic,271,0.002,0.002,1,1
hidden_quadratic,272,0.002,0.002,1,1
hidden_quadratic,273,0.002,0.002,1,1
hidden_quadratic,274,0.002,0.002,1,1
hidden_quadratic,275,0.002,0.002,1,1
hidden_quadratic,276,0.002,0.002,1,1
hidden_quadratic,277,0.002,0.002,1,1
hidden_quadratic,278,0.002,0.002,1,1
hidden_quadratic,279,0.002,0.002,1,1
hidden_quadratic,280,0.002,0.002,1,1
hidden_quadratic,281,0.002,0.002,1,1
hidden_quadratic,282,0.002,0.002,1,1
hidden_quadratic,283,0.002,0.002,1,1
hidden_quadratic,284,0.002,0.002,1,1
hidden_quadratic,285,0.002,0.002,1,1
hidden_quadratic,286,0.002,0.002,1,1
hidden_quadratic,287,0.002,0.002,1,1
hidden_quadratic,288,0.002,0.002,1,1
hidden_quadratic,289,0.002,0.002,1,1
hidden_quadratic,290,0.002,0.002,1,1
hidden_quadratic,291,0.002,0.002,1,1
hidden_quadratic,292,0.002,0.002,1,1
hidden_quadratic,293,0.002,0.002,1,1
hidden_quadratic,294,0.002,0.002,1,1
hidden_quadratic,295,0.002,0.002,1,1
hidden_quadratic,296,0.002,0.002,1,1
hidden_quadratic,297,0.002,0.002,1,1
hidden_quadratic,298,0.002,0.002,1,1
hidden_quadratic,299,0.002,0.002,1,1
hidden_quadratic,300,0.002,0.002,1,1
hidden_quadratic,301,0.002,0.002,1,1
hidden_quadratic,302,0.002,0.002,1,1
hidden_quadratic,303,0.002,0.002,1,1
hidden_quadratic,304,0.002,0.002,1,1
hidden_quadratic,305,0.002,0.002,1,1
hidden_quadratic,306,0.002,0.002,1,1
hidden_quadratic,307,0.002,0.002,1,1
hidden_quadratic,308,0.002,0.002,1,1
hidden_quadratic,309,0.002,0.002,1,1
hidden_quadratic,310,0.002,0.002,1,1
hidden_quadratic,311,0.002,0.002,1,1
hidden_quadratic,312,0.002,0.002,1,1
hidden_quadratic,313,0.002,0.002,1,1
hidden_quadratic,314,0.002,0.002,1,1
hidden_quadratic,315,0.002,0.002,1,1
hidden_quadratic,316,0.002,0.002,1,1
hidden_quadratic,317,0.002,0.002,1,1
hidden_quadratic,318,0.002,0.002,1,1
hidden_quadratic,319,0.002,0.002,1,1
hidden_quadratic,320,0.002,0.002,1,1
hidden_quadratic,321,0.002,0.002,1,1
hidden_quadratic,322,0.002,0.002,1,1
hidden_quadratic,323,0.002,0.002,1,1
hidden_quadratic,324,0.002,0.002,1,1
hidden_quadratic,325,0.002,0.002,1,1
hidden_quadratic,326,0.002,0.002,1,1
hidden_quadratic,327,0.002,0.002,1,1
hidden_quadratic,328,0.002,0.002,1,1
hidden_quadratic,329,0.002,0.002,1,1
hidden_quadratic,330,0.002,0.002,1,1
hidden_quadratic,331,0.002,0.002,1,1
hidden_quadratic,332,0.002,0.002,1,1
hidden_quadratic,333,0.002,0.002,1,1
hidden_quadratic,334,0.002,0.002,1,1
hidden_quadratic,335,0.002,0.002,1,1
hidden_quadratic,336,0.002,0.002,1,1
hidden_quadratic,337,0.002,0.002,1,1
hidden_quadratic,338,0.002,0.002,1,1
hidden_quadratic,339,0.002,0.002,1,1
hidden_quadratic,340,0.002,0.002,1,1
hidden_quadratic,341,0.002,0.002,1,1
hidden_quadratic,342,0.002,0.002,1,1
hidden_quadratic,343,0.002,0.002,1,1
hidden_quadratic,344,0.002,0.002,1,1
hidden_quadratic,345,0.002,0.002,1,1
hidden_quadratic,346,0.002,0.002,1,1
hidden_quadratic,347,0.002,0.002,1,1
hidden_quadratic,348,0.002,0.002,1,1
hidden_quadratic,349,0.002,0.002,1,1
hidden_quadratic,350,0.002,0.002,1,1
hidden_quadratic,351,0.002,0.002,1,1
hidden_quadratic,352,0.002,0.002,1,1
hidden_quadratic,353,0.002,0.002,1,1
hidden_quadratic,354,0.002,0.002,1,1
hidden_quadratic,355,0.002,0.002,1,1
hidden_quadratic,356,0.002,0.002,1,1
hidden_quadratic,357,0.002,0.002,1,1
hidden_quadratic,358,0.002,0.002,1,1
hidden_quadratic,359,0.002,0.002,1,1
hidden_quadratic,360,0.002,0.002,1,1
hidden_quadratic,361,0.002,0.002,1,1
hidden_quadratic,362,0.002,0.002,1,1
hidden_quadratic,363,0.002,0.002,1,1
hidden_quadratic,364,0.002,0.002,1,1
hidden_quadratic,365,0.002,0.002,1,1
hidden_quadratic,366,0.002,0.002,1,1
hidden_quadratic,367,0.002,0.002,1,1
hidden_quadratic,368,0.002,0.002,1,1
hidden_quadratic,369,0.002,0.002,1,1
hidden_quadratic,370,0.002,0.002,1,1
hidden_quadratic,371,0.002,0.002,1,1
hidden_quadratic,372,0.002,0.002,1,1
hidden_quadratic,373,0.002,0.002,1,1
hidden_quadratic,374,0.002,0.002,1,1
hidden_quadratic,375,0.002,0.002,1,1
hidden_quadratic,376,0.002,0.002,1,1
hidden_quadratic,377,0.002,0.002,1,1
hidden_quadratic,378,0.002,0.002,1,1
hidden_quadratic,379,0.002,0.002,1,1
hidden_quadratic,380,0.002,0.002,1,1
hidden_quadratic,381,0.002,0.002,1,1
hidden_quadratic,382,0.002,0.002,1,1
hidden_quadratic,383,0.002,0.002,1,1
hidden_quadratic,384,0.002,0.002,1,1
hidden_quadratic,385,0.002,0.002,1,1
hidden_quadratic,386,0.002,0.002,1,1
hidden_quadratic,387,0.002,0.002,1,1
hidden_quadratic,388,0.002,0.002,1,1
hidden_quadratic,389,0.002,0.002,1,1
hidden_quadratic,390,0.002,0.002,1,1
hidden_quadratic,391,0.002,0.002,1,1
hidden_quadratic,392,0.002,0.002,1,1
hidden_quadratic,393,0.002,0.002,1,1
hidden_quadratic,394,0.002,0.002,1,1
hidden_quadratic,395,0.002,0.002,1,1
hidden_quadratic,396,0.002,0.002,1,1
hidden_quadratic,397,0.002,0.002,1,1
hidden_quadratic,398,0.002,0.002,1,1
hidden_quadratic,399,0.002,0.002,1,1
hidden_quadratic,400,0.002,0.002,1,1
hidden_quadratic,401,0.002,0.002,1,1
hidden_quadratic,402,0.002,0.002,1,1
hidden_quadratic,403,0.002,0.002,1,1
hidden_quadratic,404,0.002,0.002,1,1
hidden_quadratic,405,0.002,0.002,1,1
hidden_quadratic,406,0.002,0.002,1,1
hidden_quadratic,407,0.002,0.002,1,1
hidden_quadratic,408,0.002,0.002,1,1
hidden_quadratic,409,0.002,0.002,1,1
hidden_quadratic,410,0.002,0.002,1,1
hidden_quadratic,411,0.002,0.002,1,1
hidden_quadratic,412,0.002,0.002,1,1
hidden_quadratic,413,0.002,0.002,1,1
hidden_quadratic,414,0.002,0.002,1,1
hidden_quadratic,415,0.002,0.002,1,1
hidden_quadratic,416,0.002,0.002,1,1
hidden_quadratic,417,0.002,0.002,1,1
hidden_quadratic,418,0.002,0.002,1,1
hidden_quadratic,419,0.002,0.002,1,1
hidden_quadratic,420,0.002,0.002,1,1
hidden_quadratic,421,0.002,0.002,1,1
hidden_quadratic,422,0.002,0.002,1,1
hidden_quadratic,423,0.002,0.002,1,1
hidden_quadratic,424,0.002,0.002,1,1
hidden_quadratic,425,0.002,0.002,1,1
hidden_quadratic,426,0.002,0.002,1,1
hidden_quadratic,427,0.002,0.002,1,1
hidden_quadratic,428,0.002,0.002,1,1
hidden_quadratic,429,0.002,0.002,1,1
hidden_quadratic,430,0.002,0.002,1,1
hidden_quadratic,431,0.002,0.002,1,1
hidden_quadratic,432,0.002,0.002,1,1
hidden_quadratic,433,0.002,0.002,1,1
hidden_quadratic,434,0.002,0.002,1,1
hidden_quadratic,435,0.002,0.002,1,1
hidden_quadratic,436,0.002,0.002,1,1
hidden_quadratic,437,0.002,0.002,1,1
hidden_quadratic,438,0.002,0.002,1,1
hidden_quadratic,439,0.002,0.002,1,1
hidden_quadratic,440,0.002,0.002,1,1
hidden_quadratic,441,0.002,0.002,1,1
hidden_quadratic,442,0.002,0.002,1,1
hidden_quadratic,443,0.002,0.002,1,1
hidden_quadratic,444,0.002,0.002,1,1
hidden_quadratic,445,0.002,0.002,1,1
hidden_quadratic,446,0.002,0.002,1,1
hidden_quadratic,447,0.002,0.002,1,1
hidden_quadratic,448,0.002,0.002,1,1
hidden_quadratic,449,0.002,0.002,1,1
hidden_quadratic,450,0.002,0.002,1,1
hidden_quadratic,451,0.002,0.002,1,1
hidden_quadratic,452,0.002,0.002,1,1
hidden_quadratic,453,0.002,0.002,1,1
hidden_quadratic,454,0.002,0.002,1,1
hidden_quadratic,455,0.002,0.002,1,1
hidden_quadratic,456,0.002,0.002,1,1
hidden_quadratic,457,0.002,0.002,1,1
hidden_quadratic,458,0.002,0.002,1,1
hidden_quadratic,459,0.002,0.002,1,1
hidden_quadratic,460,0.002,0.002,1,1
hidden_quadratic,461,0.002,0.002,1,1
hidden_quadratic,462,0.002,0.002,1,1
hidden_quadratic,463,0.002,0.002,1,1
hidden_quadratic,464,0.002,0.002,1,1
hidden_quadratic,465,0.002,0.002,1,1
hidden_quadratic,466,0.002,0.002,1,1
hidden_quadratic,467,0.002,0.002,1,1
hidden_quadratic,468,0.002,0.002,1,1
hidden_quadratic,469,0.002,0.002,1,1
hidden_quadratic,470,0.002,0.002,1,1
hidden_quadratic,471,0.002,0.002,1,1
hidden_quadratic,472,0.002,0.002,1,1
hidden_quadratic,473,0.002,0.002,1,1
hidden_quadratic,474,0.002,0.002,1,1
hidden_quadratic,475,0.002,0.002,1,1
hidden_quadratic,476,0.002,0.002,1,1
hidden_quadratic,477,0.002,0.002,1,1
hidden_quadratic,478,0.002,0.002,1,1
hidden_quadratic,479,0.002,0.002,1,1
hidden_quadratic,480,0.002,0.002,1,1
hidden_quadratic,481,0.002,0.002,1,1
hidden_quadratic,482,0.002,0.002,1,1
hidden_quadratic,483,0.002,0.002,1,1
hidden_quadratic,484,0.002,0.002,1,1
hidden_quadratic,485,0.002,0.002,1,1
hidden_quadratic,486,0.002,0.002,1,1
hidden_quadratic,487,0.002,0.002,1,1
hidden_quadratic,488,0.002,0.002,1,1
hidden_quadratic,489,0.002,0.002,1,1
hidden_quadratic,490,0.002,0.002,1,1
hidden_quadratic,491,0.002,0.002,1,1
hidden_quadratic,492,0.002,0.002,1,1
hidden_quadratic,493,0.002,0.002,1,1
hidden_quadratic,494,0.002,0.002,1,1
hidden_quadratic,495,0.002,0.002,1,1
hidden_quadratic,496,0.002,0.002,1,1
hidden_quadratic,497,0.002,0.002,1,1
hidden_quadratic,498,0.002,0.002,1,1
hidden_quadratic,499,0.002,0.002,1,1
hidden_orthogonal,0,0.002,0.002,1,1
hidden_orthogonal,1,0.002,0.002,1,1
hidden_orthogonal,2,0.002,0.002,1,1
hidden_orthogonal,3,0.002,0.002,1,1
hidden_orthogonal,4,0.002,0.002,1,1
hidden_orthogonal,5,0.002,0.002,1,1
hidden_orthogonal,6,0.002,0.002,1,1
hidden_orthogonal,7,0.002,0.002,1,1
hidden_orthogonal,8,0.002,0.002,1,1
hidden_orthogonal,9,0.002,0.002,1,1
hidden_orthogonal,10,0.002,0.002,1,1
hidden_orthogonal,11,0.002,0.002,1,1
hidden_orthogonal,12,0.002,0.002,1,1
hidden_orthogonal,13,0.002,0.002,1,1
hidden_orthogonal,14,0.002,0.002,1,1
hidden_orthogonal,15,0.002,0.002,1,1
hidden_orthogonal,16,0.002,0.002,1,1
hidden_orthogonal,17,0.002,0.002,1,1
hidden_orthogonal,18,0.002,0.002,1,1
hidden_orthogonal,19,0.002,0.002,1,1
hidden_orthogonal,20,0.002,0.002,1,1
hidden_orthogonal,21,0.002,0.002,1,1
hidden_orthogonal,22,0.002,0.002,1,1
hidden_orthogonal,23,0.002,0.002,1,1
hidden_orthogonal,24,0.002,0.002,1,1
hidden_orthogonal,25,0.002,0.002,1,1
hidden_orthogonal,26,0.002,0.002,1,1
hidden_orthogonal,27,0.002,0.002,1,1
hidden_orthogonal,28,0.002,0.002,1,1
hidden_orthogonal,29,0.002,0.002,1,1
hidden_orthogonal,30,0.002,0.002,1,1
hidden_orthogonal,31,0.002,0.002,1,1
hidden_orthogonal,32,0.002,0.002,1,1
hidden_orthogonal,33,0.002,0.002,1,1
hidden_orthogonal,34,0.002,0.002,1,1
hidden_orthogonal,35,0.002,0.002,1,1
hidden_orthogonal,36,0.002,0.002,1,1
hidden_orthogonal,37,0.002,0.002,1,1
hidden_orthogonal,38,0.002,0.002,1,1
hidden_orthogonal,39,0.002,0.002,1,1
hidden_orthogonal,40,0.002,0.002,1,1
hidden_orthogonal,41,0.002,0.002,1,1
hidden_orthogonal,42,0.002,0.002,1,1
hidden_orthogonal,43,0.002,0.002,1,1
hidden_orthogonal,44,0.002,0.002,1,1
hidden_orthogonal,45,0.002,0.002,1,1
hidden_orthogonal,46,0.002,0.002,1,1
hidden_orthogonal,47,0.002,0.002,1,1
hidden_orthogonal,48,0.002,0.002,1,1
hidden_orthogonal,49,0.002,0.002,1,1
hidden_orthogonal,50,0.002,0.002,1,1
hidden_orthogonal,51,0.002,0.002,1,1
hidden_orthogonal,52,0.002,0.002,1,1
hidden_orthogonal,53,0.002,0.002,1,1
hidden_orthogonal,54,0.002,0.002,1,1
hidden_orthogonal,55,0.002,0.002,1,1
hidden_orthogonal,56,0.002,0.002,1,1
hidden_orthogonal,57,0.002,0.002,1,1
hidden_orthogonal,58,0.002,0.002,1,1
hidden_orthogonal,59,0.002,0.002,1,1
hidden_orthogonal,60,0.002,0.002,1,1
hidden_orthogonal,61,0.002,0.002,1,1
hidden_orthogonal,62,0.002,0.002,1,1
hidden_orthogonal,63,0.002,0.002,1,1
hidden_orthogonal,64,0.002,0.002,1,1
hidden_orthogonal,65,0.002,0.002,1,1
hidden_orthogonal,66,0.002,0.002,1,1
hidden_orthogonal,67,0.002,0.002,1,1
hidden_orthogonal,68,0.002,0.002,1,1
hidden_orthogonal,69,0.002,0.002,1,1
hidden_orthogonal,70,0.002,0.002,1,1
hidden_orthogonal,71,0.002,0.002,1,1
hidden_orthogonal,72,0.002,0.002,1,1
hidden_orthogonal,73,0.002,0.002,1,1
hidden_orthogonal,74,0.002,0.002,1,1
hidden_orthogonal,75,0.002,0.002,1,1
hidden_orthogonal,76,0.002,0.002,1,1
hidden_orthogonal,77,0.002,0.002,1,1
hidden_orthogonal,78,0.002,0.002,1,1
hidden_orthogonal,79,0.002,0.002,1,1
hidden_orthogonal,80,0.002,0.002,1,1
hidden_orthogonal,81,0.002,0.002,1,1
hidden_orthogonal,82,0.002,0.002,1,1
hidden_orthogonal,83,0.002,0.002,1,1
hidden_orthogonal,84,0.002,0.002,1,1
hidden_orthogonal,85,0.002,0.002,1,1
hidden_orthogonal,86,0.002,0.002,1,1
hidden_orthogonal,87,0.002,0.002,1,1
hidden_orthogonal,88,0.002,0.002,1,1
hidden_orthogonal,89,0.002,0.002,1,1
hidden_orthogonal,90,0.002,0.002,1,1
hidden_orthogonal,91,0.002,0.002,1,1
hidden_orthogonal,92,0.002,0.002,1,1
hidden_orthogonal,93,0.002,0.002,1,1
hidden_orthogonal,94,0.002,0.002,1,1
hidden_orthogonal,95,0.002,0.002,1,1
hidden_orthogonal,96,0.002,0.002,1,1
hidden_orthogonal,97,0.002,0.002,1,1
hidden_orthogonal,98,0.002,0.002,1,1
hidden_orthogonal,99,0.002,0.002,1,1
hidden_orthogonal,100,0.002,0.002,1,1
hidden_orthogonal,101,0.002,0.002,1,1
hidden_orthogonal,102,0.002,0.002,1,1
hidden_orthogonal,103,0.002,0.002,1,1
hidden_orthogonal,104,0.002,0.002,1,1
hidden_orthogonal,105,0.002,0.002,1,1
hidden_orthogonal,106,0.002,0.002,1,1
hidden_orthogonal,107,0.002,0.002,1,1
hidden_orthogonal,108,0.002,0.002,1,1
hidden_orthogonal,109,0.002,0.002,1,1
hidden_orthogonal,110,0.002,0.002,1,1
hidden_orthogonal,111,0.002,0.002,1,1
hidden_orthogonal,112,0.002,0.002,1,1
hidden_orthogonal,113,0.002,0.002,1,1
hidden_orthogonal,114,0.002,0.002,1,1
hidden_orthogonal,115,0.002,0.002,1,1
hidden_orthogonal,116,0.002,0.002,1,1
hidden_orthogonal,117,0.002,0.002,1,1
hidden_orthogonal,118,0.002,0.002,1,1
hidden_orthogonal,119,0.002,0.002,1,1
hidden_orthogonal,120,0.002,0.002,1,1
hidden_orthogonal,121,0.002,0.002,1,1
hidden_orthogonal,122,0.002,0.002,1,1
hidden_orthogonal,123,0.002,0.002,1,1
hidden_orthogonal,124,0.002,0.002,1,1
hidden_orthogonal,125,0.002,0.002,1,1
hidden_orthogonal,126,0.002,0.002,1,1
hidden_orthogonal,127,0.002,0.002,1,1
hidden_orthogonal,128,0.002,0.002,1,1
hidden_orthogonal,129,0.002,0.002,1,1
hidden_orthogonal,130,0.002,0.002,1,1
hidden_orthogonal,131,0.002,0.002,1,1
hidden_orthogonal,132,0.002,0.002,1,1
hidden_orthogonal,133,0.002,0.002,1,1
hidden_orthogonal,134,0.002,0.002,1,1
hidden_orthogonal,135,0.002,0.002,1,1
hidden_orthogonal,136,0.002,0.002,1,1
hidden_orthogonal,137,0.002,0.002,1,1
hidden_orthogonal,138,0.002,0.002,1,1
hidden_orthogonal,139,0.002,0.002,1,1
hidden_orthogonal,140,0.002,0.002,1,1
hidden_orthogonal,141,0.002,0.002,1,1
hidden_orthogonal,142,0.002,0.002,1,1
hidden_orthogonal,143,0.002,0.002,1,1
hidden_orthogonal,144,0.002,0.002,1,1
hidden_orthogonal,145,0.002,0.002,1,1
hidden_orthogonal,146,0.002,0.002,1,1
hidden_orthogonal,147,0.002,0.002,1,1
hidden_orthogonal,148,0.002,0.002,1,1
hidden_orthogonal,149,0.002,0.002,1,1
hidden_orthogonal,150,0.002,0.002,1,1
hidden_orthogonal,151,0.002,0.002,1,1
hidden_orthogonal,152,0.002,0.002,1,1
hidden_orthogonal,153,0.002,0.002,1,1
hidden_orthogonal,154,0.002,0.002,1,1
hidden_orthogonal,155,0.002,0.002,1,1
hidden_orthogonal,156,0.002,0.002,1,1
hidden_orthogonal,157,0.002,0.002,1,1
hidden_orthogonal,158,0.002,0.002,1,1
hidden_orthogonal,159,0.002,0.002,1,1
hidden_orthogonal,160,0.002,0.002,1,1
hidden_orthogonal,161,0.002,0.002,1,1
hidden_orthogonal,162,0.002,0.002,1,1
hidden_orthogonal,163,0.002,0.002,1,1
hidden_orthogonal,164,0.002,0.002,1,1
hidden_orthogonal,165,0.002,0.002,1,1
hidden_orthogonal,166,0.002,0.002,1,1
hidden_orthogonal,167,0.002,0.002,1,1
hidden_orthogonal,168,0.002,0.002,1,1
hidden_orthogonal,169,0.002,0.002,1,1
hidden_orthogonal,170,0.002,0.002,1,1
hidden_orthogonal,171,0.002,0.002,1,1
hidden_orthogonal,172,0.002,0.002,1,1
hidden_orthogonal,173,0.002,0.002,1,1
hidden_orthogonal,174,0.002,0.002,1,1
hidden_orthogonal,175,0.002,0.002,1,1
hidden_orthogonal,176,0.002,0.002,1,1
hidden_orthogonal,177,0.002,0.002,1,1
hidden_orthogonal,178,0.002,0.002,1,1
hidden_orthogonal,179,0.002,0.002,1,1
hidden_orthogonal,180,0.002,0.002,1,1
hidden_orthogonal,181,0.002,0.002,1,1
hidden_orthogonal,182,0.002,0.002,1,1
hidden_orthogonal,183,0.002,0.002,1,1
hidden_orthogonal,184,0.002,0.002,1,1
hidden_orthogonal,185,0.002,0.002,1,1
hidden_orthogonal,186,0.002,0.002,1,1
hidden_orthogonal,187,0.002,0.002,1,1
hidden_orthogonal,188,0.002,0.002,1,1
hidden_orthogonal,189,0.002,0.002,1,1
hidden_orthogonal,190,0.002,0.002,1,1
hidden_orthogonal,191,0.002,0.002,1,1
hidden_orthogonal,192,0.002,0.002,1,1
hidden_orthogonal,193,0.002,0.002,1,1
hidden_orthogonal,194,0.002,0.002,1,1
hidden_orthogonal,195,0.002,0.002,1,1
hidden_orthogonal,196,0.002,0.002,1,1
hidden_orthogonal,197,0.002,0.002,1,1
hidden_orthogonal,198,0.002,0.002,1,1
hidden_orthogonal,199,0.002,0.002,1,1
hidden_orthogonal,200,0.002,0.002,1,1
hidden_orthogonal,201,0.002,0.002,1,1
hidden_orthogonal,202,0.002,0.002,1,1
hidden_orthogonal,203,0.002,0.002,1,1
hidden_orthogonal,204,0.002,0.002,1,1
hidden_orthogonal,205,0.002,0.002,1,1
hidden_orthogonal,206,0.002,0.002,1,1
hidden_orthogonal,207,0.002,0.002,1,1
hidden_orthogonal,208,0.002,0.002,1,1
hidden_orthogonal,209,0.002,0.002,1,1
hidden_orthogonal,210,0.002,0.002,1,1
hidden_orthogonal,211,0.002,0.002,1,1
hidden_orthogonal,212,0.002,0.002,1,1
hidden_orthogonal,213,0.002,0.002,1,1
hidden_orthogonal,214,0.002,0.002,1,1
hidden_orthogonal,215,0.002,0.002,1,1
hidden_orthogonal,216,0.002,0.002,1,1
hidden_orthogonal,217,0.002,0.002,1,1
hidden_orthogonal,218,0.002,0.002,1,1
hidden_orthogonal,219,0.002,0.002,1,1
hidden_orthogonal,220,0.002,0.002,1,1
hidden_orthogonal,221,0.002,0.002,1,1
hidden_orthogonal,222,0.002,0.002,1,1
hidden_orthogonal,223,0.002,0.002,1,1
hidden_orthogonal,224,0.002,0.002,1,1
hidden_orthogonal,225,0.002,0.002,1,1
hidden_orthogonal,226,0.002,0.002,1,1
hidden_orthogonal,227,0.002,0.002,1,1
hidden_orthogonal,228,0.002,0.002,1,1
hidden_orthogonal,229,0.002,0.002,1,1
hidden_orthogonal,230,0.002,0.002,1,1
hidden_orthogonal,231,0.002,0.002,1,1
hidden_orthogonal,232,0.002,0.002,1,1
hidden_orthogonal,233,0.002,0.002,1,1
hidden_orthogonal,234,0.002,0.002,1,1
hidden_orthogonal,235,0.002,0.002,1,1
hidden_orthogonal,236,0.002,0.002,1,1
hidden_orthogonal,237,0.002,0.002,1,1
hidden_orthogonal,238,0.002,0.002,1,1
hidden_orthogonal,239,0.002,0.002,1,1
hidden_orthogonal,240,0.002,0.002,1,1
hidden_orthogonal,241,0.002,0.002,1,1
hidden_orthogonal,242,0.002,0.002,1,1
hidden_orthogonal,243,0.002,0.002,1,1
hidden_orthogonal,244,0.002,0.002,1,1
hidden_orthogonal,245,0.002,0.002,1,1
hidden_orthogonal,246,0.002,0.002,1,1
hidden_orthogonal,247,0.002,0.002,1,1
hidden_orthogonal,248,0.002,0.002,1,1
hidden_orthogonal,249,0.002,0.002,1,1
hidden_orthogonal,250,0.002,0.002,1,1
hidden_orthogonal,251,0.002,0.002,1,1
hidden_orthogonal,252,0.002,0.002,1,1
hidden_orthogonal,253,0.002,0.002,1,1
hidden_orthogonal,254,0.002,0.002,1,1
hidden_orthogonal,255,0.002,0.002,1,1
hidden_orthogonal,256,0.002,0.002,1,1
hidden_orthogonal,257,0.002,0.002,1,1
hidden_orthogonal,258,0.002,0.002,1,1
hidden_orthogonal,259,0.002,0.002,1,1
hidden_orthogonal,260,0.002,0.002,1,1
hidden_orthogonal,261,0.002,0.002,1,1
hidden_orthogonal,262,0.002,0.002,1,1
hidden_orthogonal,263,0.002,0.002,1,1
hidden_orthogonal,264,0.002,0.002,1,1
hidden_orthogonal,265,0.002,0.002,1,1
hidden_orthogonal,266,0.002,0.002,1,1
hidden_orthogonal,267,0.002,0.002,1,1
hidden_orthogonal,268,0.002,0.002,1,1
hidden_orthogonal,269,0.002,0.002,1,1
hidden_orthogonal,270,0.002,0.002,1,1
hidden_orthogonal,271,0.002,0.002,1,1
hidden_orthogonal,272,0.002,0.002,1,1
hidden_orthogonal,273,0.002,0.002,1,1
hidden_orthogonal,274,0.002,0.002,1,1
hidden_orthogonal,275,0.002,0.002,1,1
hidden_orthogonal,276,0.002,0.002,1,1
hidden_orthogonal,277,0.002,0.002,1,1
hidden_orthogonal,278,0.002,0.002,1,1
hidden_orthogonal,279,0.002,0.002,1,1
hidden_orthogonal,280,0.002,0.002,1,1
hidden_orthogonal,281,0.002,0.002,1,1
hidden_orthogonal,282,0.002,0.002,1,1
hidden_orthogonal,283,0.002,0.002,1,1
hidden_orthogonal,284,0.002,0.002,1,1
hidden_orthogonal,285,0.002,0.002,1,1
hidden_orthogonal,286,0.002,0.002,1,1
hidden_orthogonal,287,0.002,0.002,1,1
hidden_orthogonal,288,0.002,0.002,1,1
hidden_orthogonal,289,0.002,0.002,1,1
hidden_orthogonal,290,0.002,0.002,1,1
hidden_orthogonal,291,0.002,0.002,1,1
hidden_orthogonal,292,0.002,0.002,1,1
hidden_orthogonal,293,0.002,0.002,1,1
hidden_orthogonal,294,0.002,0.002,1,1
hidden_orthogonal,295,0.002,0.002,1,1
hidden_orthogonal,296,0.002,0.002,1,1
hidden_orthogonal,297,0.002,0.002,1,1
hidden_orthogonal,298,0.002,0.002,1,1
hidden_orthogonal,299,0.002,0.002,1,1
hidden_orthogonal,300,0.002,0.002,1,1
hidden_orthogonal,301,0.002,0.002,1,1
hidden_orthogonal,302,0.002,0.002,1,1
hidden_orthogonal,303,0.002,0.002,1,1
hidden_orthogonal,304,0.002,0.002,1,1
hidden_orthogonal,305,0.002,0.002,1,1
hidden_orthogonal,306,0.002,0.002,1,1
hidden_orthogonal,307,0.002,0.002,1,1
hidden_orthogonal,308,0.002,0.002,1,1
hidden_orthogonal,309,0.002,0.002,1,1
hidden_orthogonal,310,0.002,0.002,1,1
hidden_orthogonal,311,0.002,0.002,1,1
hidden_orthogonal,312,0.002,0.002,1,1
hidden_orthogonal,313,0.002,0.002,1,1
hidden_orthogonal,314,0.002,0.002,1,1
hidden_orthogonal,315,0.002,0.002,1,1
hidden_orthogonal,316,0.002,0.002,1,1
hidden_orthogonal,317,0.002,0.002,1,1
hidden_orthogonal,318,0.002,0.002,1,1
hidden_orthogonal,319,0.002,0.002,1,1
hidden_orthogonal,320,0.002,0.002,1,1
hidden_orthogonal,321,0.002,0.002,1,1
hidden_orthogonal,322,0.002,0.002,1,1
hidden_orthogonal,323,0.002,0.002,1,1
hidden_orthogonal,324,0.002,0.002,1,1
hidden_orthogonal,325,0.002,0.002,1,1
hidden_orthogonal,326,0.002,0.002,1,1
hidden_orthogonal,327,0.002,0.002,1,1
hidden_orthogonal,328,0.002,0.002,1,1
hidden_orthogonal,329,0.002,0.002,1,1
hidden_orthogonal,330,0.002,0.002,1,1
hidden_orthogonal,331,0.002,0.002,1,1
hidden_orthogonal,332,0.002,0.002,1,1
hidden_orthogonal,333,0.002,0.002,1,1
hidden_orthogonal,334,0.002,0.002,1,1
hidden_orthogonal,335,0.002,0.002,1,1
hidden_orthogonal,336,0.002,0.002,1,1
hidden_orthogonal,337,0.002,0.002,1,1
hidden_orthogonal,338,0.002,0.002,1,1
hidden_orthogonal,339,0.002,0.002,1,1
hidden_orthogonal,340,0.002,0.002,1,1
hidden_orthogonal,341,0.002,0.002,1,1
hidden_orthogonal,342,0.002,0.002,1,1
hidden_orthogonal,343,0.002,0.002,1,1
hidden_orthogonal,344,0.002,0.002,1,1
hidden_orthogonal,345,0.002,0.002,1,1
hidden_orthogonal,346,0.002,0.002,1,1
hidden_orthogonal,347,0.002,0.002,1,1
hidden_orthogonal,348,0.002,0.002,1,1
hidden_orthogonal,349,0.002,0.002,1,1
hidden_orthogonal,350,0.002,0.002,1,1
hidden_orthogonal,351,0.002,0.002,1,1
hidden_orthogonal,352,0.002,0.002,1,1
hidden_orthogonal,353,0.002,0.002,1,1
hidden_orthogonal,354,0.002,0.002,1,1
hidden_orthogonal,355,0.002,0.002,1,1
hidden_orthogonal,356,0.002,0.002,1,1
hidden_orthogonal,357,0.002,0.002,1,1
hidden_orthogonal,358,0.002,0.002,1,1
hidden_orthogonal,359,0.002,0.002,1,1
hidden_orthogonal,360,0.002,0.002,1,1
hidden_orthogonal,361,0.002,0.002,1,1
hidden_orthogonal,362,0.002,0.002,1,1
hidden_orthogonal,363,0.002,0.002,1,1
hidden_orthogonal,364,0.002,0.002,1,1
hidden_orthogonal,365,0.002,0.002,1,1
hidden_orthogonal,366,0.002,0.002,1,1
hidden_orthogonal,367,0.002,0.002,1,1
hidden_orthogonal,368,0.002,0.002,1,1
hidden_orthogonal,369,0.002,0.002,1,1
hidden_orthogonal,370,0.002,0.002,1,1
hidden_orthogonal,371,0.002,0.002,1,1
hidden_orthogonal,372,0.002,0.002,1,1
hidden_orthogonal,373,0.002,0.002,1,1
hidden_orthogonal,374,0.002,0.002,1,1
hidden_orthogonal,375,0.002,0.002,1,1
hidden_orthogonal,376,0.002,0.002,1,1
hidden_orthogonal,377,0.002,0.002,1,1
hidden_orthogonal,378,0.002,0.002,1,1
hidden_orthogonal,379,0.002,0.002,1,1
hidden_orthogonal,380,0.002,0.002,1,1
hidden_orthogonal,381,0.002,0.002,1,1
hidden_orthogonal,382,0.002,0.002,1,1
hidden_orthogonal,383,0.002,0.002,1,1
hidden_orthogonal,384,0.002,0.002,1,1
hidden_orthogonal,385,0.002,0.002,1,1
hidden_orthogonal,386,0.002,0.002,1,1
hidden_orthogonal,387,0.002,0.002,1,1
hidden_orthogonal,388,0.002,0.002,1,1
hidden_orthogonal,389,0.002,0.002,1,1
hidden_orthogonal,390,0.002,0.002,1,1
hidden_orthogonal,391,0.002,0.002,1,1
hidden_orthogonal,392,0.002,0.002,1,1
hidden_orthogonal,393,0.002,0.002,1,1
hidden_orthogonal,394,0.002,0.002,1,1
hidden_orthogonal,395,0.002,0.002,1,1
hidden_orthogonal,396,0.002,0.002,1,1
hidden_orthogonal,397,0.002,0.002,1,1
hidden_orthogonal,398,0.002,0.002,1,1
hidden_orthogonal,399,0.002,0.002,1,1
hidden_orthogonal,400,0.002,0.002,1,1
hidden_orthogonal,401,0.002,0.002,1,1
hidden_orthogonal,402,0.002,0.002,1,1
hidden_orthogonal,403,0.002,0.002,1,1
hidden_orthogonal,404,0.002,0.002,1,1
hidden_orthogonal,405,0.002,0.002,1,1
hidden_orthogonal,406,0.002,0.002,1,1
hidden_orthogonal,407,0.002,0.002,1,1
hidden_orthogonal,408,0.002,0.002,1,1
hidden_orthogonal,409,0.002,0.002,1,1
hidden_orthogonal,410,0.002,0.002,1,1
hidden_orthogonal,411,0.002,0.002,1,1
hidden_orthogonal,412,0.002,0.002,1,1
hidden_orthogonal,413,0.002,0.002,1,1
hidden_orthogonal,414,0.002,0.002,1,1
hidden_orthogonal,415,0.002,0.002,1,1
hidden_orthogonal,416,0.002,0.002,1,1
hidden_orthogonal,417,0.002,0.002,1,1
hidden_orthogonal,418,0.002,0.002,1,1
hidden_orthogonal,419,0.002,0.002,1,1
hidden_orthogonal,420,0.002,0.002,1,1
hidden_orthogonal,421,0.002,0.002,1,1
hidden_orthogonal,422,0.002,0.002,1,1
hidden_orthogonal,423,0.002,0.002,1,1
hidden_orthogonal,424,0.002,0.002,1,1
hidden_orthogonal,425,0.002,0.002,1,1
hidden_orthogonal,426,0.002,0.002,1,1
hidden_orthogonal,427,0.002,0.002,1,1
hidden_orthogonal,428,0.002,0.002,1,1
hidden_orthogonal,429,0.002,0.002,1,1
hidden_orthogonal,430,0.002,0.002,1,1
hidden_orthogonal,431,0.002,0.002,1,1
hidden_orthogonal,432,0.002,0.002,1,1
hidden_orthogonal,433,0.002,0.002,1,1
hidden_orthogonal,434,0.002,0.002,1,1
hidden_orthogonal,435,0.002,0.002,1,1
hidden_orthogonal,436,0.002,0.002,1,1
hidden_orthogonal,437,0.002,0.002,1,1
hidden_orthogonal,438,0.002,0.002,1,1
hidden_orthogonal,439,0.002,0.002,1,1
hidden_orthogonal,440,0.002,0.002,1,1
hidden_orthogonal,441,0.002,0.002,1,1
hidden_orthogonal,442,0.002,0.002,1,1
hidden_orthogonal,443,0.002,0.002,1,1
hidden_orthogonal,444,0.002,0.002,1,1
hidden_orthogonal,445,0.002,0.002,1,1
hidden_orthogonal,446,0.002,0.002,1,1
hidden_orthogonal,447,0.002,0.002,1,1
hidden_orthogonal,448,0.002,0.002,1,1
hidden_orthogonal,449,0.002,0.002,1,1
hidden_orthogonal,450,0.002,0.002,1,1
hidden_orthogonal,451,0.002,0.002,1,1
hidden_orthogonal,452,0.002,0.002,1,1
hidden_orthogonal,453,0.002,0.002,1,1
hidden_orthogonal,454,0.002,0.002,1,1
hidden_orthogonal,455,0.002,0.002,1,1
hidden_orthogonal,456,0.002,0.002,1,1
hidden_orthogonal,457,0.002,0.002,1,1
hidden_orthogonal,458,0.002,0.002,1,1
hidden_orthogonal,459,0.002,0.002,1,1
hidden_orthogonal,460,0.002,0.002,1,1
hidden_orthogonal,461,0.002,0.002,1,1
hidden_orthogonal,462,0.002,0.002,1,1
hidden_orthogonal,463,0.002,0.002,1,1
hidden_orthogonal,464,0.002,0.002,1,1
hidden_orthogonal,465,0.002,0.002,1,1
hidden_orthogonal,466,0.002,0.002,1,1
hidden_orthogonal,467,0.002,0.002,1,1
hidden_orthogonal,468,0.002,0.002,1,1
hidden_orthogonal,469,0.002,0.002,1,1
hidden_orthogonal,470,0.002,0.002,1,1
hidden_orthogonal,471,0.002,0.002,1,1
hidden_orthogonal,472,0.002,0.002,1,1
hidden_orthogonal,473,0.002,0.002,1,1
hidden_orthogonal,474,0.002,0.002,1,1
hidden_orthogonal,475,0.002,0.002,1,1
hidden_orthogonal,476,0.002,0.002,1,1
hidden_orthogonal,477,0.002,0.002,1,1
hidden_orthogonal,478,0.002,0.002,1,1
hidden_orthogonal,479,0.002,0.002,1,1
hidden_orthogonal,480,0.002,0.002,1,1
hidden_orthogonal,481,0.002,0.002,1,1
hidden_orthogonal,482,0.002,0.002,1,1
hidden_orthogonal,483,0.002,0.002,1,1
hidden_orthogonal,484,0.002,0.002,1,1
hidden_orthogonal,485,0.002,0.002,1,1
hidden_orthogonal,486,0.002,0.002,1,1
hidden_orthogonal,487,0.002,0.002,1,1
hidden_orthogonal,488,0.002,0.002,1,1
hidden_orthogonal,489,0.002,0.002,1,1
hidden_orthogonal,490,0.002,0.002,1,1
hidden_orthogonal,491,0.002,0.002,1,1
hidden_orthogonal,492,0.002,0.002,1,1
hidden_orthogonal,493,0.002,0.002,1,1
hidden_orthogonal,494,0.002,0.002,1,1
hidden_orthogonal,495,0.002,0.002,1,1
hidden_orthogonal,496,0.002,0.002,1,1
hidden_orthogonal,497,0.002,0.002,1,1
hidden_orthogonal,498,0.002,0.002,1,1
hidden_orthogonal,499,0.002,0.002,1,1
