condition,model,accuracy_mean,accuracy_sd,logloss_mean,brier_mean,share_rmse_mean,decision_regret_mean
additive,ML_assisted_spec,0.56375,0.015115990714715205,0.9127079269605012,0.5491138863234206,0.011503105592070273,0.004123818408345682
additive,MNL,0.5635069444444445,0.015083984567660505,0.9131927029429334,0.5494530540135999,0.011288354733190124,0.004594804382520457
additive,Structured_MNL,0.5631597222222222,0.015224717923157686,0.9121086098982657,0.548623387163687,0.011420071013267767,0.0030691055508255153
combined,ML_assisted_spec,0.6630555555555555,0.018423346598061014,0.7370632678928234,0.4430334969176875,0.010951543672112839,0.033031346420210585
combined,MNL,0.6072916666666667,0.014578201067352348,0.8745903079110118,0.5199338106954403,0.016154316803119535,0.20471794059680012
combined,Structured_MNL,0.6627777777777778,0.017637267249800026,0.7368390833214498,0.4428850501656628,0.010906501426731533,0.032783880471382885
heterogeneity,ML_assisted_spec,0.5484027777777778,0.01668177595779307,0.9307053202655551,0.560592326478393,0.015008821520989271,0.0698093539203652
heterogeneity,MNL,0.54875,0.017252196678391004,0.9307949747482916,0.560846985694534,0.01498260700855081,0.06968217296188563
heterogeneity,Structured_MNL,0.5472916666666666,0.016085410204776836,0.9311925734379211,0.5607594387247465,0.014139872839810183,0.06778065865771213
interaction,ML_assisted_spec,0.6143055555555555,0.017751454709874645,0.8310918603942861,0.4972489109981392,0.01257391716701254,0.00304023769882262
interaction,MNL,0.5812847222222222,0.01849378611642783,0.9083406545835457,0.5404697838370005,0.013046766760763698,0.09134121690132473
interaction,Structured_MNL,0.6134375,0.01829416777208464,0.831278652813949,0.49742695607668835,0.013273103317699757,0.0026615558764548058
nonlinear,ML_assisted_spec,0.6179861111111111,0.015573270051667726,0.8149640608113927,0.48938098465937196,0.012853857605298644,0.002611516052626799
nonlinear,MNL,0.5850694444444444,0.016054521022895236,0.9023054600850406,0.5379102962099046,0.01640948017636052,0.09687070571216219
nonlinear,Structured_MNL,0.6180555555555556,0.016391252914115757,0.8149447721976492,0.48936896307441713,0.012758371507131962,0.0025040893370273033
nonlinear_interaction,ML_assisted_spec,0.6630555555555555,0.015222874615463067,0.7467276736215923,0.4454284962825492,0.012779348591475935,0.0029279186346007373
nonlinear_interaction,MNL,0.5964236111111111,0.01905028409640904,0.8963693926772971,0.5311344472570247,0.014994285905032328,0.18277356334217115
nonlinear_interaction,Structured_MNL,0.6629513888888889,0.015342716719597065,0.7461553519217559,0.44507266157872716,0.012551040280714,0.0022838004512740822
nonlinear_threshold,ML_assisted_spec,0.6398611111111111,0.017590533925391005,0.7757711785195762,0.4674876304846141,0.01164684650710769,0.002099109261488567
nonlinear_threshold,MNL,0.6046875,0.016419571881041997,0.8651080290451194,0.5174621123680381,0.016789706659494377,0.09786778587870676
nonlinear_threshold,Structured_MNL,0.64,0.017137302611688845,0.7757992178060166,0.4674732829599022,0.011703746459751401,0.0021027542063275693
threshold,ML_assisted_spec,0.5876736111111112,0.01420929220874269,0.8649449499559161,0.5213953596722644,0.012080295941214864,0.002010120030364884
threshold,MNL,0.585,0.01498222925624188,0.8716145290987174,0.5249052941321053,0.01585297854986332,0.007723735373038231
threshold,Structured_MNL,0.5884027777777778,0.014331605471458087,0.8650330627960365,0.5213081326353867,0.011878536544042613,0.0018879383662124688
