condition,rep,pairs,pvalue,reject
null,0,300,0.342,0
null,1,300,0.892,0
null,2,300,0.008,1
null,3,300,0.8,0
null,4,300,0.562,0
null,5,300,0.898,0
null,6,300,0.096,0
null,7,300,0.822,0
null,8,300,0.85,0
null,9,300,0.722,0
null,10,300,0.78,0
null,11,300,0.09,0
null,12,300,0.53,0
null,13,300,0.174,0
null,14,300,0.638,0
null,15,300,0.558,0
null,16,300,0.984,0
null,17,300,0.524,0
null,18,300,0.368,0
null,19,300,0.532,0
null,20,300,0.97,0
null,21,300,0.854,0
null,22,300,0.756,0
null,23,300,0.808,0
null,24,300,0.964,0
null,25,300,0.24,0
null,26,300,0.798,0
null,27,300,0.876,0
null,28,300,0.604,0
null,29,300,0.378,0
null,30,300,0.162,0
null,31,300,0.944,0
null,32,300,0.13,0
null,33,300,0.334,0
null,34,300,0.122,0
null,35,300,0.266,0
null,36,300,0.826,0
null,37,300,0.674,0
null,38,300,0.852,0
null,39,300,0.77,0
null,40,300,0.944,0
null,41,300,0.104,0
null,42,300,0.388,0
null,43,300,0.334,0
null,44,300,0.026,1
null,45,300,0.2,0
null,46,300,0.316,0
null,47,300,0.946,0
null,48,300,0.274,0
null,49,300,0.944,0
null,50,300,0.98,0
null,51,300,0.39,0
null,52,300,0.216,0
null,53,300,0.628,0
null,54,300,0.01,1
null,55,300,0.89,0
null,56,300,0.308,0
null,57,300,0.24,0
null,58,300,0.992,0
null,59,300,0.06,0
null,60,300,0.552,0
null,61,300,0.28,0
null,62,300,0.622,0
null,63,300,0.092,0
null,64,300,0.184,0
null,65,300,0.402,0
null,66,300,0.182,0
null,67,300,0.526,0
null,68,300,0.746,0
null,69,300,0.096,0
null,70,300,0.444,0
null,71,300,0.906,0
null,72,300,0.094,0
null,73,300,0.604,0
null,74,300,0.034,1
null,75,300,0.172,0
null,76,300,0.594,0
null,77,300,0.32,0
null,78,300,0.11,0
null,79,300,0.396,0
null,80,300,0.564,0
null,81,300,0.678,0
null,82,300,0.078,0
null,83,300,0.988,0
null,84,300,0.756,0
null,85,300,0.326,0
null,86,300,0.454,0
null,87,300,0.852,0
null,88,300,0.67,0
null,89,300,0.4,0
null,90,300,0.574,0
null,91,300,0.948,0
null,92,300,0.668,0
null,93,300,0.206,0
null,94,300,0.192,0
null,95,300,0.72,0
null,96,300,0.858,0
null,97,300,0.454,0
null,98,300,0.27,0
null,99,300,0.55,0
nonlinear,0,300,0.014,1
nonlinear,1,300,0.016,1
nonlinear,2,300,0.036,1
nonlinear,3,300,0.082,0
nonlinear,4,300,0.002,1
nonlinear,5,300,0.074,0
nonlinear,6,300,0.012,1
nonlinear,7,300,0.004,1
nonlinear,8,300,0.03,1
nonlinear,9,300,0.004,1
nonlinear,10,300,0.342,0
nonlinear,11,300,0.132,0
nonlinear,12,300,0.254,0
nonlinear,13,300,0.002,1
nonlinear,14,300,0.302,0
nonlinear,15,300,0.002,1
nonlinear,16,300,0.18,0
nonlinear,17,300,0.546,0
nonlinear,18,300,0.4,0
nonlinear,19,300,0.004,1
nonlinear,20,300,0.002,1
nonlinear,21,300,0.002,1
nonlinear,22,300,0.142,0
nonlinear,23,300,0.064,0
nonlinear,24,300,0.026,1
nonlinear,25,300,0.018,1
nonlinear,26,300,0.16,0
nonlinear,27,300,0.008,1
nonlinear,28,300,0.028,1
nonlinear,29,300,0.008,1
nonlinear,30,300,0.002,1
nonlinear,31,300,0.01,1
nonlinear,32,300,0.244,0
nonlinear,33,300,0.004,1
nonlinear,34,300,0.008,1
nonlinear,35,300,0.046,1
nonlinear,36,300,0.04,1
nonlinear,37,300,0.122,0
nonlinear,38,300,0.024,1
nonlinear,39,300,0.044,1
nonlinear,40,300,0.02,1
nonlinear,41,300,0.086,0
nonlinear,42,300,0.016,1
nonlinear,43,300,0.058,0
nonlinear,44,300,0.832,0
nonlinear,45,300,0.006,1
nonlinear,46,300,0.01,1
nonlinear,47,300,0.214,0
nonlinear,48,300,0.008,1
nonlinear,49,300,0.004,1
nonlinear,50,300,0.002,1
nonlinear,51,300,0.206,0
nonlinear,52,300,0.002,1
nonlinear,53,300,0.314,0
nonlinear,54,300,0.888,0
nonlinear,55,300,0.018,1
nonlinear,56,300,0.048,1
nonlinear,57,300,0.002,1
nonlinear,58,300,0.004,1
nonlinear,59,300,0.002,1
nonlinear,60,300,0.016,1
nonlinear,61,300,0.006,1
nonlinear,62,300,0.006,1
nonlinear,63,300,0.034,1
nonlinear,64,300,0.004,1
nonlinear,65,300,0.064,0
nonlinear,66,300,0.002,1
nonlinear,67,300,0.004,1
nonlinear,68,300,0.002,1
nonlinear,69,300,0.206,0
nonlinear,70,300,0.054,0
nonlinear,71,300,0.024,1
nonlinear,72,300,0.01,1
nonlinear,73,300,0.01,1
nonlinear,74,300,0.008,1
nonlinear,75,300,0.04,1
nonlinear,76,300,0.004,1
nonlinear,77,300,0.086,0
nonlinear,78,300,0.002,1
nonlinear,79,300,0.128,0
nonlinear,80,300,0.128,0
nonlinear,81,300,0.002,1
nonlinear,82,300,0.002,1
nonlinear,83,300,0.002,1
nonlinear,84,300,0.054,0
nonlinear,85,300,0.018,1
nonlinear,86,300,0.002,1
nonlinear,87,300,0.086,0
nonlinear,88,300,0.002,1
nonlinear,89,300,0.028,1
nonlinear,90,300,0.01,1
nonlinear,91,300,0.622,0
nonlinear,92,300,0.002,1
nonlinear,93,300,0.744,0
nonlinear,94,300,0.412,0
nonlinear,95,300,0.012,1
nonlinear,96,300,0.022,1
nonlinear,97,300,0.006,1
nonlinear,98,300,0.004,1
nonlinear,99,300,0.018,1
random_taste,0,300,0.082,0
random_taste,1,300,0.764,0
random_taste,2,300,0.238,0
random_taste,3,300,0.902,0
random_taste,4,300,0.324,0
random_taste,5,300,0.116,0
random_taste,6,300,1.0,0
random_taste,7,300,0.762,0
random_taste,8,300,0.782,0
random_taste,9,300,0.642,0
random_taste,10,300,0.304,0
random_taste,11,300,0.456,0
random_taste,12,300,0.474,0
random_taste,13,300,0.048,1
random_taste,14,300,0.056,0
random_taste,15,300,0.418,0
random_taste,16,300,0.608,0
random_taste,17,300,0.782,0
random_taste,18,300,0.046,1
random_taste,19,300,0.932,0
random_taste,20,300,0.55,0
random_taste,21,300,0.222,0
random_taste,22,300,0.348,0
random_taste,23,300,0.98,0
random_taste,24,300,0.262,0
random_taste,25,300,0.75,0
random_taste,26,300,0.648,0
random_taste,27,300,0.824,0
random_taste,28,300,0.64,0
random_taste,29,300,0.9,0
random_taste,30,300,0.862,0
random_taste,31,300,0.268,0
random_taste,32,300,0.052,0
random_taste,33,300,0.49,0
random_taste,34,300,1.0,0
random_taste,35,300,0.342,0
random_taste,36,300,0.29,0
random_taste,37,300,0.544,0
random_taste,38,300,0.19,0
random_taste,39,300,0.216,0
random_taste,40,300,0.324,0
random_taste,41,300,0.82,0
random_taste,42,300,0.688,0
random_taste,43,300,0.628,0
random_taste,44,300,0.954,0
random_taste,45,300,0.996,0
random_taste,46,300,0.19,0
random_taste,47,300,0.314,0
random_taste,48,300,0.848,0
random_taste,49,300,0.578,0
random_taste,50,300,0.968,0
random_taste,51,300,0.154,0
random_taste,52,300,0.446,0
random_taste,53,300,0.77,0
random_taste,54,300,0.798,0
random_taste,55,300,0.648,0
random_taste,56,300,0.862,0
random_taste,57,300,0.24,0
random_taste,58,300,0.758,0
random_taste,59,300,0.432,0
random_taste,60,300,0.454,0
random_taste,61,300,0.364,0
random_taste,62,300,0.892,0
random_taste,63,300,0.952,0
random_taste,64,300,0.952,0
random_taste,65,300,0.232,0
random_taste,66,300,0.962,0
random_taste,67,300,0.126,0
random_taste,68,300,0.946,0
random_taste,69,300,0.636,0
random_taste,70,300,0.936,0
random_taste,71,300,0.458,0
random_taste,72,300,0.544,0
random_taste,73,300,0.676,0
random_taste,74,300,0.098,0
random_taste,75,300,0.938,0
random_taste,76,300,0.734,0
random_taste,77,300,0.902,0
random_taste,78,300,0.008,1
random_taste,79,300,0.882,0
random_taste,80,300,0.382,0
random_taste,81,300,0.054,0
random_taste,82,300,0.884,0
random_taste,83,300,0.79,0
random_taste,84,300,0.08,0
random_taste,85,300,0.06,0
random_taste,86,300,0.192,0
random_taste,87,300,0.968,0
random_taste,88,300,0.57,0
random_taste,89,300,0.258,0
random_taste,90,300,0.736,0
random_taste,91,300,0.446,0
random_taste,92,300,0.934,0
random_taste,93,300,0.502,0
random_taste,94,300,0.868,0
random_taste,95,300,0.278,0
random_taste,96,300,0.808,0
random_taste,97,300,0.128,0
random_taste,98,300,0.868,0
random_taste,99,300,0.724,0
scale_drift,0,300,0.854,0
scale_drift,1,300,0.344,0
scale_drift,2,300,0.004,1
scale_drift,3,300,0.38,0
scale_drift,4,300,0.074,0
scale_drift,5,300,0.186,0
scale_drift,6,300,0.166,0
scale_drift,7,300,0.214,0
scale_drift,8,300,0.114,0
scale_drift,9,300,0.242,0
scale_drift,10,300,0.21,0
scale_drift,11,300,0.136,0
scale_drift,12,300,0.084,0
scale_drift,13,300,0.034,1
scale_drift,14,300,0.128,0
scale_drift,15,300,0.046,1
scale_drift,16,300,0.318,0
scale_drift,17,300,0.846,0
scale_drift,18,300,0.162,0
scale_drift,19,300,0.05,0
scale_drift,20,300,0.4,0
scale_drift,21,300,0.142,0
scale_drift,22,300,0.102,0
scale_drift,23,300,0.166,0
scale_drift,24,300,0.18,0
scale_drift,25,300,0.992,0
scale_drift,26,300,0.256,0
scale_drift,27,300,0.112,0
scale_drift,28,300,0.18,0
scale_drift,29,300,0.108,0
scale_drift,30,300,0.046,1
scale_drift,31,300,0.232,0
scale_drift,32,300,0.02,1
scale_drift,33,300,0.012,1
scale_drift,34,300,0.032,1
scale_drift,35,300,0.048,1
scale_drift,36,300,0.368,0
scale_drift,37,300,0.118,0
scale_drift,38,300,0.072,0
scale_drift,39,300,0.078,0
scale_drift,40,300,0.08,0
scale_drift,41,300,0.952,0
scale_drift,42,300,0.018,1
scale_drift,43,300,0.36,0
scale_drift,44,300,0.006,1
scale_drift,45,300,0.018,1
scale_drift,46,300,0.154,0
scale_drift,47,300,0.468,0
scale_drift,48,300,0.09,0
scale_drift,49,300,0.2,0
scale_drift,50,300,0.104,0
scale_drift,51,300,0.084,0
scale_drift,52,300,0.008,1
scale_drift,53,300,0.076,0
scale_drift,54,300,0.006,1
scale_drift,55,300,0.324,0
scale_drift,56,300,0.018,1
scale_drift,57,300,0.526,0
scale_drift,58,300,0.506,0
scale_drift,59,300,0.508,0
scale_drift,60,300,0.144,0
scale_drift,61,300,0.476,0
scale_drift,62,300,0.866,0
scale_drift,63,300,0.784,0
scale_drift,64,300,0.162,0
scale_drift,65,300,0.036,1
scale_drift,66,300,0.01,1
scale_drift,67,300,0.192,0
scale_drift,68,300,0.632,0
scale_drift,69,300,0.02,1
scale_drift,70,300,0.658,0
scale_drift,71,300,0.638,0
scale_drift,72,300,0.768,0
scale_drift,73,300,0.428,0
scale_drift,74,300,0.002,1
scale_drift,75,300,0.01,1
scale_drift,76,300,0.836,0
scale_drift,77,300,0.016,1
scale_drift,78,300,0.054,0
scale_drift,79,300,0.042,1
scale_drift,80,300,0.148,0
scale_drift,81,300,0.056,0
scale_drift,82,300,0.014,1
scale_drift,83,300,0.194,0
scale_drift,84,300,0.434,0
scale_drift,85,300,0.054,0
scale_drift,86,300,0.066,0
scale_drift,87,300,0.238,0
scale_drift,88,300,0.502,0
scale_drift,89,300,0.548,0
scale_drift,90,300,0.066,0
scale_drift,91,300,0.35,0
scale_drift,92,300,0.244,0
scale_drift,93,300,0.086,0
scale_drift,94,300,0.022,1
scale_drift,95,300,0.56,0
scale_drift,96,300,0.066,0
scale_drift,97,300,0.054,0
scale_drift,98,300,0.21,0
scale_drift,99,300,0.158,0
order_effect,0,300,0.016,1
order_effect,1,300,0.002,1
order_effect,2,300,0.002,1
order_effect,3,300,0.002,1
order_effect,4,300,0.002,1
order_effect,5,300,0.002,1
order_effect,6,300,0.01,1
order_effect,7,300,0.002,1
order_effect,8,300,0.002,1
order_effect,9,300,0.002,1
order_effect,10,300,0.012,1
order_effect,11,300,0.002,1
order_effect,12,300,0.002,1
order_effect,13,300,0.002,1
order_effect,14,300,0.002,1
order_effect,15,300,0.002,1
order_effect,16,300,0.002,1
order_effect,17,300,0.002,1
order_effect,18,300,0.002,1
order_effect,19,300,0.002,1
order_effect,20,300,0.002,1
order_effect,21,300,0.002,1
order_effect,22,300,0.002,1
order_effect,23,300,0.002,1
order_effect,24,300,0.002,1
order_effect,25,300,0.002,1
order_effect,26,300,0.002,1
order_effect,27,300,0.002,1
order_effect,28,300,0.002,1
order_effect,29,300,0.004,1
order_effect,30,300,0.002,1
order_effect,31,300,0.002,1
order_effect,32,300,0.002,1
order_effect,33,300,0.002,1
order_effect,34,300,0.008,1
order_effect,35,300,0.002,1
order_effect,36,300,0.002,1
order_effect,37,300,0.002,1
order_effect,38,300,0.002,1
order_effect,39,300,0.002,1
order_effect,40,300,0.002,1
order_effect,41,300,0.002,1
order_effect,42,300,0.002,1
order_effect,43,300,0.002,1
order_effect,44,300,0.002,1
order_effect,45,300,0.004,1
order_effect,46,300,0.004,1
order_effect,47,300,0.002,1
order_effect,48,300,0.002,1
order_effect,49,300,0.002,1
order_effect,50,300,0.018,1
order_effect,51,300,0.002,1
order_effect,52,300,0.002,1
order_effect,53,300,0.002,1
order_effect,54,300,0.002,1
order_effect,55,300,0.002,1
order_effect,56,300,0.002,1
order_effect,57,300,0.004,1
order_effect,58,300,0.002,1
order_effect,59,300,0.002,1
order_effect,60,300,0.002,1
order_effect,61,300,0.002,1
order_effect,62,300,0.002,1
order_effect,63,300,0.002,1
order_effect,64,300,0.022,1
order_effect,65,300,0.002,1
order_effect,66,300,0.002,1
order_effect,67,300,0.002,1
order_effect,68,300,0.002,1
order_effect,69,300,0.002,1
order_effect,70,300,0.002,1
order_effect,71,300,0.002,1
order_effect,72,300,0.002,1
order_effect,73,300,0.002,1
order_effect,74,300,0.002,1
order_effect,75,300,0.002,1
order_effect,76,300,0.002,1
order_effect,77,300,0.002,1
order_effect,78,300,0.004,1
order_effect,79,300,0.002,1
order_effect,80,300,0.002,1
order_effect,81,300,0.002,1
order_effect,82,300,0.004,1
order_effect,83,300,0.002,1
order_effect,84,300,0.002,1
order_effect,85,300,0.002,1
order_effect,86,300,0.002,1
order_effect,87,300,0.002,1
order_effect,88,300,0.002,1
order_effect,89,300,0.002,1
order_effect,90,300,0.002,1
order_effect,91,300,0.002,1
order_effect,92,300,0.002,1
order_effect,93,300,0.002,1
order_effect,94,300,0.002,1
order_effect,95,300,0.002,1
order_effect,96,300,0.002,1
order_effect,97,300,0.002,1
order_effect,98,300,0.016,1
order_effect,99,300,0.002,1
