condition,rep,candidate,units,pvalue,reject
additive,0,additive,300,0.47,0
additive,1,additive,300,0.635,0
additive,2,additive,300,0.645,0
additive,3,additive,300,0.58,0
additive,4,additive,300,0.395,0
additive,5,additive,300,0.22,0
additive,6,additive,300,0.94,0
additive,7,additive,300,0.165,0
additive,8,additive,300,0.485,0
additive,9,additive,300,0.425,0
additive,10,additive,300,0.08,0
additive,11,additive,300,0.825,0
additive,12,additive,300,0.455,0
additive,13,additive,300,0.185,0
additive,14,additive,300,0.725,0
additive,15,additive,300,0.015,1
additive,16,additive,300,0.17,0
additive,17,additive,300,0.01,1
additive,18,additive,300,0.455,0
additive,19,additive,300,0.855,0
additive,20,additive,300,0.17,0
additive,21,additive,300,0.435,0
additive,22,additive,300,0.095,0
additive,23,additive,300,0.16,0
additive,24,additive,300,0.33,0
additive,25,additive,300,0.875,0
additive,26,additive,300,0.615,0
additive,27,additive,300,0.025,1
additive,28,additive,300,0.22,0
additive,29,additive,300,0.795,0
additive,30,additive,300,0.115,0
additive,31,additive,300,0.93,0
additive,32,additive,300,0.15,0
additive,33,additive,300,0.415,0
additive,34,additive,300,0.575,0
additive,35,additive,300,0.865,0
additive,36,additive,300,0.305,0
additive,37,additive,300,0.83,0
additive,38,additive,300,0.675,0
additive,39,additive,300,0.785,0
additive,40,additive,300,0.35,0
additive,41,additive,300,0.035,1
additive,42,additive,300,0.035,1
additive,43,additive,300,0.755,0
additive,44,additive,300,0.91,0
additive,45,additive,300,0.84,0
additive,46,additive,300,0.025,1
additive,47,additive,300,0.775,0
additive,48,additive,300,0.07,0
additive,49,additive,300,0.085,0
nonlinear,0,additive,300,0.515,0
nonlinear,1,additive,300,0.875,0
nonlinear,2,additive,300,0.075,0
nonlinear,3,additive,300,0.09,0
nonlinear,4,additive,300,0.33,0
nonlinear,5,additive,300,0.165,0
nonlinear,6,additive,300,0.6,0
nonlinear,7,additive,300,0.59,0
nonlinear,8,additive,300,0.115,0
nonlinear,9,additive,300,0.805,0
nonlinear,10,additive,300,0.05,0
nonlinear,11,additive,300,0.95,0
nonlinear,12,additive,300,0.45,0
nonlinear,13,additive,300,0.25,0
nonlinear,14,additive,300,0.25,0
nonlinear,15,additive,300,0.22,0
nonlinear,16,additive,300,0.22,0
nonlinear,17,additive,300,0.98,0
nonlinear,18,additive,300,0.935,0
nonlinear,19,additive,300,0.425,0
nonlinear,20,additive,300,0.665,0
nonlinear,21,additive,300,0.165,0
nonlinear,22,additive,300,0.07,0
nonlinear,23,additive,300,0.045,1
nonlinear,24,additive,300,0.065,0
nonlinear,25,additive,300,0.53,0
nonlinear,26,additive,300,0.69,0
nonlinear,27,additive,300,0.565,0
nonlinear,28,additive,300,0.675,0
nonlinear,29,additive,300,0.53,0
nonlinear,30,additive,300,0.36,0
nonlinear,31,additive,300,0.89,0
nonlinear,32,additive,300,0.29,0
nonlinear,33,additive,300,0.515,0
nonlinear,34,additive,300,0.805,0
nonlinear,35,additive,300,0.335,0
nonlinear,36,additive,300,0.08,0
nonlinear,37,additive,300,0.925,0
nonlinear,38,additive,300,0.94,0
nonlinear,39,additive,300,0.685,0
nonlinear,40,additive,300,0.115,0
nonlinear,41,additive,300,0.13,0
nonlinear,42,additive,300,0.31,0
nonlinear,43,additive,300,0.725,0
nonlinear,44,additive,300,0.37,0
nonlinear,45,additive,300,0.48,0
nonlinear,46,additive,300,0.33,0
nonlinear,47,additive,300,0.33,0
nonlinear,48,additive,300,0.335,0
nonlinear,49,additive,300,0.665,0
threshold,0,additive,300,0.255,0
threshold,1,additive,300,0.195,0
threshold,2,additive,300,0.445,0
threshold,3,additive,300,0.15,0
threshold,4,additive,300,0.85,0
threshold,5,additive,300,0.31,0
threshold,6,additive,300,0.5,0
threshold,7,additive,300,0.435,0
threshold,8,additive,300,0.46,0
threshold,9,additive,300,0.455,0
threshold,10,additive,300,0.04,1
threshold,11,additive,300,0.46,0
threshold,12,additive,300,0.53,0
threshold,13,additive,300,0.06,0
threshold,14,additive,300,0.09,0
threshold,15,additive,300,0.045,1
threshold,16,additive,300,0.085,0
threshold,17,additive,300,0.065,0
threshold,18,additive,300,0.39,0
threshold,19,additive,300,0.99,0
threshold,20,additive,300,0.58,0
threshold,21,additive,300,0.12,0
threshold,22,additive,300,0.135,0
threshold,23,additive,300,0.09,0
threshold,24,additive,300,0.89,0
threshold,25,additive,300,0.53,0
threshold,26,additive,300,0.67,0
threshold,27,additive,300,0.13,0
threshold,28,additive,300,0.035,1
threshold,29,additive,300,0.805,0
threshold,30,additive,300,0.075,0
threshold,31,additive,300,0.88,0
threshold,32,additive,300,0.305,0
threshold,33,additive,300,0.355,0
threshold,34,additive,300,0.34,0
threshold,35,additive,300,0.535,0
threshold,36,additive,300,0.005,1
threshold,37,additive,300,0.465,0
threshold,38,additive,300,0.755,0
threshold,39,additive,300,0.13,0
threshold,40,additive,300,0.075,0
threshold,41,additive,300,0.08,0
threshold,42,additive,300,0.085,0
threshold,43,additive,300,0.74,0
threshold,44,additive,300,0.965,0
threshold,45,additive,300,0.92,0
threshold,46,additive,300,0.4,0
threshold,47,additive,300,0.535,0
threshold,48,additive,300,0.01,1
threshold,49,additive,300,0.11,0
interaction,0,additive,300,0.17,0
interaction,0,oracle_interaction,300,0.34,0
interaction,1,additive,300,0.175,0
interaction,1,oracle_interaction,300,0.54,0
interaction,2,additive,300,0.065,0
interaction,2,oracle_interaction,300,0.43,0
interaction,3,additive,300,0.63,0
interaction,3,oracle_interaction,300,0.01,1
interaction,4,additive,300,0.065,0
interaction,4,oracle_interaction,300,0.595,0
interaction,5,additive,300,0.02,1
interaction,5,oracle_interaction,300,0.29,0
interaction,6,additive,300,0.095,0
interaction,6,oracle_interaction,300,0.8,0
interaction,7,additive,300,0.005,1
interaction,7,oracle_interaction,300,0.37,0
interaction,8,additive,300,0.515,0
interaction,8,oracle_interaction,300,0.57,0
interaction,9,additive,300,0.7,0
interaction,9,oracle_interaction,300,0.77,0
interaction,10,additive,300,0.005,1
interaction,10,oracle_interaction,300,0.05,0
interaction,11,additive,300,0.005,1
interaction,11,oracle_interaction,300,0.08,0
interaction,12,additive,300,0.115,0
interaction,12,oracle_interaction,300,0.245,0
interaction,13,additive,300,0.79,0
interaction,13,oracle_interaction,300,0.59,0
interaction,14,additive,300,0.115,0
interaction,14,oracle_interaction,300,0.755,0
interaction,15,additive,300,0.01,1
interaction,15,oracle_interaction,300,0.25,0
interaction,16,additive,300,0.215,0
interaction,16,oracle_interaction,300,0.495,0
interaction,17,additive,300,0.505,0
interaction,17,oracle_interaction,300,0.535,0
interaction,18,additive,300,0.31,0
interaction,18,oracle_interaction,300,0.885,0
interaction,19,additive,300,0.04,1
interaction,19,oracle_interaction,300,0.48,0
interaction,20,additive,300,0.565,0
interaction,20,oracle_interaction,300,0.98,0
interaction,21,additive,300,0.49,0
interaction,21,oracle_interaction,300,0.815,0
interaction,22,additive,300,0.02,1
interaction,22,oracle_interaction,300,0.28,0
interaction,23,additive,300,0.07,0
interaction,23,oracle_interaction,300,0.285,0
interaction,24,additive,300,0.005,1
interaction,24,oracle_interaction,300,0.055,0
interaction,25,additive,300,0.365,0
interaction,25,oracle_interaction,300,0.61,0
interaction,26,additive,300,0.04,1
interaction,26,oracle_interaction,300,0.415,0
interaction,27,additive,300,0.185,0
interaction,27,oracle_interaction,300,0.88,0
interaction,28,additive,300,0.005,1
interaction,28,oracle_interaction,300,0.215,0
interaction,29,additive,300,0.415,0
interaction,29,oracle_interaction,300,0.995,0
interaction,30,additive,300,0.095,0
interaction,30,oracle_interaction,300,0.075,0
interaction,31,additive,300,0.18,0
interaction,31,oracle_interaction,300,0.325,0
interaction,32,additive,300,0.43,0
interaction,32,oracle_interaction,300,0.56,0
interaction,33,additive,300,0.555,0
interaction,33,oracle_interaction,300,0.865,0
interaction,34,additive,300,0.495,0
interaction,34,oracle_interaction,300,0.67,0
interaction,35,additive,300,0.035,1
interaction,35,oracle_interaction,300,0.34,0
interaction,36,additive,300,0.165,0
interaction,36,oracle_interaction,300,0.1,0
interaction,37,additive,300,0.145,0
interaction,37,oracle_interaction,300,0.81,0
interaction,38,additive,300,0.275,0
interaction,38,oracle_interaction,300,0.71,0
interaction,39,additive,300,0.935,0
interaction,39,oracle_interaction,300,0.375,0
interaction,40,additive,300,0.025,1
interaction,40,oracle_interaction,300,0.25,0
interaction,41,additive,300,0.76,0
interaction,41,oracle_interaction,300,0.185,0
interaction,42,additive,300,0.61,0
interaction,42,oracle_interaction,300,0.715,0
interaction,43,additive,300,0.02,1
interaction,43,oracle_interaction,300,0.14,0
interaction,44,additive,300,0.1,0
interaction,44,oracle_interaction,300,0.915,0
interaction,45,additive,300,0.435,0
interaction,45,oracle_interaction,300,0.685,0
interaction,46,additive,300,0.3,0
interaction,46,oracle_interaction,300,0.635,0
interaction,47,additive,300,0.195,0
interaction,47,oracle_interaction,300,0.385,0
interaction,48,additive,300,0.19,0
interaction,48,oracle_interaction,300,0.41,0
interaction,49,additive,300,0.015,1
interaction,49,oracle_interaction,300,0.295,0
interaction_nonlinear,0,additive,300,0.025,1
interaction_nonlinear,1,additive,300,0.01,1
interaction_nonlinear,2,additive,300,0.005,1
interaction_nonlinear,3,additive,300,0.08,0
interaction_nonlinear,4,additive,300,0.005,1
interaction_nonlinear,5,additive,300,0.005,1
interaction_nonlinear,6,additive,300,0.005,1
interaction_nonlinear,7,additive,300,0.005,1
interaction_nonlinear,8,additive,300,0.02,1
interaction_nonlinear,9,additive,300,0.005,1
interaction_nonlinear,10,additive,300,0.005,1
interaction_nonlinear,11,additive,300,0.01,1
interaction_nonlinear,12,additive,300,0.015,1
interaction_nonlinear,13,additive,300,0.09,0
interaction_nonlinear,14,additive,300,0.005,1
interaction_nonlinear,15,additive,300,0.005,1
interaction_nonlinear,16,additive,300,0.01,1
interaction_nonlinear,17,additive,300,0.02,1
interaction_nonlinear,18,additive,300,0.05,0
interaction_nonlinear,19,additive,300,0.005,1
interaction_nonlinear,20,additive,300,0.015,1
interaction_nonlinear,21,additive,300,0.005,1
interaction_nonlinear,22,additive,300,0.005,1
interaction_nonlinear,23,additive,300,0.015,1
interaction_nonlinear,24,additive,300,0.005,1
interaction_nonlinear,25,additive,300,0.005,1
interaction_nonlinear,26,additive,300,0.04,1
interaction_nonlinear,27,additive,300,0.005,1
interaction_nonlinear,28,additive,300,0.005,1
interaction_nonlinear,29,additive,300,0.005,1
interaction_nonlinear,30,additive,300,0.14,0
interaction_nonlinear,31,additive,300,0.005,1
interaction_nonlinear,32,additive,300,0.005,1
interaction_nonlinear,33,additive,300,0.005,1
interaction_nonlinear,34,additive,300,0.005,1
interaction_nonlinear,35,additive,300,0.005,1
interaction_nonlinear,36,additive,300,0.015,1
interaction_nonlinear,37,additive,300,0.025,1
interaction_nonlinear,38,additive,300,0.005,1
interaction_nonlinear,39,additive,300,0.325,0
interaction_nonlinear,40,additive,300,0.005,1
interaction_nonlinear,41,additive,300,0.15,0
interaction_nonlinear,42,additive,300,0.015,1
interaction_nonlinear,43,additive,300,0.005,1
interaction_nonlinear,44,additive,300,0.01,1
interaction_nonlinear,45,additive,300,0.05,0
interaction_nonlinear,46,additive,300,0.005,1
interaction_nonlinear,47,additive,300,0.005,1
interaction_nonlinear,48,additive,300,0.005,1
interaction_nonlinear,49,additive,300,0.005,1
random_price,0,additive,300,0.21,0
random_price,1,additive,300,0.97,0
random_price,2,additive,300,0.78,0
random_price,3,additive,300,0.77,0
random_price,4,additive,300,0.915,0
random_price,5,additive,300,0.23,0
random_price,6,additive,300,0.58,0
random_price,7,additive,300,0.44,0
random_price,8,additive,300,0.215,0
random_price,9,additive,300,0.595,0
random_price,10,additive,300,0.465,0
random_price,11,additive,300,0.055,0
random_price,12,additive,300,0.545,0
random_price,13,additive,300,0.94,0
random_price,14,additive,300,0.94,0
random_price,15,additive,300,0.835,0
random_price,16,additive,300,0.405,0
random_price,17,additive,300,0.935,0
random_price,18,additive,300,0.145,0
random_price,19,additive,300,0.93,0
random_price,20,additive,300,0.43,0
random_price,21,additive,300,0.345,0
random_price,22,additive,300,0.005,1
random_price,23,additive,300,0.18,0
random_price,24,additive,300,0.985,0
random_price,25,additive,300,0.97,0
random_price,26,additive,300,0.62,0
random_price,27,additive,300,0.61,0
random_price,28,additive,300,0.54,0
random_price,29,additive,300,0.49,0
random_price,30,additive,300,0.895,0
random_price,31,additive,300,0.27,0
random_price,32,additive,300,0.455,0
random_price,33,additive,300,0.655,0
random_price,34,additive,300,0.25,0
random_price,35,additive,300,0.705,0
random_price,36,additive,300,0.87,0
random_price,37,additive,300,0.495,0
random_price,38,additive,300,0.265,0
random_price,39,additive,300,0.825,0
random_price,40,additive,300,0.63,0
random_price,41,additive,300,0.875,0
random_price,42,additive,300,0.035,1
random_price,43,additive,300,0.38,0
random_price,44,additive,300,0.87,0
random_price,45,additive,300,0.25,0
random_price,46,additive,300,0.715,0
random_price,47,additive,300,0.235,0
random_price,48,additive,300,0.49,0
random_price,49,additive,300,0.215,0
