design,task,pool_index,target_gap,candidate_gap,candidate_A,candidate_B,distance,hamming,nuisance_signature,odd_quadratic_total,odd_intelligence_threshold,odd_price_threshold,odd_mode_support_interaction,odd_intelligence_cloud_interaction,min_eigenvalue,information_trace
balanced_baseline,1,9,0.32,0.32,1.18,0.86,11.0,5,"(2.82, 5, 7, 2, 3)",0.0,0.0,0.0,1.0,0.0,,
balanced_baseline,2,10,0.4,0.38,1.81,1.43,11.0,5,"(2.58, 5, 7, 3, 2)",0.0,0.0,0.0,-1.0,0.0,,
balanced_baseline,3,4,0.57,0.57,1.43,0.86,10.0,5,"(2.57, 4, 6, 2, 2)",0.0,0.0,0.0,1.0,0.0,,
balanced_baseline,4,15,0.8,0.8,1.66,0.86,14.0,5,"(3.3, 5, 8, 2, 3)",0.0,0.0,0.0,1.0,0.0,,
balanced_baseline,5,16,0.98,0.98,1.23,0.25,5.0,6,"(0.98, 2, 3, 2, 0)",1.0,0.5,0.0,0.0,1.0,,
maximin_falsification,1,48,0.275,0.3,0.6799999999999999,0.38,11.0,8,"(2.26, 5, 7, 3, 2)",-2.0,-1.0,0.0,0.0,-1.0,0.09732718127460932,54.866874931163565
maximin_falsification,2,44,0.425,0.48,1.43,0.95,6.0,8,"(1.48, 3, 4, 2, 1)",-1.0,-1.0,0.0,0.0,-1.0,0.09732718127460932,54.866874931163565
maximin_falsification,3,22,0.575,0.58,1.53,0.95,6.0,6,"(1.38, 3, 4, 2, 1)",1.0,0.5,0.0,0.0,1.0,0.09732718127460932,54.866874931163565
maximin_falsification,4,39,0.7250000000000001,0.7,0.73,0.030000000000000027,10.0,7,"(2.4, 4, 6, 3, 1)",-6.0,-0.5,-0.5,0.0,-1.0,0.09732718127460932,54.866874931163565
maximin_falsification,5,15,0.905,0.8,1.66,0.86,14.0,5,"(3.3, 5, 8, 2, 3)",0.0,0.0,0.0,1.0,0.0,0.09732718127460932,54.866874931163565
