condition,replication,model,accuracy,logloss,brier,share_rmse,decision_regret,selected_terms
additive,0,MNL,0.525,0.9494955126295022,0.5738691217313403,0.01656248297677831,0.004655995683393901,base
additive,0,Structured_MNL,0.5239583333333333,0.945413017604623,0.5714452305822214,0.013763296134183856,0.005091760721642528,base+all_candidates
additive,0,ML_assisted_spec,0.525,0.9494955126295022,0.5738691217313403,0.01656248297677831,0.004655995683393901,base
additive,0,Latent_Class_MNL,0.5291666666666667,0.9580272251005872,0.5786251204375344,0.017890526819895197,0.015430140706800408,base
additive,1,MNL,0.5739583333333333,0.9090379991445321,0.5434486019902441,0.014670545576855383,0.005236260875029704,base
additive,1,Structured_MNL,0.5666666666666667,0.9106867394108165,0.544187434620309,0.01268701566982345,0.006050413734178508,base+all_candidates
additive,1,ML_assisted_spec,0.5739583333333333,0.9090379991445321,0.5434486019902441,0.014670545576855383,0.005236260875029704,base
additive,1,Latent_Class_MNL,0.5760416666666667,0.9244445276234682,0.5529081164476366,0.014043908720655278,0.017102075997817923,base
additive,2,MNL,0.534375,0.9477008389130831,0.5697811115623647,0.033334665282370876,0.00413179890654527,base
additive,2,Structured_MNL,0.5354166666666667,0.946071328290113,0.5682901521370314,0.029575822210139116,0.004756124753163112,base+all_candidates
additive,2,ML_assisted_spec,0.5322916666666667,0.9479074957966007,0.5699424430257222,0.03337336547906457,0.004469521645917505,base+evidence_digital
additive,2,Latent_Class_MNL,0.5125,0.9613564278114344,0.5789260646026878,0.03875590199699745,0.018853526744099704,base
additive,3,MNL,0.5572916666666666,0.9271168026402108,0.5556434908395287,0.01599244528460576,0.002737374064194732,base
additive,3,Structured_MNL,0.5645833333333333,0.9242232631185607,0.5532558288469746,0.015864405904917486,0.003713521165336327,base+all_candidates
additive,3,ML_assisted_spec,0.565625,0.9242462859478967,0.5532832746964257,0.01585130745252946,0.0034528057740339704,base+quality_sq+price_sq+quality_support+price_income
additive,3,Latent_Class_MNL,0.5604166666666667,0.9414725210642051,0.5648488173341015,0.016314053901721432,0.012114906529932235,base
additive,4,MNL,0.546875,0.9405570895455868,0.5648293944444146,0.019002471534305544,0.003707367815242073,base
additive,4,Structured_MNL,0.5520833333333334,0.9404372568184144,0.5646910855424615,0.016926411236257155,0.003019037486749089,base+all_candidates
additive,4,ML_assisted_spec,0.546875,0.9405570895455868,0.5648293944444146,0.019002471534305544,0.003707367815242073,base
additive,4,Latent_Class_MNL,0.5458333333333333,0.9540588845372523,0.573344784111153,0.020596797939152995,0.017608793794791747,base
additive,5,MNL,0.5302083333333333,0.9319932806094229,0.560370736433139,0.008056837427076507,0.0032164462091018764,base
additive,5,Structured_MNL,0.5322916666666667,0.932876896753325,0.5611546292875941,0.004427744295408302,0.005427749977831134,base+all_candidates
additive,5,ML_assisted_spec,0.5322916666666667,0.932868592918806,0.5611580827051316,0.00434989210736708,0.005427749977831134,base+quality_sq+price_sq+evidence_digital+price_income
additive,5,Latent_Class_MNL,0.5302083333333333,0.9451204612628146,0.5678623525876184,0.012220204964650365,0.014425052917979709,base
additive,6,MNL,0.5333333333333333,0.9555853444184594,0.5744129936845094,0.025652746107040124,0.002963797799884175,base
additive,6,Structured_MNL,0.5302083333333333,0.9573536702330965,0.5748961226282032,0.02323609669819583,0.004854782011167704,base+all_candidates
additive,6,ML_assisted_spec,0.528125,0.9565719319932877,0.574586587864461,0.02442968195300755,0.004332113768996376,base+quality_sq+price_hinge+quality_support+evidence_digital
additive,6,Latent_Class_MNL,0.528125,0.9646352280329291,0.5805843530675702,0.029132186445249134,0.01064267060713233,base
additive,7,MNL,0.5479166666666667,0.9372568406633176,0.5630003131991081,0.006397601153666872,0.004270039059297263,base
additive,7,Structured_MNL,0.546875,0.9381012310778023,0.5628850997043424,0.006913787457945493,0.00406086577493554,base+all_candidates
additive,7,ML_assisted_spec,0.553125,0.9393955408520717,0.5638680787511506,0.0067985094624682585,0.004085406603848941,base+price_income
additive,7,Latent_Class_MNL,0.5427083333333333,0.9473369393927432,0.5689289548690775,0.007125799638673779,0.013461346743677449,base
additive,8,MNL,0.53125,0.9683582380724528,0.5825086013913335,0.0049153773284089,0.0030814983442696534,base
additive,8,Structured_MNL,0.5229166666666667,0.9712568973973689,0.583255314360605,0.004682674245683457,0.003802498588234579,base+all_candidates
additive,8,ML_assisted_spec,0.521875,0.9706070835820384,0.5827808036534395,0.0046700239788616295,0.004353727838707287,base+price_sq+evidence_digital
additive,8,Latent_Class_MNL,0.5197916666666667,0.9747623858325644,0.5873832190481785,0.008648491096045187,0.01437465879439246,base
additive,9,MNL,0.5489583333333333,0.9190892742365219,0.5547119168889664,0.005793257656840274,0.004445958178568685,base
additive,9,Structured_MNL,0.5489583333333333,0.9151662870559034,0.5526042736858792,0.0032129344971661353,0.004443524971626857,base+all_candidates
additive,9,ML_assisted_spec,0.5510416666666667,0.9167096304189426,0.5545083270367474,0.0034879350884269053,0.004207022602295228,base+price_sq
additive,9,Latent_Class_MNL,0.5364583333333334,0.9375220334001698,0.565042416910431,0.009535321061458803,0.016979694536357625,base
nonlinear,0,MNL,0.5395833333333333,0.9494370557199332,0.567162654626322,0.022119443522336857,0.11718087473896853,base
nonlinear,0,Structured_MNL,0.59375,0.8625428574605467,0.5192533610352081,0.012469939853357528,0.001727678991293844,base+all_candidates
nonlinear,0,ML_assisted_spec,0.59375,0.8623854976636719,0.5192332245897578,0.01216235826448735,0.0005728673517415486,base+quality_sq+price_sq+price_income
nonlinear,0,Latent_Class_MNL,0.5375,0.9776714430512141,0.5844744576926378,0.03738726681297737,0.13839219261820782,base
nonlinear,1,MNL,0.5375,0.9432777469905318,0.5654615565696178,0.023411325435903393,0.12490892916813426,base
nonlinear,1,Structured_MNL,0.5958333333333333,0.8530709378876521,0.5127472559365962,0.018062371644827803,0.0022259381776354396,base+all_candidates
nonlinear,1,ML_assisted_spec,0.5947916666666667,0.8521552580554645,0.5120500135356357,0.017839708513903776,0.0010876109060875495,base+quality_sq+price_sq+evidence_digital+price_income
nonlinear,1,Latent_Class_MNL,0.528125,0.9757927051577657,0.5846697874532716,0.03831544881017711,0.13253947801360375,base
nonlinear,2,MNL,0.5604166666666667,0.915704493307507,0.5508676444390139,0.002976167903994706,0.08899455324787081,base
nonlinear,2,Structured_MNL,0.5895833333333333,0.8443541784359377,0.5059103271553954,0.004351372652882955,0.002664196004114143,base+all_candidates
nonlinear,2,ML_assisted_spec,0.596875,0.8439757908706635,0.505662587654329,0.00433092884606207,0.0032614838467710907,base+quality_sq+price_sq
nonlinear,2,Latent_Class_MNL,0.546875,0.9457170139894423,0.567870867597658,0.01641302053016601,0.11218915788384326,base
nonlinear,3,MNL,0.5927083333333333,0.9090394105841796,0.5364964778952922,0.01750725633901763,0.11589113820900006,base
nonlinear,3,Structured_MNL,0.6125,0.8164680611538,0.4861219140569917,0.011758064275421637,0.0019546645291384428,base+all_candidates
nonlinear,3,ML_assisted_spec,0.6177083333333333,0.8171095848559345,0.4870608487063478,0.014513492751396188,0.005208617219653959,base+quality_sq+price_hinge
nonlinear,3,Latent_Class_MNL,0.584375,0.9377865674157533,0.5554522505692804,0.029526943968323546,0.12404071310706781,base
nonlinear,4,MNL,0.54375,0.9508339256493109,0.5723697341650521,0.016202514374460145,0.11752225142160093,base
nonlinear,4,Structured_MNL,0.5958333333333333,0.8482809245136178,0.5111597723913608,0.008893661641256604,0.0031928624795282143,base+all_candidates
nonlinear,4,ML_assisted_spec,0.5958333333333333,0.8482836161453164,0.5111915271634829,0.008883836406608819,0.002820228516917369,base+quality_sq+price_sq+evidence_digital+price_income
nonlinear,4,Latent_Class_MNL,0.534375,0.9742059470603233,0.5859676214514037,0.02630607996608693,0.1589620699238426,base
nonlinear,5,MNL,0.575,0.8977493544507734,0.5379931752349724,0.013513505259741976,0.1072044322303241,base
nonlinear,5,Structured_MNL,0.6260416666666667,0.7959429068993692,0.47842946825144755,0.006338038989342922,0.0037229853654884033,base+all_candidates
nonlinear,5,ML_assisted_spec,0.625,0.7962715604661539,0.47879854425460205,0.006334176608672913,0.003981249833743779,base+quality_sq+price_sq+evidence_digital
nonlinear,5,Latent_Class_MNL,0.5583333333333333,0.9378030036249929,0.5619719974239655,0.02377933706807166,0.14007980646571588,base
nonlinear,6,MNL,0.5510416666666667,0.938448823382673,0.5614778049300366,0.013346522016091678,0.12139370569143174,base
nonlinear,6,Structured_MNL,0.621875,0.8406129768963896,0.5033673350797557,0.014255633526694277,0.004120840161599058,base+all_candidates
nonlinear,6,ML_assisted_spec,0.6197916666666666,0.8399032328938624,0.5029661300885107,0.014211498921375366,0.0032254922823873387,base+quality_sq+price_sq+price_income
nonlinear,6,Latent_Class_MNL,0.56875,0.9664739223968,0.5773468969814677,0.025610939726269228,0.1346736908026547,base
nonlinear,7,MNL,0.55625,0.9267241203216252,0.5559955704121902,0.019420003755500997,0.12136241939308808,base
nonlinear,7,Structured_MNL,0.6052083333333333,0.8610476674711532,0.5158015642049502,0.010770002193252111,0.003453960413139362,base+all_candidates
nonlinear,7,ML_assisted_spec,0.596875,0.8583198473654678,0.5146951242851544,0.012223314125387382,0.003334426981056936,base+quality_sq+price_hinge+price_income
nonlinear,7,Latent_Class_MNL,0.5802083333333333,0.9516143823257137,0.5699407422658832,0.03285504468486728,0.1345308080383636,base
nonlinear,8,MNL,0.54375,0.9153293343005962,0.5505753091753187,0.010403512943139381,0.10594192069930627,base
nonlinear,8,Structured_MNL,0.5854166666666667,0.8657704185442038,0.5235172442015367,0.004699923321181116,0.0015697653022396082,base+all_candidates
nonlinear,8,ML_assisted_spec,0.5854166666666667,0.8658418218556398,0.5235224190555742,0.0045528135674039825,0.001367624187209022,base+quality_sq+price_sq+price_income
nonlinear,8,Latent_Class_MNL,0.5458333333333333,0.9456169922380099,0.5678847670137146,0.024342453311599708,0.1292577915722171,base
nonlinear,9,MNL,0.584375,0.8907841397262595,0.5344414852047356,0.017097527821197455,0.10077128179077235,base
nonlinear,9,Structured_MNL,0.6239583333333333,0.8098589545749578,0.4847321263887929,0.010574194980345817,0.0028758456259797087,base+all_candidates
nonlinear,9,ML_assisted_spec,0.6239583333333333,0.8099541654659764,0.48465999806527194,0.010549646334878114,0.0027372878934395256,base+quality_sq+price_sq+price_income
nonlinear,9,Latent_Class_MNL,0.5739583333333333,0.9303128159411282,0.5571624074015394,0.0283107211710374,0.12340189433820332,base
threshold,0,MNL,0.56875,0.899819086799202,0.5429613296035415,0.012191467575449064,0.004115441248447879,base
threshold,0,Structured_MNL,0.5645833333333333,0.8945294382808375,0.5418585269089896,0.01553312501314332,0.0027010724775429545,base+all_candidates
threshold,0,ML_assisted_spec,0.5625,0.8945072359896304,0.5418063910900484,0.01541668827155867,0.0024721142858161516,base+quality_sq+price_sq+quality_support+price_income
threshold,0,Latent_Class_MNL,0.5583333333333333,0.923694915002063,0.5554607064363765,0.010280125378431952,0.023387304745334712,base
threshold,1,MNL,0.5739583333333333,0.8907283592867344,0.5391420262833025,0.014503206352341714,0.011357985909868602,base
threshold,1,Structured_MNL,0.5739583333333333,0.8879494851302212,0.5375543536186483,0.010203322642186497,0.006204189492154888,base+all_candidates
threshold,1,ML_assisted_spec,0.5697916666666667,0.8873779778253055,0.5371053471864574,0.01005350227722066,0.0050200124956202045,base+price_sq+evidence_digital+price_income
threshold,1,Latent_Class_MNL,0.5677083333333334,0.9152821018551156,0.5518060116773166,0.016635034066185987,0.03587262935713113,base
threshold,2,MNL,0.5541666666666667,0.9162864907407224,0.5518060768618861,0.006978506215745694,0.007978667531136812,base
threshold,2,Structured_MNL,0.5635416666666667,0.9143235463609543,0.5502191288937879,0.009215632056746538,0.0032289303853318156,base+all_candidates
threshold,2,ML_assisted_spec,0.559375,0.9131725926227982,0.549763211114546,0.009121889282521323,0.0026527993772892224,base+price_sq+price_income
threshold,2,Latent_Class_MNL,0.5458333333333333,0.9381110644489229,0.5649434540950897,0.009494482012196472,0.03933107072472432,base
threshold,3,MNL,0.5520833333333334,0.9017272985554025,0.5445045068672792,0.011071601554344883,0.00843701604372528,base
threshold,3,Structured_MNL,0.5666666666666667,0.8909212434902222,0.5394892923562989,0.005690940671615461,0.0028675361884748706,base+all_candidates
threshold,3,ML_assisted_spec,0.5583333333333333,0.8944853229643018,0.5408497016217811,0.00823094814108161,0.0034440434249369007,base+price_hinge+evidence_digital+price_income
threshold,3,Latent_Class_MNL,0.5260416666666666,0.9281902136302593,0.5584677583107501,0.01764233098965475,0.039181075924888696,base
threshold,4,MNL,0.5572916666666666,0.8979905422926104,0.543684571904987,0.010737491201945084,0.006670638162395001,base
threshold,4,Structured_MNL,0.5572916666666666,0.8946876946362393,0.544210038583503,0.01657066658328554,0.0019417082223352378,base+all_candidates
threshold,4,ML_assisted_spec,0.5541666666666667,0.8939820446297657,0.5438131070350146,0.017025233672405216,0.0015327103295003992,base+price_sq+price_hinge+price_income
threshold,4,Latent_Class_MNL,0.5572916666666666,0.9191028842696192,0.5540700049943943,0.003845422052981772,0.03858112973165055,base
threshold,5,MNL,0.5760416666666667,0.8942212872539802,0.5393939735068861,0.005085922645095465,0.004848473321483758,base
threshold,5,Structured_MNL,0.5854166666666667,0.8886416936549684,0.5372694278278544,0.004571644938043592,0.003185838981643451,base+all_candidates
threshold,5,ML_assisted_spec,0.5833333333333334,0.8897661784540675,0.5377295743010716,0.00477982007913049,0.003400248011678477,base+price_sq+price_hinge+quality_support
threshold,5,Latent_Class_MNL,0.5510416666666667,0.916812924171907,0.5516644865928407,0.009689910878219259,0.029204186757537873,base
threshold,6,MNL,0.5708333333333333,0.9061057417380489,0.5460102748845465,0.006092720869202494,0.006011969476025028,base
threshold,6,Structured_MNL,0.5791666666666667,0.9014556318341188,0.5429385329484672,0.002886952649883647,0.0013124027172533095,base+all_candidates
threshold,6,ML_assisted_spec,0.5760416666666667,0.90332530655518,0.5441741017707036,0.0026890094093015844,0.0022746031248767023,base+quality_sq+price_sq+quality_support+evidence_digital
threshold,6,Latent_Class_MNL,0.5447916666666667,0.9228521816044015,0.5560803368896927,0.01320983726912051,0.025640050828415816,base
threshold,7,MNL,0.5645833333333333,0.894632083670946,0.5408070582524663,0.009067550564286684,0.01256954273770994,base
threshold,7,Structured_MNL,0.5583333333333333,0.8926344507224103,0.5400527491193051,0.005603480266090896,0.0049136927328404115,base+all_candidates
threshold,7,ML_assisted_spec,0.5604166666666667,0.8936433607573656,0.5402779956560686,0.0076456149308380735,0.008110953647776933,base+quality_sq+price_hinge+quality_support
threshold,7,Latent_Class_MNL,0.565625,0.9159578476930708,0.5519196538921984,0.009850093651899565,0.04131077871173867,base
threshold,8,MNL,0.5697916666666667,0.8990248335850833,0.5400367139112593,0.014989406511569032,0.006961390845187738,base
threshold,8,Structured_MNL,0.5760416666666667,0.8926282160961172,0.5359387910152134,0.013706388046260651,0.0026152049548943427,base+all_candidates
threshold,8,ML_assisted_spec,0.578125,0.8939664519401329,0.5368436589652693,0.01367692626896029,0.0036246188039841675,base+quality_sq+price_sq+quality_support
threshold,8,Latent_Class_MNL,0.5614583333333333,0.9243759549575625,0.5561595435829271,0.0176623673008183,0.029557681893198042,base
threshold,9,MNL,0.5833333333333334,0.8718193422705289,0.524041217733267,0.016771183915317227,0.0067752552694705205,base
threshold,9,Structured_MNL,0.5885416666666666,0.8688115561929375,0.520424958946284,0.01104468550830447,0.0021620965612676904,base+all_candidates
threshold,9,ML_assisted_spec,0.5885416666666666,0.868523528904608,0.5201695978186851,0.011321129777400948,0.0020646111831428417,base+quality_sq+price_sq+price_income
threshold,9,Latent_Class_MNL,0.56875,0.9014458646029939,0.5417355396129893,0.024366498950204776,0.023068888840268736,base
interaction,0,MNL,0.5604166666666667,0.9334847884355116,0.5575018156958291,0.016711615139528197,0.10940857334093425,base
interaction,0,Structured_MNL,0.5854166666666667,0.8526026133132449,0.512719673113197,0.012110777752571342,0.0022649525599195788,base+all_candidates
interaction,0,ML_assisted_spec,0.5885416666666666,0.851853763231347,0.5116797169961477,0.014297714541062741,0.0025494789470032623,base+quality_support+evidence_digital+price_income
interaction,0,Latent_Class_MNL,0.559375,0.943331616339428,0.564136869028917,0.01650715117337865,0.11637296905646032,base
interaction,1,MNL,0.5614583333333333,0.9443487551989255,0.5606035434504986,0.00785417439137048,0.100536220175605,base
interaction,1,Structured_MNL,0.5916666666666667,0.8679940526593174,0.5179200747635924,0.015521934133780904,0.0033356539614540935,base+all_candidates
interaction,1,ML_assisted_spec,0.5895833333333333,0.8678715828735523,0.5176412082873275,0.013080185460198845,0.003989740631598473,base+price_hinge+quality_support+evidence_digital
interaction,1,Latent_Class_MNL,0.5760416666666667,0.9514956405464658,0.5662784750041671,0.0045016275815649865,0.10022254789521404,base
interaction,2,MNL,0.55,0.9443037873828899,0.5615932897895478,0.009967107739175904,0.11532322979797753,base
interaction,2,Structured_MNL,0.5979166666666667,0.8394589884180187,0.5037576646965948,0.0110369002239896,0.00277560563543999,base+all_candidates
interaction,2,ML_assisted_spec,0.6010416666666667,0.839742629214957,0.5038980895039468,0.010917479548997437,0.003026795937829537,base+price_sq+quality_support+evidence_digital
interaction,2,Latent_Class_MNL,0.5520833333333334,0.9495602071844906,0.5654356178962082,0.011252383967181645,0.12380418642463961,base
interaction,3,MNL,0.5729166666666666,0.9163223860842094,0.5451284256923062,0.004557787214274861,0.11163614024418098,base
interaction,3,Structured_MNL,0.609375,0.8363641188605039,0.49887970259579273,0.00923667379349806,0.003334725041780179,base+all_candidates
interaction,3,ML_assisted_spec,0.609375,0.8361282877036175,0.4986626201659038,0.00961927724150428,0.002893725712490475,base+price_sq+quality_support+evidence_digital+price_income
interaction,3,Latent_Class_MNL,0.5729166666666666,0.9312453408687702,0.5549017115339157,0.0021884100780348898,0.09838584802573042,base
interaction,4,MNL,0.5239583333333333,0.9824800766932549,0.5864397322774525,0.009726350922974622,0.14287067089055808,base
interaction,4,Structured_MNL,0.5854166666666667,0.878399066984853,0.5267778130278765,0.009056226078675627,0.002090778523117947,base+all_candidates
interaction,4,ML_assisted_spec,0.5875,0.8781086419352739,0.5266105019058532,0.008766514734209183,0.0022956740449170112,base+price_sq+quality_support+evidence_digital+price_income
interaction,4,Latent_Class_MNL,0.5208333333333334,0.9856794097914653,0.5894603826099123,0.013450578154868277,0.13014323429183483,base
interaction,5,MNL,0.5364583333333334,0.9455473879087245,0.568582396687628,0.017361531903704895,0.11267023767206982,base
interaction,5,Structured_MNL,0.5989583333333334,0.8717229032136304,0.5211755148725158,0.0191342265668274,0.002875754750425234,base+all_candidates
interaction,5,ML_assisted_spec,0.603125,0.8688453930879624,0.5196752731871018,0.01899599253063617,0.002225630655423941,base+price_sq+quality_support+evidence_digital+price_income
interaction,5,Latent_Class_MNL,0.5302083333333333,0.9509573018688688,0.5705638055712875,0.013763528107155209,0.11375083622959138,base
interaction,6,MNL,0.5604166666666667,0.9394559617198346,0.5609643636041102,0.007126291285490923,0.1324018019494542,base
interaction,6,Structured_MNL,0.596875,0.8707988858801738,0.5198716112132346,0.006721220084258082,0.004146146830651313,base+all_candidates
interaction,6,ML_assisted_spec,0.5979166666666667,0.8711122029104937,0.5201252642964086,0.006860344519335991,0.004234181986554091,base+price_sq+quality_support+evidence_digital
interaction,6,Latent_Class_MNL,0.5614583333333333,0.9480228550245532,0.5664365850766504,0.007588127220556437,0.12164369921722215,base
interaction,7,MNL,0.5572916666666666,0.9296696161459919,0.5540995833560307,0.012506571330914946,0.10995015987424267,base
interaction,7,Structured_MNL,0.6104166666666667,0.8401337693578722,0.49945647399251347,0.014347085391332884,0.004291443198268173,base+all_candidates
interaction,7,ML_assisted_spec,0.6114583333333333,0.8401218747165833,0.4994258683951511,0.01419749248940075,0.004170480375628862,base+price_sq+quality_support+evidence_digital+price_income
interaction,7,Latent_Class_MNL,0.5479166666666667,0.9381915644326015,0.5606704526997565,0.013591442856964984,0.11482972091639582,base
interaction,8,MNL,0.5552083333333333,0.9322001987848751,0.561061577165558,0.00497415856125248,0.11720015328266668,base
interaction,8,Structured_MNL,0.6072916666666667,0.845857005391745,0.5091404192733006,0.005402535027418938,0.005944761678484578,base+all_candidates
interaction,8,ML_assisted_spec,0.6020833333333333,0.848745363444591,0.5103908711382663,0.00453758483890697,0.004885396130625578,base+price_hinge+quality_support+evidence_digital
interaction,8,Latent_Class_MNL,0.565625,0.9402098618839102,0.5642705040279065,0.004775088541750189,0.11931508330038264,base
interaction,9,MNL,0.5510416666666667,0.9396300846180068,0.5600386713616656,0.008581514549105728,0.1221996284354417,base
interaction,9,Structured_MNL,0.5822916666666667,0.8707318561153533,0.5202240377611667,0.00802381333807623,0.004853417906143453,base+all_candidates
interaction,9,ML_assisted_spec,0.5822916666666667,0.8706358484456018,0.5201534999496683,0.007730823228277164,0.0047733633520230506,base+price_sq+quality_support+evidence_digital+price_income
interaction,9,Latent_Class_MNL,0.5458333333333333,0.9516073681043714,0.5675659102630419,0.011857176623139658,0.11730225107243498,base
heterogeneity,0,MNL,0.5208333333333334,0.9573473108175049,0.5768684092352158,0.01872449972904763,0.03889257576866756,base
heterogeneity,0,Structured_MNL,0.515625,0.959886227706418,0.5772326867919458,0.01824647332214939,0.0420231256770902,base+all_candidates
heterogeneity,0,ML_assisted_spec,0.51875,0.9551755866282926,0.5757991782832091,0.01860653042936085,0.038809836094070516,base+price_income
heterogeneity,0,Latent_Class_MNL,0.5145833333333333,0.9641527109482417,0.5807038059487764,0.020121829381690874,0.05075346305682957,base
heterogeneity,1,MNL,0.5104166666666666,0.9689172034627634,0.5861734507527043,0.028219687120314994,0.05624378740991558,base
heterogeneity,1,Structured_MNL,0.509375,0.9678433495023856,0.5849569920534672,0.027682068787086227,0.05260910920769657,base+all_candidates
heterogeneity,1,ML_assisted_spec,0.5104166666666666,0.9677668021658437,0.5848693982001268,0.028671916252833322,0.04741255321603454,base+price_income
heterogeneity,1,Latent_Class_MNL,0.5010416666666667,0.9734775988199483,0.5884252769691519,0.028775905234149322,0.06405061994626954,base
heterogeneity,2,MNL,0.5395833333333333,0.9352193211522116,0.563984002650687,0.007956802173304002,0.042371558636258744,base
heterogeneity,2,Structured_MNL,0.5385416666666667,0.937354982864175,0.5652143150123009,0.006524325847913577,0.04659709071628535,base+all_candidates
heterogeneity,2,ML_assisted_spec,0.5395833333333333,0.9352193211522116,0.563984002650687,0.007956802173304002,0.042371558636258744,base
heterogeneity,2,Latent_Class_MNL,0.5270833333333333,0.9457788498889156,0.5697816537492708,0.01003228502345086,0.055836085391832414,base
heterogeneity,3,MNL,0.5427083333333333,0.9383136521485436,0.5646765092096923,0.020061160543778146,0.04503303647461931,base
heterogeneity,3,Structured_MNL,0.5510416666666667,0.939823522407504,0.5650061858379534,0.01740200174155517,0.04250040842793181,base+all_candidates
heterogeneity,3,ML_assisted_spec,0.5479166666666667,0.9396811322359232,0.5652948571494693,0.01836848688165375,0.037470742620587034,base+price_income
heterogeneity,3,Latent_Class_MNL,0.5239583333333333,0.9521675839852769,0.5737438952971535,0.023794865316064635,0.05185508262816273,base
heterogeneity,4,MNL,0.5260416666666666,0.947290266173703,0.5733051640769987,0.0035674912930537344,0.0312141805891959,base
heterogeneity,4,Structured_MNL,0.5145833333333333,0.951614787147585,0.5763526393588927,0.005039436206511447,0.036814095198949306,base+all_candidates
heterogeneity,4,ML_assisted_spec,0.521875,0.9501030207957613,0.5751313504410035,0.003492600376940879,0.032587588341434645,base+quality_sq+quality_support+price_income
heterogeneity,4,Latent_Class_MNL,0.5291666666666667,0.9578925055183279,0.578538936586966,0.005634633145695116,0.04505099409476121,base
heterogeneity,5,MNL,0.51875,0.9582027452855805,0.5777165344509106,0.014721064942075915,0.041408358439991105,base
heterogeneity,5,Structured_MNL,0.5166666666666667,0.9579620625890615,0.5781681866537928,0.017383237872107448,0.04223918804978406,base+all_candidates
heterogeneity,5,ML_assisted_spec,0.51875,0.9582027452855805,0.5777165344509106,0.014721064942075915,0.041408358439991105,base
heterogeneity,5,Latent_Class_MNL,0.5114583333333333,0.9673185002439947,0.5829307475200179,0.012021224697062429,0.05016665003859614,base
heterogeneity,6,MNL,0.515625,0.9604501753800702,0.5771949939140126,0.02142424002440901,0.03394154299220029,base
heterogeneity,6,Structured_MNL,0.525,0.9593961222062167,0.5766304219829332,0.019456171343914464,0.03869462582734596,base+all_candidates
heterogeneity,6,ML_assisted_spec,0.515625,0.9604501753800702,0.5771949939140126,0.02142424002440901,0.03394154299220029,base
heterogeneity,6,Latent_Class_MNL,0.5135416666666667,0.9697893108527786,0.5828779856828937,0.024428055026847313,0.04605255990432112,base
heterogeneity,7,MNL,0.540625,0.9488254340141596,0.5693244691161251,0.010965765592219576,0.03125311498000546,base
heterogeneity,7,Structured_MNL,0.5333333333333333,0.9509481822144904,0.5711406722565276,0.009968072846452422,0.035182396928912334,base+all_candidates
heterogeneity,7,ML_assisted_spec,0.540625,0.9488254340141596,0.5693244691161251,0.010965765592219576,0.03125311498000546,base
heterogeneity,7,Latent_Class_MNL,0.5291666666666667,0.9609633299241764,0.5773542547784989,0.01379742929041006,0.0426893688298172,base
heterogeneity,8,MNL,0.546875,0.9314733623162245,0.5593686470467001,0.00518491909279987,0.032404699802994257,base
heterogeneity,8,Structured_MNL,0.546875,0.9334366864026697,0.5604160672006001,0.005187386834775207,0.03092948514067958,base+all_candidates
heterogeneity,8,ML_assisted_spec,0.546875,0.9314733623162245,0.5593686470467001,0.00518491909279987,0.032404699802994257,base
heterogeneity,8,Latent_Class_MNL,0.5447916666666667,0.9450361142153298,0.5669128498934046,0.006604589628219849,0.04576521418393761,base
heterogeneity,9,MNL,0.5177083333333333,0.9594328753916247,0.5827093795180425,0.004372105384994184,0.04628404580184124,base
heterogeneity,9,Structured_MNL,0.5166666666666667,0.9587329304023323,0.5823559264292598,0.0021141223133178265,0.04268066986421425,base+all_candidates
heterogeneity,9,ML_assisted_spec,0.5208333333333334,0.9600146543065141,0.5832025038022788,0.0020913161958752875,0.04507404130394309,base+price_sq
heterogeneity,9,Latent_Class_MNL,0.49583333333333335,0.9684289080792202,0.5869498585000715,0.0072974428475229116,0.059542193403769164,base
nonlinear_threshold,0,MNL,0.5958333333333333,0.8628460785004025,0.5189576829451986,0.007869060306330857,0.10140956260510509,base
nonlinear_threshold,0,Structured_MNL,0.6177083333333333,0.789454099071851,0.4797713570547193,0.00300063806194488,0.0014046374458729438,base+all_candidates
nonlinear_threshold,0,ML_assisted_spec,0.615625,0.7885836673544259,0.4792488907549124,0.002870908564927874,0.0017019279719006448,base+quality_sq+price_sq+price_income
nonlinear_threshold,0,Latent_Class_MNL,0.5697916666666667,0.910686715471648,0.5466178363668899,0.022452899291032516,0.12447088374663122,base
nonlinear_threshold,1,MNL,0.5666666666666667,0.8845896433168574,0.5350067473211724,0.01441168793426303,0.12022524925524111,base
nonlinear_threshold,1,Structured_MNL,0.5989583333333334,0.796264270835532,0.4820201173066384,0.007308942093282676,0.002989597042455444,base+all_candidates
nonlinear_threshold,1,ML_assisted_spec,0.6041666666666666,0.7967050494686501,0.48224942717673897,0.006973014814730019,0.0022669331266609517,base+quality_sq+price_sq+price_hinge
nonlinear_threshold,1,Latent_Class_MNL,0.553125,0.9306770699253097,0.5604936547655353,0.026556585602791463,0.1539338833195884,base
nonlinear_threshold,2,MNL,0.584375,0.8998645145774612,0.5406279051417012,0.020294956279728438,0.11659337430375287,base
nonlinear_threshold,2,Structured_MNL,0.615625,0.8278022818663319,0.49367384874744435,0.010981920763485494,0.001787631506873798,base+all_candidates
nonlinear_threshold,2,ML_assisted_spec,0.6208333333333333,0.8273734010079026,0.49344578513763,0.011415406146404615,0.001796859090536161,base+quality_sq+price_sq
nonlinear_threshold,2,Latent_Class_MNL,0.553125,0.9428962519449009,0.5667789564082368,0.03280926079654545,0.15361801954792897,base
nonlinear_threshold,3,MNL,0.5791666666666667,0.8639843679684063,0.5201635942530495,0.006135554058734462,0.1276974954640323,base
nonlinear_threshold,3,Structured_MNL,0.63125,0.781270279365557,0.4726124043385365,0.009036835785090989,0.002079671420428863,base+all_candidates
nonlinear_threshold,3,ML_assisted_spec,0.6302083333333334,0.7806740203157093,0.47221894568450934,0.009183671383454522,0.0025444847381446765,base+quality_sq+price_sq+price_income
nonlinear_threshold,3,Latent_Class_MNL,0.5864583333333333,0.9105093451329587,0.5460039166916165,0.01979708859224965,0.16115759335819213,base
nonlinear_threshold,4,MNL,0.559375,0.8972505987124071,0.539195877629759,0.03381864284855724,0.12786447595867909,base
nonlinear_threshold,4,Structured_MNL,0.6041666666666666,0.8179269340903512,0.4955860893110129,0.021171262508522356,0.0022871177060387353,base+all_candidates
nonlinear_threshold,4,ML_assisted_spec,0.6104166666666667,0.8179382385614908,0.4954365785991363,0.021162789999507308,0.0013919058820510515,base+quality_sq+price_sq+price_hinge+price_income
nonlinear_threshold,4,Latent_Class_MNL,0.5572916666666666,0.9401595159833627,0.5632209104220866,0.045468927874547746,0.1483234001609272,base
nonlinear_threshold,5,MNL,0.5875,0.8693999686333512,0.5188083067032191,0.017036535028504246,0.10094143169835883,base
nonlinear_threshold,5,Structured_MNL,0.6239583333333333,0.7713763754723042,0.46581406273857684,0.011679601618367091,0.0012602082453977495,base+all_candidates
nonlinear_threshold,5,ML_assisted_spec,0.6291666666666667,0.7707539131381496,0.4654360036666979,0.011407097942311794,0.0017766144648602134,base+quality_sq+price_sq+price_hinge+evidence_digital
nonlinear_threshold,5,Latent_Class_MNL,0.5864583333333333,0.9173777052495199,0.5463704584655767,0.031588099710318424,0.12422880484354787,base
nonlinear_threshold,6,MNL,0.5822916666666667,0.8830547002837598,0.5273406406091979,0.010493723261854255,0.10132841705098042,base
nonlinear_threshold,6,Structured_MNL,0.6104166666666667,0.8034725675792359,0.48082706302175876,0.003104247714043,0.004212344832149115,base+all_candidates
nonlinear_threshold,6,ML_assisted_spec,0.6177083333333333,0.8083112205877241,0.48425939072688123,0.00718316270510736,0.010951656552225915,base+quality_sq+price_hinge+price_income
nonlinear_threshold,6,Latent_Class_MNL,0.56875,0.9231086479510072,0.5518582628798367,0.022591068324201453,0.13941559848570353,base
nonlinear_threshold,7,MNL,0.578125,0.8712871798482514,0.5228198766890687,0.0016029777162285064,0.15345412245545764,base
nonlinear_threshold,7,Structured_MNL,0.6291666666666667,0.7926191033862343,0.47595933290188636,0.010362937506184366,0.0033935647409344878,base+all_candidates
nonlinear_threshold,7,ML_assisted_spec,0.6270833333333333,0.7928926824808514,0.47650804229149296,0.010645128219566716,0.0030468015184182467,base+quality_sq+price_sq+price_hinge+price_income
nonlinear_threshold,7,Latent_Class_MNL,0.5833333333333334,0.9110956276463937,0.5449954770512363,0.016014054539950754,0.18470104155439576,base
nonlinear_threshold,8,MNL,0.58125,0.8939528429505034,0.5340958677130909,0.02176794926649638,0.08939874297691945,base
nonlinear_threshold,8,Structured_MNL,0.603125,0.8302377529082086,0.498798208524513,0.01799451932379992,0.002534965624175778,base+all_candidates
nonlinear_threshold,8,ML_assisted_spec,0.6010416666666667,0.8303438161561654,0.4987636593762763,0.0185193263834848,0.0024903431946958865,base+quality_sq+price_sq
nonlinear_threshold,8,Latent_Class_MNL,0.571875,0.9305209791208069,0.5556219931717398,0.038300099528518,0.10918978059720187,base
nonlinear_threshold,9,MNL,0.59375,0.8883857761372056,0.5310298342512988,0.013144934992914472,0.09545838520341451,base
nonlinear_threshold,9,Structured_MNL,0.6260416666666667,0.8067375916238612,0.48854050770760415,0.0026119908115453216,0.002293568622922874,base+all_candidates
nonlinear_threshold,9,ML_assisted_spec,0.628125,0.8081699836341332,0.4893233060010102,0.002568568496555235,0.0028283607890882494,base+quality_sq+price_sq+price_hinge+evidence_digital
nonlinear_threshold,9,Latent_Class_MNL,0.5760416666666667,0.9373073803827258,0.5597013876969903,0.02747530054068202,0.1290061431561013,base
nonlinear_interaction,0,MNL,0.5572916666666666,0.9231986645053099,0.5469685784969435,0.015728461186450174,0.2183078066839651,base
nonlinear_interaction,0,Structured_MNL,0.6458333333333334,0.7793837829661686,0.4630109054082272,0.009240265699403612,0.0018659219159585605,base+all_candidates
nonlinear_interaction,0,ML_assisted_spec,0.646875,0.779298770154914,0.4630205995599218,0.009250622414103024,0.001933549572705364,base+quality_sq+price_sq+quality_support+evidence_digital+price_income
nonlinear_interaction,0,Latent_Class_MNL,0.5697916666666667,0.9496046351349832,0.5633115857774761,0.025293256207947545,0.21136420922210872,base
nonlinear_interaction,1,MNL,0.5822916666666667,0.9209179568843014,0.5439002602133962,0.017232732962717382,0.21651735482612752,base
nonlinear_interaction,1,Structured_MNL,0.646875,0.7578069164828372,0.4510183139621058,0.022914259557119312,0.002687605670731654,base+all_candidates
nonlinear_interaction,1,ML_assisted_spec,0.646875,0.7575731294417261,0.4508639506461543,0.02283204370009485,0.0023504419090321755,base+quality_sq+price_sq+quality_support+evidence_digital+price_income
nonlinear_interaction,1,Latent_Class_MNL,0.584375,0.9432470696757057,0.5589410469639992,0.005629596095041408,0.22389979517974498,base
nonlinear_interaction,2,MNL,0.5739583333333333,0.9289716669816667,0.5509841482638068,0.001071765624163559,0.19759363555760187,base
nonlinear_interaction,2,Structured_MNL,0.640625,0.7946569277925034,0.4741215513992332,0.005275681514503356,0.0026086247301212867,base+all_candidates
nonlinear_interaction,2,ML_assisted_spec,0.6375,0.7948613083077848,0.4746126350912745,0.0056868436925040485,0.0035836713892026693,base+quality_sq+price_sq+quality_support+evidence_digital
nonlinear_interaction,2,Latent_Class_MNL,0.5802083333333333,0.9542969349207482,0.5667411911372462,0.014498316747439002,0.20045047257889176,base
nonlinear_interaction,3,MNL,0.5520833333333334,0.9174330891585122,0.5494085932276602,0.02050436786876347,0.21021561449254145,base
nonlinear_interaction,3,Structured_MNL,0.628125,0.7973487605190633,0.47609334023821487,0.02100446736216606,0.002404306356181164,base+all_candidates
nonlinear_interaction,3,ML_assisted_spec,0.6270833333333333,0.7974155865601901,0.4761503722630759,0.021018234526782097,0.0020969199306882878,base+quality_sq+price_sq+quality_support+evidence_digital+price_income
nonlinear_interaction,3,Latent_Class_MNL,0.56875,0.9409021344334596,0.5618569113349906,0.02523068023069345,0.21309574182659852,base
nonlinear_interaction,4,MNL,0.5677083333333334,0.9005898129644092,0.5400622628334986,0.01042944072455634,0.17688027402389261,base
nonlinear_interaction,4,Structured_MNL,0.6395833333333333,0.7677522417405859,0.4629443417945282,0.011053023129721293,0.0018491246950541654,base+all_candidates
nonlinear_interaction,4,ML_assisted_spec,0.6364583333333333,0.7682022392613262,0.46312246821309816,0.011807309549509518,0.0029455251081598353,base+quality_sq+price_sq+quality_support+evidence_digital
nonlinear_interaction,4,Latent_Class_MNL,0.5635416666666667,0.9338759389312173,0.5595953148029565,0.012615749200376577,0.1841757450283751,base
nonlinear_interaction,5,MNL,0.5854166666666667,0.8831473712132686,0.5269495874167107,0.007253318170785072,0.1987481459806144,base
nonlinear_interaction,5,Structured_MNL,0.6427083333333333,0.7849114906037655,0.4732960496240608,0.010029058769572496,0.0025247441918983832,base+all_candidates
nonlinear_interaction,5,ML_assisted_spec,0.6427083333333333,0.7848508488130013,0.47322570568001243,0.00995599318357073,0.0025668412851651574,base+quality_sq+price_sq+quality_support+evidence_digital+price_income
nonlinear_interaction,5,Latent_Class_MNL,0.5927083333333333,0.9168375159674196,0.5470251533504326,0.01796585233814199,0.2108828668746823,base
nonlinear_interaction,6,MNL,0.5958333333333333,0.9019322363659562,0.5370013262527048,0.018023146080090067,0.19487714833862366,base
nonlinear_interaction,6,Structured_MNL,0.6520833333333333,0.7866603383521527,0.46776148245870186,0.016337174841734317,0.0024029942158231635,base+all_candidates
nonlinear_interaction,6,ML_assisted_spec,0.6520833333333333,0.7865412133440838,0.4676502606598412,0.016329638811405364,0.0018700829402018217,base+quality_sq+price_sq+quality_support+evidence_digital+price_income
nonlinear_interaction,6,Latent_Class_MNL,0.5895833333333333,0.9334195892934105,0.5557528563930326,0.030470449915631703,0.20147841653672238,base
nonlinear_interaction,7,MNL,0.5875,0.902381741525105,0.5360996125264154,0.018155351758995276,0.21795135167978472,base
nonlinear_interaction,7,Structured_MNL,0.6645833333333333,0.7590606038471844,0.4499781743423689,0.015123947266093852,0.003044910382062978,base+all_candidates
nonlinear_interaction,7,ML_assisted_spec,0.6666666666666666,0.7588505375759905,0.4497743872721343,0.015042521115203494,0.002797979556615543,base+quality_sq+price_sq+quality_support+evidence_digital+price_income
nonlinear_interaction,7,Latent_Class_MNL,0.5864583333333333,0.9305765971203179,0.5529435399012902,0.020786374494899788,0.21990052631192095,base
nonlinear_interaction,8,MNL,0.584375,0.8900535177918165,0.5284591019937037,0.02118105716057298,0.20484387646803787,base
nonlinear_interaction,8,Structured_MNL,0.6760416666666667,0.7333894765283264,0.4357025968520052,0.010179265089570094,0.001632963271881709,base+all_candidates
nonlinear_interaction,8,ML_assisted_spec,0.6760416666666667,0.7332687619511344,0.4356398697624511,0.010194046562340636,0.0015995008264947975,base+quality_sq+price_sq+quality_support+evidence_digital+price_income
nonlinear_interaction,8,Latent_Class_MNL,0.5864583333333333,0.9222765817185642,0.5468602338877476,0.033996223602655584,0.20109900163685468,base
nonlinear_interaction,9,MNL,0.546875,0.9453644460001662,0.5614394913821473,0.025695738994854528,0.23088448328609898,base
nonlinear_interaction,9,Structured_MNL,0.65625,0.7483113004488996,0.44968147688804955,0.013127227741914585,0.0027767251828058875,base+all_candidates
nonlinear_interaction,9,ML_assisted_spec,0.653125,0.7484010552909456,0.44972935184497675,0.013135193823389036,0.002444163024465294,base+quality_sq+price_sq+quality_support+evidence_digital+price_income
nonlinear_interaction,9,Latent_Class_MNL,0.5458333333333333,0.9667333101747566,0.574584895068939,0.03720345999075655,0.2666507001688963,base
combined,0,MNL,0.596875,0.8850800097803634,0.5254192629789907,0.020070965257616247,0.21989255546915498,base
combined,0,Structured_MNL,0.6447916666666667,0.764584906942148,0.458816153586177,0.009704114726482025,0.017701424118280233,base+all_candidates
combined,0,ML_assisted_spec,0.6416666666666667,0.7652678779897907,0.4590313563749752,0.009786646019158721,0.01799104307187741,base+quality_sq+price_sq+quality_support+evidence_digital
combined,0,Latent_Class_MNL,0.5614583333333333,0.9200623241896034,0.5483404860160389,0.032166749903667184,0.24475102209071417,base
combined,1,MNL,0.6041666666666666,0.8731432832991161,0.5183129771547469,0.003980130603464877,0.19573701133280283,base
combined,1,Structured_MNL,0.6708333333333333,0.7386473281981948,0.4398756395920786,0.00975795868779123,0.015390619547888588,base+all_candidates
combined,1,ML_assisted_spec,0.6708333333333333,0.7386473281981948,0.4398756395920786,0.009757958687791236,0.015390619547888588,base+quality_sq+price_sq+price_hinge+quality_support+evidence_digital+price_income
combined,1,Latent_Class_MNL,0.6114583333333333,0.9149709236213447,0.5436070382423867,0.013891029292567445,0.19537972136560466,base
combined,2,MNL,0.5822916666666667,0.8910027598029197,0.5299960364237074,0.00897238381431767,0.2288190547136753,base
combined,2,Structured_MNL,0.64375,0.7563355158439526,0.45882827246699165,0.00978850852097024,0.014823186063682926,base+all_candidates
combined,2,ML_assisted_spec,0.64375,0.7563355158439526,0.45882827246699165,0.00978850852097024,0.014823186063682926,base+quality_sq+price_sq+price_hinge+quality_support+evidence_digital+price_income
combined,2,Latent_Class_MNL,0.5791666666666667,0.924475770738195,0.5488636517571077,0.015224447805989335,0.23331317525248754,base
combined,3,MNL,0.615625,0.8934181023422245,0.5207083324607978,0.011627302517735577,0.2195984140500812,base
combined,3,Structured_MNL,0.6635416666666667,0.7382819520042578,0.4397485806327125,0.002047029861522394,0.010429646638945463,base+all_candidates
combined,3,ML_assisted_spec,0.6604166666666667,0.7383805114264346,0.4394396240371931,0.001976317034185965,0.01074051105116281,base+quality_sq+price_sq+price_hinge+quality_support+evidence_digital
combined,3,Latent_Class_MNL,0.5989583333333334,0.9275151243104532,0.5456797561197793,0.025254996908573295,0.21996205859841053,base
combined,4,MNL,0.5875,0.899051498429039,0.537800784207742,0.0033076646719531707,0.211859812799369,base
combined,4,Structured_MNL,0.64375,0.7859881977929012,0.47055726520574503,0.0124267351034967,0.018220975879460873,base+all_candidates
combined,4,ML_assisted_spec,0.6364583333333333,0.7880259666117188,0.4720076776040626,0.012995004404773917,0.018192802880896062,base+quality_sq+price_sq+quality_support+evidence_digital
combined,4,Latent_Class_MNL,0.5645833333333333,0.9281947336219538,0.5548191327411337,0.00984644350715757,0.22147514706809895,base
combined,5,MNL,0.5645833333333333,0.9144678418444041,0.5499076493324847,0.024102440607073776,0.21994323055701787,base
combined,5,Structured_MNL,0.64375,0.7813633131334122,0.4654236019322356,0.024394475480901765,0.01634499180208578,base+all_candidates
combined,5,ML_assisted_spec,0.64375,0.7813633131334122,0.4654236019322356,0.024394475480901765,0.01634499180208578,base+quality_sq+price_sq+price_hinge+quality_support+evidence_digital+price_income
combined,5,Latent_Class_MNL,0.5510416666666667,0.9489705107172419,0.5697273719288449,0.03540200474245134,0.25295923920995805,base
combined,6,MNL,0.6104166666666667,0.8713988312949669,0.5180589195907291,0.009506630818515818,0.2356804401143627,base
combined,6,Structured_MNL,0.675,0.7162035753332722,0.42211034829059874,0.0008279398149733368,0.02110309046035413,base+all_candidates
combined,6,ML_assisted_spec,0.671875,0.7166222435429472,0.4224331774558633,0.0008936734105351123,0.02087023835048792,base+quality_sq+price_sq+quality_support+evidence_digital
combined,6,Latent_Class_MNL,0.6125,0.9121875785403231,0.5432982764384053,0.020625567044543894,0.2420989326752506,base
combined,7,MNL,0.6,0.8915483826933236,0.5292873414422132,0.03484813030630892,0.22428899732248658,base
combined,7,Structured_MNL,0.6572916666666667,0.7468659933794464,0.4418083222222826,0.020753307732714773,0.023048394516083964,base+all_candidates
combined,7,ML_assisted_spec,0.65625,0.7468574903162745,0.4418940744323059,0.020933824933619012,0.02250440750547684,base+quality_sq+price_sq+quality_support+evidence_digital+price_income
combined,7,Latent_Class_MNL,0.5895833333333333,0.935600449510999,0.5579414694680119,0.047429119829416756,0.24388373266819782,base
combined,8,MNL,0.5666666666666667,0.888693973301664,0.5324228650710807,0.01403318647734817,0.20748970900821687,base
combined,8,Structured_MNL,0.6375,0.768109667200234,0.4641446347431656,0.015302977435296275,0.016426878926684322,base+all_candidates
combined,8,ML_assisted_spec,0.6364583333333333,0.7690706554619773,0.46482866722005844,0.015505170644140202,0.016262226239693263,base+quality_sq+price_sq+quality_support+evidence_digital
combined,8,Latent_Class_MNL,0.5770833333333333,0.9224203526406825,0.551105529128731,0.007789612282610634,0.19270639503495493,base
combined,9,MNL,0.5770833333333333,0.8861425820302543,0.5273851801341782,0.02486675111415035,0.21228612471958172,base
combined,9,Structured_MNL,0.65,0.7531201352076157,0.4525728095179724,0.018546280906890485,0.015595881444880407,base+all_candidates
combined,9,ML_assisted_spec,0.65,0.7532878092729961,0.45258186076618245,0.018886162684887752,0.016022110725354203,base+quality_sq+price_sq+price_hinge+quality_support+evidence_digital
combined,9,Latent_Class_MNL,0.5760416666666667,0.9281301117476711,0.5541642495636679,0.03595363095082426,0.23238606829515004,base
