condition,rep,fibre_pvalue,presentation_pvalue,sequence_pvalue,fibre_reject,presentation_reject,sequence_reject,signature
additive,0,0.995,0.945,0.3,0,0,0,none
additive,1,0.125,0.85,0.09,0,0,0,none
additive,2,0.865,0.65,1.0,0,0,0,none
additive,3,1.0,0.24,1.0,0,0,0,none
additive,4,0.9,1.0,0.93,0,0,0,none
additive,5,0.8,0.92,0.53,0,0,0,none
additive,6,0.73,0.97,0.97,0,0,0,none
additive,7,0.555,1.0,0.87,0,0,0,none
additive,8,0.96,0.995,0.845,0,0,0,none
additive,9,0.99,0.82,0.985,0,0,0,none
additive,10,0.845,0.995,1.0,0,0,0,none
additive,11,0.93,0.805,1.0,0,0,0,none
additive,12,0.96,0.985,1.0,0,0,0,none
additive,13,0.555,0.17,0.145,0,0,0,none
additive,14,1.0,0.42,0.975,0,0,0,none
additive,15,0.62,1.0,0.97,0,0,0,none
additive,16,0.575,0.535,0.99,0,0,0,none
additive,17,0.88,1.0,1.0,0,0,0,none
additive,18,0.02,0.955,0.985,1,0,0,fibre_only
additive,19,0.205,0.21,0.53,0,0,0,none
nonlinear,0,0.005,0.105,0.93,1,0,0,fibre_only
nonlinear,1,0.03,0.59,0.68,1,0,0,fibre_only
nonlinear,2,0.005,0.99,0.875,1,0,0,fibre_only
nonlinear,3,0.01,0.995,0.935,1,0,0,fibre_only
nonlinear,4,0.05,0.91,0.91,0,0,0,none
nonlinear,5,0.06,0.505,0.265,0,0,0,none
nonlinear,6,0.005,0.2,1.0,1,0,0,fibre_only
nonlinear,7,0.005,0.95,0.225,1,0,0,fibre_only
nonlinear,8,0.11,0.425,1.0,0,0,0,none
nonlinear,9,0.005,0.32,0.995,1,0,0,fibre_only
nonlinear,10,0.09,0.95,0.95,0,0,0,none
nonlinear,11,0.005,0.07,0.93,1,0,0,fibre_only
nonlinear,12,0.045,0.985,0.745,1,0,0,fibre_only
nonlinear,13,0.02,0.39,0.995,1,0,0,fibre_only
nonlinear,14,0.24,0.87,0.16,0,0,0,none
nonlinear,15,0.005,0.855,0.645,1,0,0,fibre_only
nonlinear,16,0.02,0.945,1.0,1,0,0,fibre_only
nonlinear,17,0.005,1.0,0.99,1,0,0,fibre_only
nonlinear,18,0.02,0.97,0.995,1,0,0,fibre_only
nonlinear,19,0.005,0.9,0.91,1,0,0,fibre_only
random_price,0,1.0,0.975,0.95,0,0,0,none
random_price,1,0.96,0.65,0.805,0,0,0,none
random_price,2,0.555,0.99,0.77,0,0,0,none
random_price,3,0.095,0.11,0.7,0,0,0,none
random_price,4,1.0,0.965,1.0,0,0,0,none
random_price,5,0.955,0.945,1.0,0,0,0,none
random_price,6,0.315,0.17,0.315,0,0,0,none
random_price,7,0.935,0.595,0.995,0,0,0,none
random_price,8,1.0,0.785,1.0,0,0,0,none
random_price,9,0.995,0.995,0.805,0,0,0,none
random_price,10,0.205,0.895,0.99,0,0,0,none
random_price,11,0.955,0.97,0.01,0,0,1,sequence_only
random_price,12,0.98,0.22,0.8,0,0,0,none
random_price,13,0.96,0.71,0.12,0,0,0,none
random_price,14,1.0,0.995,0.995,0,0,0,none
random_price,15,0.705,0.585,1.0,0,0,0,none
random_price,16,0.795,0.47,0.635,0,0,0,none
random_price,17,0.93,0.245,0.935,0,0,0,none
random_price,18,0.775,1.0,0.73,0,0,0,none
random_price,19,0.895,0.635,0.565,0,0,0,none
position_bias,0,0.995,0.005,0.37,0,1,0,presentation_only
position_bias,1,0.125,0.005,0.09,0,1,0,presentation_only
position_bias,2,0.84,0.005,0.995,0,1,0,presentation_only
position_bias,3,1.0,0.005,1.0,0,1,0,presentation_only
position_bias,4,0.905,0.005,0.95,0,1,0,presentation_only
position_bias,5,0.8,0.005,0.54,0,1,0,presentation_only
position_bias,6,0.74,0.005,0.985,0,1,0,presentation_only
position_bias,7,0.505,0.005,0.865,0,1,0,presentation_only
position_bias,8,0.955,0.005,0.85,0,1,0,presentation_only
position_bias,9,1.0,0.005,0.99,0,1,0,presentation_only
position_bias,10,0.825,0.005,1.0,0,1,0,presentation_only
position_bias,11,0.91,0.005,1.0,0,1,0,presentation_only
position_bias,12,0.965,0.005,1.0,0,1,0,presentation_only
position_bias,13,0.57,0.005,0.145,0,1,0,presentation_only
position_bias,14,1.0,0.005,0.935,0,1,0,presentation_only
position_bias,15,0.595,0.005,0.92,0,1,0,presentation_only
position_bias,16,0.615,0.005,0.985,0,1,0,presentation_only
position_bias,17,0.915,0.005,1.0,0,1,0,presentation_only
position_bias,18,0.04,0.005,0.975,1,1,0,fibre_and_presentation
position_bias,19,0.215,0.005,0.58,0,1,0,presentation_only
inertia,0,1.0,0.93,0.005,0,0,1,sequence_only
inertia,1,0.125,0.845,0.005,0,0,1,sequence_only
inertia,2,0.845,0.67,0.005,0,0,1,sequence_only
inertia,3,0.995,0.23,0.005,0,0,1,sequence_only
inertia,4,0.895,1.0,0.005,0,0,1,sequence_only
inertia,5,0.805,0.935,0.005,0,0,1,sequence_only
inertia,6,0.7,0.97,0.005,0,0,1,sequence_only
inertia,7,0.56,1.0,0.005,0,0,1,sequence_only
inertia,8,0.935,0.995,0.005,0,0,1,sequence_only
inertia,9,0.995,0.795,0.005,0,0,1,sequence_only
inertia,10,0.845,0.995,0.005,0,0,1,sequence_only
inertia,11,0.905,0.79,0.005,0,0,1,sequence_only
inertia,12,0.96,0.995,0.005,0,0,1,sequence_only
inertia,13,0.53,0.18,0.005,0,0,1,sequence_only
inertia,14,1.0,0.42,0.005,0,0,1,sequence_only
inertia,15,0.57,0.995,0.005,0,0,1,sequence_only
inertia,16,0.605,0.56,0.005,0,0,1,sequence_only
inertia,17,0.885,1.0,0.005,0,0,1,sequence_only
inertia,18,0.02,0.945,0.005,1,0,1,fibre_and_sequence
inertia,19,0.205,0.21,0.005,0,0,1,sequence_only
nonlinear_position,0,0.01,0.035,0.97,1,1,0,fibre_and_presentation
nonlinear_position,1,0.07,0.005,0.685,0,1,0,presentation_only
nonlinear_position,2,0.005,0.005,0.925,1,1,0,fibre_and_presentation
nonlinear_position,3,0.015,0.005,0.865,1,1,0,fibre_and_presentation
nonlinear_position,4,0.06,0.005,0.91,0,1,0,presentation_only
nonlinear_position,5,0.07,0.035,0.33,0,1,0,presentation_only
nonlinear_position,6,0.005,0.005,1.0,1,1,0,fibre_and_presentation
nonlinear_position,7,0.005,0.005,0.245,1,1,0,fibre_and_presentation
nonlinear_position,8,0.13,0.04,1.0,0,1,0,presentation_only
nonlinear_position,9,0.01,0.09,0.995,1,0,0,fibre_only
nonlinear_position,10,0.11,0.005,0.975,0,1,0,presentation_only
nonlinear_position,11,0.005,0.005,0.945,1,1,0,fibre_and_presentation
nonlinear_position,12,0.065,0.005,0.765,0,1,0,presentation_only
nonlinear_position,13,0.02,0.075,1.0,1,0,0,fibre_only
nonlinear_position,14,0.255,0.005,0.18,0,1,0,presentation_only
nonlinear_position,15,0.005,0.005,0.685,1,1,0,fibre_and_presentation
nonlinear_position,16,0.02,0.005,0.995,1,1,0,fibre_and_presentation
nonlinear_position,17,0.005,0.01,0.995,1,1,0,fibre_and_presentation
nonlinear_position,18,0.03,0.005,0.995,1,1,0,fibre_and_presentation
nonlinear_position,19,0.005,0.01,0.94,1,1,0,fibre_and_presentation
position_inertia,0,0.995,0.005,0.005,0,1,1,presentation_and_sequence
position_inertia,1,0.12,0.005,0.005,0,1,1,presentation_and_sequence
position_inertia,2,0.815,0.005,0.005,0,1,1,presentation_and_sequence
position_inertia,3,1.0,0.005,0.005,0,1,1,presentation_and_sequence
position_inertia,4,0.88,0.005,0.005,0,1,1,presentation_and_sequence
position_inertia,5,0.795,0.005,0.005,0,1,1,presentation_and_sequence
position_inertia,6,0.735,0.005,0.005,0,1,1,presentation_and_sequence
position_inertia,7,0.525,0.005,0.005,0,1,1,presentation_and_sequence
position_inertia,8,0.925,0.005,0.005,0,1,1,presentation_and_sequence
position_inertia,9,1.0,0.005,0.005,0,1,1,presentation_and_sequence
position_inertia,10,0.81,0.005,0.005,0,1,1,presentation_and_sequence
position_inertia,11,0.895,0.005,0.005,0,1,1,presentation_and_sequence
position_inertia,12,0.965,0.005,0.005,0,1,1,presentation_and_sequence
position_inertia,13,0.545,0.005,0.005,0,1,1,presentation_and_sequence
position_inertia,14,1.0,0.005,0.005,0,1,1,presentation_and_sequence
position_inertia,15,0.54,0.005,0.005,0,1,1,presentation_and_sequence
position_inertia,16,0.65,0.005,0.005,0,1,1,presentation_and_sequence
position_inertia,17,0.895,0.005,0.005,0,1,1,presentation_and_sequence
position_inertia,18,0.04,0.005,0.005,1,1,1,fibre_and_presentation_and_sequence
position_inertia,19,0.215,0.005,0.005,0,1,1,presentation_and_sequence
nonlinear_inertia,0,0.005,0.115,0.005,1,0,1,fibre_and_sequence
nonlinear_inertia,1,0.045,0.635,0.02,1,0,1,fibre_and_sequence
nonlinear_inertia,2,0.005,0.995,0.355,1,0,0,fibre_only
nonlinear_inertia,3,0.005,1.0,0.005,1,0,1,fibre_and_sequence
nonlinear_inertia,4,0.075,0.94,0.105,0,0,0,none
nonlinear_inertia,5,0.06,0.565,0.24,0,0,0,none
nonlinear_inertia,6,0.005,0.23,0.045,1,0,1,fibre_and_sequence
nonlinear_inertia,7,0.005,0.96,0.015,1,0,1,fibre_and_sequence
nonlinear_inertia,8,0.12,0.435,0.06,0,0,0,none
nonlinear_inertia,9,0.005,0.3,0.055,1,0,0,fibre_only
nonlinear_inertia,10,0.09,0.95,0.02,0,0,1,sequence_only
nonlinear_inertia,11,0.005,0.065,0.005,1,0,1,fibre_and_sequence
nonlinear_inertia,12,0.055,0.995,0.015,0,0,1,sequence_only
nonlinear_inertia,13,0.015,0.42,0.06,1,0,0,fibre_only
nonlinear_inertia,14,0.27,0.87,0.125,0,0,0,none
nonlinear_inertia,15,0.005,0.865,0.005,1,0,1,fibre_and_sequence
nonlinear_inertia,16,0.02,0.95,0.03,1,0,1,fibre_and_sequence
nonlinear_inertia,17,0.005,1.0,0.04,1,0,1,fibre_and_sequence
nonlinear_inertia,18,0.02,0.985,0.015,1,0,1,fibre_and_sequence
nonlinear_inertia,19,0.005,0.895,0.015,1,0,1,fibre_and_sequence
additive,20,0.32,0.96,1.0,0,0,0,none
additive,21,0.285,0.7,0.985,0,0,0,none
additive,22,0.92,0.775,0.995,0,0,0,none
additive,23,0.07,0.695,0.535,0,0,0,none
additive,24,0.995,1.0,0.74,0,0,0,none
additive,25,0.415,0.285,0.68,0,0,0,none
additive,26,0.55,0.875,0.985,0,0,0,none
additive,27,0.765,1.0,1.0,0,0,0,none
additive,28,0.855,1.0,0.98,0,0,0,none
additive,29,0.095,0.645,0.915,0,0,0,none
additive,30,0.725,0.595,0.5,0,0,0,none
additive,31,1.0,1.0,0.945,0,0,0,none
additive,32,0.14,0.805,0.99,0,0,0,none
additive,33,0.24,1.0,0.9,0,0,0,none
additive,34,0.995,0.63,0.955,0,0,0,none
additive,35,0.93,0.995,0.805,0,0,0,none
additive,36,0.865,0.43,0.985,0,0,0,none
additive,37,0.985,0.61,0.85,0,0,0,none
additive,38,0.67,0.93,0.935,0,0,0,none
additive,39,1.0,0.725,0.39,0,0,0,none
nonlinear,20,0.065,1.0,0.94,0,0,0,none
nonlinear,21,0.005,0.245,1.0,1,0,0,fibre_only
nonlinear,22,0.01,0.45,0.375,1,0,0,fibre_only
nonlinear,23,0.005,0.72,0.855,1,0,0,fibre_only
nonlinear,24,0.01,0.505,0.025,1,0,1,fibre_and_sequence
nonlinear,25,0.01,0.26,0.925,1,0,0,fibre_only
nonlinear,26,0.005,0.27,0.47,1,0,0,fibre_only
nonlinear,27,0.005,0.98,0.975,1,0,0,fibre_only
nonlinear,28,0.01,1.0,0.805,1,0,0,fibre_only
nonlinear,29,0.05,0.615,0.94,0,0,0,none
nonlinear,30,0.005,1.0,0.47,1,0,0,fibre_only
nonlinear,31,0.005,0.355,0.97,1,0,0,fibre_only
nonlinear,32,0.34,0.85,0.34,0,0,0,none
nonlinear,33,0.005,0.54,0.955,1,0,0,fibre_only
nonlinear,34,0.005,1.0,0.36,1,0,0,fibre_only
nonlinear,35,0.005,0.695,1.0,1,0,0,fibre_only
nonlinear,36,0.01,0.91,0.995,1,0,0,fibre_only
nonlinear,37,0.005,0.85,0.465,1,0,0,fibre_only
nonlinear,38,0.005,0.26,0.995,1,0,0,fibre_only
nonlinear,39,0.005,0.9,0.02,1,0,1,fibre_and_sequence
random_price,20,0.625,0.99,0.99,0,0,0,none
random_price,21,0.44,0.29,0.445,0,0,0,none
random_price,22,0.995,0.105,0.7,0,0,0,none
random_price,23,0.95,0.855,0.635,0,0,0,none
random_price,24,0.985,0.95,0.375,0,0,0,none
random_price,25,0.995,1.0,1.0,0,0,0,none
random_price,26,0.615,0.985,0.955,0,0,0,none
random_price,27,0.89,0.35,0.415,0,0,0,none
random_price,28,0.965,0.735,0.175,0,0,0,none
random_price,29,0.83,0.585,1.0,0,0,0,none
random_price,30,0.99,0.41,0.585,0,0,0,none
random_price,31,0.845,0.955,0.955,0,0,0,none
random_price,32,0.78,0.215,1.0,0,0,0,none
random_price,33,1.0,1.0,1.0,0,0,0,none
random_price,34,0.32,0.56,0.92,0,0,0,none
random_price,35,1.0,0.635,0.51,0,0,0,none
random_price,36,0.31,0.6,0.84,0,0,0,none
random_price,37,0.695,0.815,0.945,0,0,0,none
random_price,38,0.025,0.89,1.0,1,0,0,fibre_only
random_price,39,0.17,1.0,0.87,0,0,0,none
position_bias,20,0.34,0.005,0.995,0,1,0,presentation_only
position_bias,21,0.36,0.005,1.0,0,1,0,presentation_only
position_bias,22,0.91,0.005,1.0,0,1,0,presentation_only
position_bias,23,0.1,0.005,0.55,0,1,0,presentation_only
position_bias,24,0.995,0.005,0.765,0,1,0,presentation_only
position_bias,25,0.425,0.005,0.7,0,1,0,presentation_only
position_bias,26,0.54,0.005,0.975,0,1,0,presentation_only
position_bias,27,0.77,0.005,0.995,0,1,0,presentation_only
position_bias,28,0.86,0.005,0.98,0,1,0,presentation_only
position_bias,29,0.095,0.005,0.905,0,1,0,presentation_only
position_bias,30,0.695,0.005,0.45,0,1,0,presentation_only
position_bias,31,1.0,0.005,0.945,0,1,0,presentation_only
position_bias,32,0.125,0.005,1.0,0,1,0,presentation_only
position_bias,33,0.235,0.005,0.93,0,1,0,presentation_only
position_bias,34,1.0,0.005,0.96,0,1,0,presentation_only
position_bias,35,0.945,0.005,0.83,0,1,0,presentation_only
position_bias,36,0.845,0.005,0.945,0,1,0,presentation_only
position_bias,37,0.98,0.005,0.875,0,1,0,presentation_only
position_bias,38,0.665,0.005,0.93,0,1,0,presentation_only
position_bias,39,1.0,0.005,0.425,0,1,0,presentation_only
inertia,20,0.315,0.955,0.005,0,0,1,sequence_only
inertia,21,0.275,0.71,0.005,0,0,1,sequence_only
inertia,22,0.92,0.805,0.005,0,0,1,sequence_only
inertia,23,0.08,0.68,0.005,0,0,1,sequence_only
inertia,24,1.0,1.0,0.005,0,0,1,sequence_only
inertia,25,0.425,0.3,0.005,0,0,1,sequence_only
inertia,26,0.57,0.845,0.005,0,0,1,sequence_only
inertia,27,0.755,1.0,0.005,0,0,1,sequence_only
inertia,28,0.85,0.99,0.005,0,0,1,sequence_only
inertia,29,0.12,0.625,0.005,0,0,1,sequence_only
inertia,30,0.67,0.545,0.005,0,0,1,sequence_only
inertia,31,1.0,1.0,0.005,0,0,1,sequence_only
inertia,32,0.135,0.77,0.005,0,0,1,sequence_only
inertia,33,0.25,1.0,0.005,0,0,1,sequence_only
inertia,34,1.0,0.555,0.005,0,0,1,sequence_only
inertia,35,0.9,0.99,0.005,0,0,1,sequence_only
inertia,36,0.845,0.435,0.005,0,0,1,sequence_only
inertia,37,1.0,0.615,0.005,0,0,1,sequence_only
inertia,38,0.69,0.955,0.005,0,0,1,sequence_only
inertia,39,1.0,0.69,0.005,0,0,1,sequence_only
nonlinear_position,20,0.08,0.005,0.95,0,1,0,presentation_only
nonlinear_position,21,0.01,0.005,1.0,1,1,0,fibre_and_presentation
nonlinear_position,22,0.01,0.005,0.43,1,1,0,fibre_and_presentation
nonlinear_position,23,0.005,0.01,0.905,1,1,0,fibre_and_presentation
nonlinear_position,24,0.015,0.005,0.035,1,1,1,fibre_and_presentation_and_sequence
nonlinear_position,25,0.015,0.005,0.945,1,1,0,fibre_and_presentation
nonlinear_position,26,0.005,0.005,0.53,1,1,0,fibre_and_presentation
nonlinear_position,27,0.005,0.005,0.985,1,1,0,fibre_and_presentation
nonlinear_position,28,0.02,0.005,0.875,1,1,0,fibre_and_presentation
nonlinear_position,29,0.07,0.005,0.915,0,1,0,presentation_only
nonlinear_position,30,0.005,0.025,0.53,1,1,0,fibre_and_presentation
nonlinear_position,31,0.005,0.01,0.98,1,1,0,fibre_and_presentation
nonlinear_position,32,0.385,0.005,0.385,0,1,0,presentation_only
nonlinear_position,33,0.005,0.005,0.98,1,1,0,fibre_and_presentation
nonlinear_position,34,0.005,0.005,0.425,1,1,0,fibre_and_presentation
nonlinear_position,35,0.005,0.015,0.995,1,1,0,fibre_and_presentation
nonlinear_position,36,0.005,0.005,0.995,1,1,0,fibre_and_presentation
nonlinear_position,37,0.005,0.005,0.51,1,1,0,fibre_and_presentation
nonlinear_position,38,0.005,0.005,1.0,1,1,0,fibre_and_presentation
nonlinear_position,39,0.01,0.005,0.01,1,1,1,fibre_and_presentation_and_sequence
position_inertia,20,0.33,0.005,0.005,0,1,1,presentation_and_sequence
position_inertia,21,0.355,0.005,0.005,0,1,1,presentation_and_sequence
position_inertia,22,0.93,0.005,0.005,0,1,1,presentation_and_sequence
position_inertia,23,0.11,0.005,0.005,0,1,1,presentation_and_sequence
position_inertia,24,0.995,0.005,0.005,0,1,1,presentation_and_sequence
position_inertia,25,0.42,0.005,0.005,0,1,1,presentation_and_sequence
position_inertia,26,0.53,0.005,0.005,0,1,1,presentation_and_sequence
position_inertia,27,0.78,0.005,0.005,0,1,1,presentation_and_sequence
position_inertia,28,0.86,0.005,0.005,0,1,1,presentation_and_sequence
position_inertia,29,0.12,0.005,0.005,0,1,1,presentation_and_sequence
position_inertia,30,0.67,0.005,0.005,0,1,1,presentation_and_sequence
position_inertia,31,1.0,0.005,0.005,0,1,1,presentation_and_sequence
position_inertia,32,0.12,0.005,0.005,0,1,1,presentation_and_sequence
position_inertia,33,0.23,0.005,0.005,0,1,1,presentation_and_sequence
position_inertia,34,1.0,0.005,0.005,0,1,1,presentation_and_sequence
position_inertia,35,0.905,0.005,0.005,0,1,1,presentation_and_sequence
position_inertia,36,0.81,0.005,0.005,0,1,1,presentation_and_sequence
position_inertia,37,0.995,0.005,0.005,0,1,1,presentation_and_sequence
position_inertia,38,0.69,0.005,0.005,0,1,1,presentation_and_sequence
position_inertia,39,1.0,0.005,0.005,0,1,1,presentation_and_sequence
nonlinear_inertia,20,0.06,1.0,0.01,0,0,1,sequence_only
nonlinear_inertia,21,0.005,0.25,0.23,1,0,0,fibre_only
nonlinear_inertia,22,0.015,0.49,0.015,1,0,1,fibre_and_sequence
nonlinear_inertia,23,0.005,0.765,0.01,1,0,1,fibre_and_sequence
nonlinear_inertia,24,0.01,0.545,0.105,1,0,0,fibre_only
nonlinear_inertia,25,0.01,0.27,0.215,1,0,0,fibre_only
nonlinear_inertia,26,0.005,0.36,0.005,1,0,1,fibre_and_sequence
nonlinear_inertia,27,0.005,0.985,0.105,1,0,0,fibre_only
nonlinear_inertia,28,0.005,0.995,0.215,1,0,0,fibre_only
nonlinear_inertia,29,0.045,0.645,0.005,1,0,1,fibre_and_sequence
nonlinear_inertia,30,0.005,1.0,0.64,1,0,0,fibre_only
nonlinear_inertia,31,0.005,0.36,0.46,1,0,0,fibre_only
nonlinear_inertia,32,0.37,0.905,0.005,0,0,1,sequence_only
nonlinear_inertia,33,0.005,0.575,0.015,1,0,1,fibre_and_sequence
nonlinear_inertia,34,0.005,1.0,0.05,1,0,0,fibre_only
nonlinear_inertia,35,0.005,0.74,0.14,1,0,0,fibre_only
nonlinear_inertia,36,0.01,0.94,0.045,1,0,1,fibre_and_sequence
nonlinear_inertia,37,0.005,0.905,0.665,1,0,0,fibre_only
nonlinear_inertia,38,0.005,0.265,0.01,1,0,1,fibre_and_sequence
nonlinear_inertia,39,0.005,0.9,0.005,1,0,1,fibre_and_sequence
additive,40,0.89,1.0,0.58,0,0,0,none
additive,41,0.7,0.435,0.98,0,0,0,none
additive,42,0.375,0.98,1.0,0,0,0,none
additive,43,0.575,1.0,1.0,0,0,0,none
additive,44,0.83,0.675,0.81,0,0,0,none
additive,45,0.43,0.76,0.92,0,0,0,none
additive,46,0.715,0.855,0.335,0,0,0,none
additive,47,0.88,0.99,0.995,0,0,0,none
additive,48,0.99,0.98,0.34,0,0,0,none
additive,49,0.99,0.595,0.88,0,0,0,none
nonlinear,40,0.005,0.855,0.405,1,0,0,fibre_only
nonlinear,41,0.005,0.435,0.935,1,0,0,fibre_only
nonlinear,42,0.005,0.91,0.235,1,0,0,fibre_only
nonlinear,43,0.005,0.665,0.885,1,0,0,fibre_only
nonlinear,44,0.01,0.215,0.99,1,0,0,fibre_only
nonlinear,45,0.005,0.975,0.975,1,0,0,fibre_only
nonlinear,46,0.005,0.19,0.865,1,0,0,fibre_only
nonlinear,47,0.11,0.73,0.975,0,0,0,none
nonlinear,48,0.005,0.155,0.075,1,0,0,fibre_only
nonlinear,49,0.005,1.0,0.71,1,0,0,fibre_only
random_price,40,0.86,0.74,0.86,0,0,0,none
random_price,41,0.985,0.965,0.965,0,0,0,none
random_price,42,0.25,0.9,0.795,0,0,0,none
random_price,43,0.84,1.0,0.94,0,0,0,none
random_price,44,0.97,0.99,0.865,0,0,0,none
random_price,45,1.0,1.0,0.915,0,0,0,none
random_price,46,0.6,0.305,1.0,0,0,0,none
random_price,47,1.0,0.965,0.95,0,0,0,none
random_price,48,0.985,0.98,0.575,0,0,0,none
random_price,49,0.515,0.04,0.77,0,1,0,presentation_only
position_bias,40,0.89,0.005,0.535,0,1,0,presentation_only
position_bias,41,0.725,0.005,0.965,0,1,0,presentation_only
position_bias,42,0.35,0.005,1.0,0,1,0,presentation_only
position_bias,43,0.575,0.005,1.0,0,1,0,presentation_only
position_bias,44,0.845,0.005,0.795,0,1,0,presentation_only
position_bias,45,0.435,0.005,0.93,0,1,0,presentation_only
position_bias,46,0.715,0.005,0.355,0,1,0,presentation_only
position_bias,47,0.87,0.005,1.0,0,1,0,presentation_only
position_bias,48,1.0,0.005,0.395,0,1,0,presentation_only
position_bias,49,0.99,0.005,0.86,0,1,0,presentation_only
inertia,40,0.895,1.0,0.005,0,0,1,sequence_only
inertia,41,0.725,0.44,0.005,0,0,1,sequence_only
inertia,42,0.32,0.985,0.005,0,0,1,sequence_only
inertia,43,0.625,1.0,0.005,0,0,1,sequence_only
inertia,44,0.85,0.705,0.005,0,0,1,sequence_only
inertia,45,0.465,0.765,0.005,0,0,1,sequence_only
inertia,46,0.735,0.86,0.005,0,0,1,sequence_only
inertia,47,0.885,0.995,0.005,0,0,1,sequence_only
inertia,48,0.99,0.99,0.005,0,0,1,sequence_only
inertia,49,1.0,0.645,0.005,0,0,1,sequence_only
nonlinear_position,40,0.005,0.005,0.455,1,1,0,fibre_and_presentation
nonlinear_position,41,0.005,0.135,0.935,1,0,0,fibre_only
nonlinear_position,42,0.005,0.005,0.245,1,1,0,fibre_and_presentation
nonlinear_position,43,0.005,0.005,0.9,1,1,0,fibre_and_presentation
nonlinear_position,44,0.015,0.03,1.0,1,1,0,fibre_and_presentation
nonlinear_position,45,0.005,0.005,0.99,1,1,0,fibre_and_presentation
nonlinear_position,46,0.005,0.015,0.87,1,1,0,fibre_and_presentation
nonlinear_position,47,0.13,0.005,0.965,0,1,0,presentation_only
nonlinear_position,48,0.015,0.215,0.11,1,0,0,fibre_only
nonlinear_position,49,0.005,0.005,0.76,1,1,0,fibre_and_presentation
position_inertia,40,0.91,0.005,0.005,0,1,1,presentation_and_sequence
position_inertia,41,0.735,0.005,0.005,0,1,1,presentation_and_sequence
position_inertia,42,0.32,0.005,0.005,0,1,1,presentation_and_sequence
position_inertia,43,0.6,0.005,0.005,0,1,1,presentation_and_sequence
position_inertia,44,0.835,0.005,0.005,0,1,1,presentation_and_sequence
position_inertia,45,0.465,0.005,0.005,0,1,1,presentation_and_sequence
position_inertia,46,0.735,0.005,0.005,0,1,1,presentation_and_sequence
position_inertia,47,0.85,0.005,0.005,0,1,1,presentation_and_sequence
position_inertia,48,1.0,0.005,0.005,0,1,1,presentation_and_sequence
position_inertia,49,1.0,0.005,0.005,0,1,1,presentation_and_sequence
nonlinear_inertia,40,0.005,0.885,0.02,1,0,1,fibre_and_sequence
nonlinear_inertia,41,0.005,0.48,0.005,1,0,1,fibre_and_sequence
nonlinear_inertia,42,0.005,0.93,0.005,1,0,1,fibre_and_sequence
nonlinear_inertia,43,0.005,0.69,0.005,1,0,1,fibre_and_sequence
nonlinear_inertia,44,0.01,0.22,0.01,1,0,1,fibre_and_sequence
nonlinear_inertia,45,0.005,0.98,0.02,1,0,1,fibre_and_sequence
nonlinear_inertia,46,0.005,0.215,0.25,1,0,0,fibre_only
nonlinear_inertia,47,0.12,0.775,0.08,0,0,0,none
nonlinear_inertia,48,0.005,0.165,0.365,1,0,0,fibre_only
nonlinear_inertia,49,0.005,0.99,0.01,1,0,1,fibre_and_sequence
