design,shift_rank,time_shift,cost_shift,probe,normalized_separation,design_min_score
fixed,1,20,0,nonlinear,0.5707859137399978,1.141571827479996
fixed,1,20,0,threshold,0.0,1.141571827479996
fixed,1,20,0,interaction,0.15675291649347756,1.141571827479996
fixed,1,20,0,cubic,0.5882812461279375,1.141571827479996
fixed,2,0,60,nonlinear,5.490413318560387e-16,1.141571827479996
fixed,2,0,60,threshold,0.9999999999999997,1.141571827479996
fixed,2,0,60,interaction,0.8103506576162663,1.141571827479996
fixed,2,0,60,cubic,1.2944177064758964e-16,1.141571827479996
fixed,3,20,50,nonlinear,0.5707859137399978,1.141571827479996
fixed,3,20,50,threshold,0.9999999999999986,1.141571827479996
fixed,3,20,50,interaction,0.8103506576162677,1.141571827479996
fixed,3,20,50,cubic,0.5882812461279375,1.141571827479996
constrained_maximin,1,5,45,nonlinear,0.1556223994094016,1.6319907081729483
constrained_maximin,1,5,45,threshold,0.9999999999999989,1.6319907081729483
constrained_maximin,1,5,45,interaction,0.6705967691086959,1.6319907081729483
constrained_maximin,1,5,45,cubic,0.15201860195638944,1.6319907081729483
constrained_maximin,2,20,0,nonlinear,0.5707859137399978,1.6319907081729483
constrained_maximin,2,20,0,threshold,0.0,1.6319907081729483
constrained_maximin,2,20,0,interaction,0.15675291649347756,1.6319907081729483
constrained_maximin,2,20,0,cubic,0.5882812461279375,1.6319907081729483
constrained_maximin,3,35,45,nonlinear,0.905582395023549,1.6319907081729483
constrained_maximin,3,35,45,threshold,0.9999999999999989,1.6319907081729483
constrained_maximin,3,35,45,interaction,0.8363154736262817,1.6319907081729483
constrained_maximin,3,35,45,cubic,0.9202123077337432,1.6319907081729483
unconstrained_maximin,1,40,60,nonlinear,0.9999999999999997,2.9999999999999973
unconstrained_maximin,1,40,60,threshold,0.9999999999999991,2.9999999999999973
unconstrained_maximin,1,40,60,interaction,1.0,2.9999999999999973
unconstrained_maximin,1,40,60,cubic,0.9999999999999994,2.9999999999999973
unconstrained_maximin,2,40,60,nonlinear,0.9999999999999997,2.9999999999999973
unconstrained_maximin,2,40,60,threshold,0.9999999999999991,2.9999999999999973
unconstrained_maximin,2,40,60,interaction,1.0,2.9999999999999973
unconstrained_maximin,2,40,60,cubic,0.9999999999999994,2.9999999999999973
unconstrained_maximin,3,40,60,nonlinear,0.9999999999999997,2.9999999999999973
unconstrained_maximin,3,40,60,threshold,0.9999999999999991,2.9999999999999973
unconstrained_maximin,3,40,60,interaction,1.0,2.9999999999999973
unconstrained_maximin,3,40,60,cubic,0.9999999999999994,2.9999999999999973
