orientation,tolerance,rows,respondents,pairs,respondents_with_pair,pvalue,statistic,gap_train,gap_sm,gap_car
index,0.01,10728,1192,126,60,0.404,70.99128596771915,0.04340993445066241,-0.04341767270461004,7.73825394764412e-06
index,0.02,10728,1192,236,106,0.432,221.64651494324866,-0.006047391016768972,-0.013210702451095646,0.019258093467864636
index,0.05,10728,1192,1371,474,0.422,808.3404616266687,-0.0037351461614633075,0.019237220620191522,-0.015502074458728235
index,0.1,10728,1192,3430,901,0.468,1442.483493387462,-0.003951260079088339,-0.005700248230122818,0.009651508309211165
time,0.01,10728,1192,126,60,0.42,92.69622307239783,0.04341729390021468,-0.04339946274190319,-1.7831158311512915e-05
time,0.02,10728,1192,237,106,0.35,259.1032796724401,0.01579094377347871,-0.03534071887622314,0.01954977510274443
time,0.05,10728,1192,1395,474,0.002,7636.920338814775,0.00683870209243785,-0.05517211308705216,0.048333410994614245
time,0.1,10728,1192,3396,901,0.026,6361.9919335689165,-0.01222482665334481,-0.005395367967061717,0.017620194620406506
cost,0.01,10728,1192,126,60,0.122,187.92780501717013,0.07677338177928676,-0.07675555062097525,-1.7831158311512915e-05
cost,0.02,10728,1192,237,106,0.434,228.7123571411439,-0.006863781378599133,-0.012685993724145318,0.01954977510274443
cost,0.05,10728,1192,1388,474,0.83,169.34317767612998,0.0037153592004365472,0.0031144874620392567,-0.0068298466624758134
cost,0.1,10728,1192,3533,901,0.982,37.739671287565194,0.0012621537763966221,-0.0018073484265383134,0.0005451946501416827
