orientation,tolerance,raw_rows,rows,dropped_or_non_dce,respondents,pairs,respondents_with_pair,pvalue,statistic,gap_train,gap_sm,gap_car
index,0.01,10728,6768,3960,752,149,68,0.43,2.068296354250452,-0.005011092039739287,0.004958954784212894,5.2137255526396916e-05
index,0.02,10728,6768,3960,752,205,111,0.65,0.8699642004125434,0.03303644789554714,-0.03318591325752161,0.0001494653619744707
index,0.05,10728,6768,3960,752,712,285,0.685,0.6018868762873348,0.010466217821872873,-0.014143475875975576,0.003677258054102708
index,0.1,10728,6768,3960,752,2188,544,0.675,0.6898864755400649,0.0026711020218701444,0.0075218745030738,-0.010192976524943944
time,0.01,10728,6768,3960,752,149,68,0.43,2.0699302017165793,-0.004859030957457338,0.004806893701930947,5.2137255526396916e-05
time,0.02,10728,6768,3960,752,205,111,0.94,0.006980269296745773,-0.0028485817191643017,0.0030257040820724592,-0.000177122362908149
time,0.05,10728,6768,3960,752,712,285,0.1,4.435911241796833,0.00857787057178948,0.023447941084129464,-0.03202581165591893
time,0.1,10728,6768,3960,752,2188,544,0.79,0.5072878430516745,-0.001265177177528712,-0.007602516557512475,0.008867693735041192
cost,0.01,10728,6768,3960,752,149,68,0.43,2.0686634859841724,-0.0049767390492704835,0.00492460179374409,5.2137255526396916e-05
cost,0.02,10728,6768,3960,752,205,111,0.905,0.027211714462785665,0.005951694293473657,-0.00575516855320212,-0.0001965257402715337
cost,0.05,10728,6768,3960,752,712,285,0.16,3.438779466170616,0.016232494535727417,0.008103887335492147,-0.024336381871219562
cost,0.1,10728,6768,3960,752,2188,544,0.275,2.833766673861285,0.0046996790243235675,0.015811242239080262,-0.020510921263403818
