condition,rep,tolerance,pairs,respondents_with_pair,pvalue,statistic,gap_train,gap_sm,gap_car
additive,0,0.02,404,400,0.6266666666666667,304.80426689112187,-0.00874974451714856,-0.018325721773278153,0.027075466290426717
additive,1,0.02,405,400,0.9266666666666666,86.80566089040921,0.00708048793175153,0.007496648939960389,-0.014577136871711924
additive,2,0.02,403,400,0.5733333333333334,558.7377587218191,0.023756320699762867,-0.03874462091473622,0.01498830021497335
additive,3,0.02,405,400,0.06,1945.192867255077,0.04999076247129675,-0.07458588724607979,0.02459512477478305
additive,4,0.02,406,400,0.06,1749.4319757802025,-0.06250066801118355,0.010831839084011627,0.05166882892717193
additive,5,0.02,405,400,0.6266666666666667,312.31197086073263,0.020004398272247807,-0.03041865619938362,0.010414257927135821
additive,6,0.02,404,400,0.5533333333333333,497.2393606228746,0.0354191067184051,-0.020418029227050098,-0.015001077491354996
additive,7,0.02,404,400,0.4666666666666667,625.8407018714903,0.033340604058745005,-0.04250232121507093,0.009161717156325919
additive,8,0.02,404,400,0.3466666666666667,918.80974151054,0.029175310308361752,0.0149952830096539,-0.044170593318015657
additive,9,0.02,403,400,0.32,980.5550875526391,-0.05166188343757181,0.03916545629281092,0.012496427144760892
additive,10,0.02,408,400,0.6066666666666667,510.63814066963096,0.00042137443760103686,-0.03208292796623344,0.03166155352863239
additive,11,0.02,400,400,0.41333333333333333,706.7115680277348,-0.0325,-0.0075,0.04
additive,12,0.02,402,400,0.7133333333333334,277.06251834791874,-0.027494089451414926,0.016667180902553144,0.010826908548861779
additive,13,0.02,403,400,0.43333333333333335,702.8821601359393,-0.0437458926853532,0.02249863586704448,0.021247256818308725
additive,14,0.02,402,400,0.8,173.88485044095876,-0.0016630158649639571,-0.01749953795007599,0.019162553815039948
additive,15,0.02,400,400,0.3333333333333333,910.922261606455,-0.0375,0.0525,-0.015
additive,16,0.02,405,400,1.0,4.1573358247167835,-0.0008301642373973639,-0.0025005941096133298,0.003330758347010696
additive,17,0.02,401,400,0.02,3228.739935927527,0.022502417975579482,0.06499534132557225,-0.08749775930115174
additive,18,0.02,404,400,0.3466666666666667,812.9649565719682,0.028323585396464724,-0.0508339581280588,0.022510372731594067
additive,19,0.02,404,400,0.32,856.1783477372741,0.041661311458130845,-0.04415921807038266,0.002497906612251799
additive,20,0.02,405,400,0.4666666666666667,600.2136506403133,-0.04084086206895072,0.017509115505794367,0.023331746563156355
additive,21,0.02,404,400,0.84,169.0378296983414,-0.001248857805432313,-0.0183376970454094,0.019586554850841712
additive,22,0.02,400,400,0.16,1618.8614684200286,-0.06,0.015,0.045
additive,23,0.02,400,400,0.16666666666666666,1389.8780417591333,-0.0625,0.037499999999999985,0.025
additive,24,0.02,402,400,0.04666666666666667,2262.968999831653,0.027495661974068185,-0.07374832611608448,0.04625266414201627
additive,25,0.02,401,400,0.96,65.42260523616841,8.887800853130124e-07,0.011249876369763365,-0.011250765149848694
additive,26,0.02,405,400,0.58,374.0560556349792,-0.024587510886894027,-0.002492737727622461,0.027080248614516488
additive,27,0.02,401,400,0.22666666666666666,1195.1974618914892,-0.04375391650463628,0.058753012260787385,-0.014999095756151102
additive,28,0.02,402,400,0.84,158.36332080107493,-0.020834472709515318,0.011667801456411988,0.009166671253103336
additive,29,0.02,406,400,0.5733333333333334,528.8612199142278,-0.005836446222779858,-0.02916144062260146,0.03499788684538132
additive,30,0.02,408,400,0.44,564.56755579869,-0.039993084080483944,0.014566581995078537,0.025426502085405412
additive,31,0.02,402,400,0.25333333333333335,1174.7341212647893,-0.0025055289474340647,0.04917431896947663,-0.04666879002204258
additive,32,0.02,405,400,0.48,706.2772613914578,0.016249524328024557,0.023748076853295195,-0.039997601181319745
additive,33,0.02,402,400,0.47333333333333333,529.3806940984726,0.0175,-0.04,0.0225
additive,34,0.02,401,400,0.2,1392.1944990012414,0.026249832434066426,-0.06499782535794475,0.03874799292387832
additive,35,0.02,402,400,0.9,79.30718775510476,-0.009999285479003608,0.014996175044438842,-0.004996889565435232
additive,36,0.02,405,400,0.8666666666666667,114.29222777687936,0.017087809752086437,-0.013744912962863296,-0.003342896789223153
additive,37,0.02,403,400,0.8666666666666667,116.99341192147838,0.010838125293346603,-0.018332926687334834,0.007494801393988233
additive,38,0.02,403,400,0.9933333333333333,10.783180885112776,0.005001820466312648,-0.005003890187761179,2.0697214485299044e-06
additive,39,0.02,402,400,0.74,287.4597760566022,0.02666546937363809,-0.026665768965222672,2.995915845716013e-07
nonlinear,0,0.02,400,400,0.06,2365.5075958460566,0.065,-0.05,-0.014999999999999973
nonlinear,1,0.02,400,400,0.32666666666666666,837.7167072534558,0.009999999999999992,0.04,-0.04999999999999999
nonlinear,2,0.02,400,400,0.02,3514.890566679835,0.08,-0.04250000000000001,-0.037499999999999964
nonlinear,3,0.02,400,400,0.08666666666666667,1944.4758584392061,0.06,-0.017500000000000012,-0.042499999999999954
nonlinear,4,0.02,400,400,0.22,967.3565615952015,0.015,-0.0525,0.0375
nonlinear,5,0.02,400,400,0.21333333333333335,1437.6408541250228,0.045,0.009999999999999964,-0.055
nonlinear,6,0.02,400,400,0.013333333333333334,4096.6795666337,0.08,-0.005,-0.075
nonlinear,7,0.02,400,400,0.006666666666666667,4485.980303648708,0.09,-0.01249999999999989,-0.0775
nonlinear,8,0.02,400,400,0.25333333333333335,1348.50258785367,0.047499999999999994,-0.0025,-0.045
nonlinear,9,0.02,400,400,0.6533333333333333,347.3892070698737,1.1102230246251566e-18,0.03,-0.029999999999999992
nonlinear,10,0.02,400,400,0.5333333333333333,585.3757340303063,0.03,-0.02749999999999999,-0.0025
nonlinear,11,0.02,400,400,0.29333333333333333,830.478442125321,0.04,-0.0125,-0.02750000000000003
nonlinear,12,0.02,400,400,0.28,908.0580949270721,0.025,-0.04749999999999997,0.022499999999999975
nonlinear,13,0.02,400,400,0.72,289.67832948923143,0.0225,-0.0025000000000001445,-0.02
nonlinear,14,0.02,402,400,0.5333333333333333,586.7725365219378,0.035832978321295166,-0.01833615985146874,-0.017496818469826446
nonlinear,15,0.02,400,400,0.26,900.3749748229982,-0.007499999999999989,0.05,-0.0425
nonlinear,16,0.02,400,400,0.36,824.5675853848458,-0.010000000000000007,0.0475,-0.03749999999999999
nonlinear,17,0.02,400,400,0.013333333333333334,4542.357424781323,0.0525,0.0625,-0.115
nonlinear,18,0.02,401,400,0.04,2788.9845742023854,0.07250056336872213,-0.007502677960794833,-0.06499788540792732
nonlinear,19,0.02,400,400,0.08666666666666667,2195.587702562809,0.06,-0.005000000000000033,-0.055
nonlinear,20,0.02,400,400,0.96,44.90250952646139,0.01,-0.0025000000000000087,-0.007500000000000004
nonlinear,21,0.02,400,400,0.5866666666666667,353.6137513077259,0.015000000000000027,0.0175,-0.032499999999999994
nonlinear,22,0.02,400,400,0.35333333333333333,795.8342860877511,0.025,-0.045,0.019999999999999983
nonlinear,23,0.02,400,400,0.8866666666666667,75.29695013016466,0.010000000000000007,0.0025,-0.0125
nonlinear,24,0.02,400,400,0.23333333333333334,1066.6996699170763,0.0425,-0.035,-0.007499999999999913
nonlinear,25,0.02,401,400,0.02,3575.383073995071,0.0462505940935448,0.05750125190410592,-0.10375184599765071
nonlinear,26,0.02,400,400,0.06666666666666667,2332.5122644603252,0.06,-0.0275,-0.0325
nonlinear,27,0.02,400,400,0.20666666666666667,1259.5226667821412,0.01,0.0525,-0.06250000000000001
nonlinear,28,0.02,400,400,0.24666666666666667,1009.3753460317853,0.0425,-0.0175,-0.025
nonlinear,29,0.02,403,400,0.3,1020.5129647335989,0.038747136265370095,0.012502311820232783,-0.05124944808560291
nonlinear,30,0.02,400,400,0.18,1234.0630620968343,0.047500000000000014,-0.005000000000000047,-0.04249999999999998
nonlinear,31,0.02,400,400,0.013333333333333334,3814.7857363927365,0.04499999999999999,0.0625,-0.1075
nonlinear,32,0.02,400,400,0.14,1587.0287966656686,0.0425,0.0225,-0.065
nonlinear,33,0.02,402,400,0.12,1589.484535717074,0.05499951395557314,-0.0062497748183822,-0.04874973913719087
nonlinear,34,0.02,400,400,0.02666666666666667,3064.79279816255,0.0675,-0.06499999999999999,-0.0025
nonlinear,35,0.02,402,400,0.4266666666666667,620.2236462416142,0.028338092222618978,0.0075003398554302735,-0.03583843207804924
nonlinear,36,0.02,401,400,0.10666666666666667,2085.724753023975,-0.00500092265430653,0.07500441188389932,-0.07000348922959279
nonlinear,37,0.02,400,400,0.42,681.0149545860291,0.0075,0.035,-0.0425
nonlinear,38,0.02,400,400,0.19333333333333333,1383.0968697500227,0.05,-0.00750000000000002,-0.04249999999999999
nonlinear,39,0.02,401,400,0.04,3035.58614795371,0.060006133466707086,0.0324993542808823,-0.09250548774758938
interaction,0,0.02,400,400,0.38666666666666666,663.0316021014751,0.0375,-0.0275,-0.010000000000000014
interaction,1,0.02,401,400,0.11333333333333333,1480.5814404333485,0.017502040323794234,0.04874814406109336,-0.06625018438488758
interaction,2,0.02,401,400,0.1,2181.227062719349,0.06750190118714539,-0.04749869714742808,-0.02000320403971735
interaction,3,0.02,400,400,0.13333333333333333,1892.1823488622906,0.0625,-0.0375,-0.025
interaction,4,0.02,402,400,0.62,330.17631921539856,0.0016689960561745677,-0.02833137323464028,0.026662377178465705
interaction,5,0.02,400,400,0.17333333333333334,1587.199128347635,0.055,-0.015,-0.03999999999999998
interaction,6,0.02,400,400,0.15333333333333332,1630.8223354887962,0.055,-0.01,-0.045
interaction,7,0.02,400,400,0.02,3301.5561680459973,0.08,-0.015000000000000005,-0.065
interaction,8,0.02,403,400,0.25333333333333335,1211.4837230265557,0.04249792645073419,0.006251096480623174,-0.04874902293135735
interaction,9,0.02,402,400,0.24,1193.7930312605254,-0.00500293339003258,0.058338651602459934,-0.05333571821242735
interaction,10,0.02,402,400,0.7,336.4690744760016,0.02583254514362769,-0.01333079688901213,-0.012501748254615601
interaction,11,0.02,400,400,0.5666666666666667,428.5759129971265,0.0275,0.0025,-0.029999999999999992
interaction,12,0.02,400,400,0.72,239.2928207137435,0.0175,-0.022499999999999992,0.005
interaction,13,0.02,400,400,0.72,283.6807198020816,0.025,-0.007499999999999987,-0.0175
interaction,14,0.02,400,400,0.44666666666666666,608.5047116179766,0.03500000000000001,-0.027499999999999997,-0.007500000000000009
interaction,15,0.02,400,400,0.02666666666666667,2604.642784564495,-0.0125,0.085,-0.0725
interaction,16,0.02,400,400,0.36,723.5647474986314,-0.0175,0.045,-0.027499999999999983
interaction,17,0.02,402,400,0.02,3923.4517622373837,0.06124567830872359,0.041249733175575135,-0.10249541148429869
interaction,18,0.02,400,400,0.04,2550.406627762318,0.0725,-0.015,-0.0575
interaction,19,0.02,400,400,0.04,2658.9610525143144,0.0725,-0.015,-0.0575
interaction,20,0.02,401,400,0.8866666666666667,111.33847897000173,-0.0024979947124155856,-0.01499862153373254,0.017496616246148112
interaction,21,0.02,400,400,0.7533333333333333,211.88229377567743,1.6653345369377347e-17,0.0225,-0.022499999999999975
interaction,22,0.02,400,400,0.8533333333333334,105.44588310524823,0.0075,-0.017500000000000005,0.01
interaction,23,0.02,402,400,1.0,6.462128587482107,6.189072698559173e-07,-0.004164554399370869,0.004163935492101016
interaction,24,0.02,400,400,0.41333333333333333,722.6504173165558,0.04,-0.012499999999999995,-0.027499999999999997
interaction,25,0.02,400,400,0.1,2033.0608093857777,0.0175,0.0575,-0.07500000000000004
interaction,26,0.02,404,400,0.19333333333333333,1186.9040579049154,0.04166979235556596,0.002496691251060277,-0.044166483606626235
interaction,27,0.02,402,400,0.1,1843.0531381636395,0.018332589974819128,0.057495328095549116,-0.07582791807036825
interaction,28,0.02,402,400,0.4066666666666667,631.6117044063409,0.03666666666666667,-0.01666666666666667,-0.02
interaction,29,0.02,400,400,0.15333333333333332,1581.8764599370957,0.0475,0.0175,-0.065
interaction,30,0.02,400,400,0.9866666666666667,30.75149684458974,0.005,0.004999999999999996,-0.010000000000000009
interaction,31,0.02,400,400,0.09333333333333334,2092.70550981164,0.04,0.037500000000000006,-0.0775
interaction,32,0.02,401,400,0.12,1863.0363290605183,0.026245821152550766,0.04625475662762124,-0.072500577780172
interaction,33,0.02,400,400,0.23333333333333334,1155.961399152875,0.05,-0.0125,-0.0375
interaction,34,0.02,400,400,0.013333333333333334,3303.2064216357467,0.07,-0.075,0.004999999999999984
interaction,35,0.02,400,400,0.52,461.9233793914322,0.0125,0.025000000000000026,-0.03750000000000002
interaction,36,0.02,402,400,0.07333333333333333,2124.772540535049,-0.00749762611948245,0.07750181245688288,-0.07000418633740044
interaction,37,0.02,400,400,0.26,926.3696393668653,0.0125,0.0375,-0.05
interaction,38,0.02,400,400,0.23333333333333334,1098.6011995363235,0.04,0.0075,-0.0475
interaction,39,0.02,400,400,0.02666666666666667,2758.8318289041517,0.06,0.0275,-0.0875
random_price,0,0.02,405,400,0.4,637.4422580899687,-0.03957780844104722,0.01791029438407611,0.021667514056971107
random_price,1,0.02,403,400,0.16,1431.4480990505956,-0.013756052659763034,0.060002032868186464,-0.046245980208423416
random_price,2,0.02,400,400,0.8266666666666667,213.4108521741629,0.025,-0.015,-0.01
random_price,3,0.02,405,400,0.7533333333333333,249.67137838062277,0.01750865434492881,-0.02708592009624712,0.00957726575131831
random_price,4,0.02,409,400,0.9333333333333333,70.42340790280863,-0.007920726778899358,0.013326672095562798,-0.005405945316663438
random_price,5,0.02,403,400,0.32,854.4078057818634,-0.05000563901102272,0.04249728683660232,0.007508352174420407
random_price,6,0.02,404,400,0.84,181.1437526455057,-0.00791062430997872,-0.013335248221364332,0.021245872531343066
random_price,7,0.02,401,400,0.06666666666666667,2235.856434928424,-0.07000231802550816,0.05875133481381439,0.011250983211693764
random_price,8,0.02,405,400,0.9333333333333333,71.39879389249404,-0.0016733902994584815,-0.010835903857710058,0.01250929415716854
random_price,9,0.02,403,400,0.16666666666666666,1633.9044165572552,-0.068330237730543,0.038746336914013864,0.029583900816529153
random_price,10,0.02,402,400,0.02666666666666667,2658.5307966196538,0.0125,-0.0775,0.065
random_price,11,0.02,409,400,1.0,7.285372492285052,-0.00416546911444238,0.0008292128705624157,0.0033362562438799554
random_price,12,0.02,405,400,0.34,1132.3413995813614,-0.05666144822549346,0.027493749185672184,0.029167699039821273
random_price,13,0.02,407,400,0.24666666666666667,1151.5658868336945,-0.010428691652815347,0.05083755800483322,-0.04040886635201786
random_price,14,0.02,400,400,0.18666666666666668,1315.7319769740102,-0.06,0.035,0.025
random_price,15,0.02,403,400,0.18666666666666668,1516.2123728725414,-0.002506252855501341,-0.05124313039030439,0.053749383245805735
random_price,16,0.02,403,400,0.4533333333333333,576.5016726171364,-0.038757399289239845,0.011670054979767787,0.02708734430947206
random_price,17,0.02,403,400,0.11333333333333333,1655.6743192228093,-0.06250213685247284,0.05501048199183076,0.0074916548606420805
random_price,18,0.02,402,400,0.18666666666666668,1380.4559470046306,-0.01499840929252077,-0.043332707558481766,0.058331116851002535
random_price,19,0.02,408,400,0.6933333333333334,285.92189140484055,-0.027096722157215924,0.018758388869839535,0.008338333287376393
random_price,20,0.02,404,400,0.4866666666666667,524.7093726719422,-0.010418522100359002,0.03792208238176421,-0.027503560281405215
random_price,21,0.02,402,400,0.41333333333333333,725.8702499436065,-0.0462489619577733,0.031244017504546216,0.015004944453227073
random_price,22,0.02,404,400,0.08,1855.1152188303004,-0.019992737606031943,-0.04626072368864732,0.06625346129467927
random_price,23,0.02,404,400,0.96,35.28459789611306,-0.009586107708152526,0.005836491755759399,0.003749615952393124
random_price,24,0.02,402,400,0.02,3174.536946696671,0.0850012871439318,-0.08416537606472926,-0.0008359110792025404
random_price,25,0.02,404,400,0.36,719.3087453126884,-0.005841520274896865,-0.03333126382181023,0.039172784096707096
random_price,26,0.02,403,400,0.49333333333333335,483.7965131426857,0.031663956410979015,-0.03416801563017991,0.002504059219200894
random_price,27,0.02,402,400,0.62,415.0741522394419,-0.0025024761432011376,0.030837987357356794,-0.028335511214155663
random_price,28,0.02,404,400,0.84,213.04087212910062,-0.004170573714157695,0.022498634426106973,-0.018328060711949277
random_price,29,0.02,406,400,0.5933333333333334,476.0582397713531,0.011663986473857652,-0.03666999881056795,0.025006012336710296
random_price,30,0.02,404,400,0.18,1329.6545102273392,-0.044996289029340185,0.06124854765576341,-0.016252258626423214
random_price,31,0.02,403,400,0.23333333333333334,996.1697116895307,-0.050834734198972525,0.028337174843832375,0.02249755935514015
random_price,32,0.02,405,400,0.49333333333333335,661.7712500610614,-0.006253035136800942,-0.03249686943705667,0.03874990457385761
random_price,33,0.02,400,400,0.1,1952.675099180937,-0.07,0.055,0.015
random_price,34,0.02,412,400,0.6,389.11293661112325,-0.013335744388972195,0.033327548471902016,-0.019991804082929825
random_price,35,0.02,407,400,0.8266666666666667,157.70218268795472,-0.014168217780753646,-0.004168504338994002,0.018336722119747677
random_price,36,0.02,406,400,0.08666666666666667,1744.0422387636436,0.07001477153260374,-0.041671300138328426,-0.02834347139427532
random_price,37,0.02,401,400,0.38,675.643394123984,0.0362491356660057,-0.0425028427315572,0.006253707065551506
random_price,38,0.02,405,400,0.4666666666666667,693.4011283013922,0.03292823082750204,-0.04292981933694993,0.010001588509447878
random_price,39,0.02,406,400,0.8466666666666667,136.11207400505316,-0.0191782786211146,0.014168085975017477,0.005010192646097127
