c,t,condition,replications,respondents,rejection_rate
0.5,0.5,null,40,600,0.075
0.5,0.5,omitted,40,600,0.125
0.5,0.5,even_scale,40,600,0.075
0.5,0.5,odd_scale,40,600,0.075
1.0,1.0,null,40,600,0.075
1.0,1.0,omitted,40,600,0.8
1.0,1.0,even_scale,40,600,0.075
1.0,1.0,odd_scale,40,600,0.075
1.5,1.0,null,40,600,0.075
1.5,1.0,omitted,40,600,1.0
1.5,1.0,even_scale,40,600,0.075
1.5,1.0,odd_scale,40,600,0.075
2.5,1.5,null,40,600,0.075
2.5,1.5,omitted,40,600,1.0
2.5,1.5,even_scale,40,600,0.075
2.5,1.5,odd_scale,40,600,0.3
2.5,0.5,null,40,600,0.075
2.5,0.5,omitted,40,600,0.95
2.5,0.5,even_scale,40,600,0.075
2.5,0.5,odd_scale,40,600,0.075
