condition,rep,diagnostic,reject,pvalue
null,0,multinomial_parity,0,0.35
null,1,multinomial_parity,0,0.425
null,2,multinomial_parity,0,0.75
null,3,multinomial_parity,0,0.155
null,4,multinomial_parity,1,0.02
null,5,multinomial_parity,0,0.265
null,6,multinomial_parity,0,0.565
null,7,multinomial_parity,0,0.955
null,8,multinomial_parity,1,0.035
null,9,multinomial_parity,0,0.73
null,10,multinomial_parity,0,0.8
null,11,multinomial_parity,0,0.995
null,12,multinomial_parity,0,0.905
null,13,multinomial_parity,1,0.035
null,14,multinomial_parity,0,0.94
null,15,multinomial_parity,0,0.74
null,16,multinomial_parity,0,0.84
null,17,multinomial_parity,0,0.685
null,18,multinomial_parity,0,0.435
null,19,multinomial_parity,0,0.36
null,20,multinomial_parity,0,0.655
null,21,multinomial_parity,0,0.805
null,22,multinomial_parity,0,0.96
null,23,multinomial_parity,0,0.325
null,24,multinomial_parity,0,0.585
null,25,multinomial_parity,0,0.325
null,26,multinomial_parity,0,0.18
null,27,multinomial_parity,0,0.175
null,28,multinomial_parity,0,0.05
null,29,multinomial_parity,0,0.13
null,30,multinomial_parity,0,0.935
null,31,multinomial_parity,0,0.16
null,32,multinomial_parity,0,0.29
null,33,multinomial_parity,0,0.29
null,34,multinomial_parity,0,0.67
null,35,multinomial_parity,0,0.655
null,36,multinomial_parity,0,0.32
null,37,multinomial_parity,0,0.51
null,38,multinomial_parity,0,0.985
null,39,multinomial_parity,0,0.445
null,40,multinomial_parity,0,0.795
null,41,multinomial_parity,0,1.0
null,42,multinomial_parity,0,0.23
null,43,multinomial_parity,0,0.91
null,44,multinomial_parity,0,0.865
null,45,multinomial_parity,0,0.525
null,46,multinomial_parity,0,0.835
null,47,multinomial_parity,0,0.85
null,48,multinomial_parity,0,0.98
null,49,multinomial_parity,0,0.47
null,50,multinomial_parity,0,0.645
null,51,multinomial_parity,0,0.34
null,52,multinomial_parity,0,0.81
null,53,multinomial_parity,0,0.86
null,54,multinomial_parity,0,0.45
null,55,multinomial_parity,0,0.055
null,56,multinomial_parity,0,0.08
null,57,multinomial_parity,0,0.37
null,58,multinomial_parity,0,0.13
null,59,multinomial_parity,0,0.585
null,60,multinomial_parity,0,0.995
null,61,multinomial_parity,0,0.715
null,62,multinomial_parity,0,0.53
null,63,multinomial_parity,0,0.595
null,64,multinomial_parity,0,0.875
null,65,multinomial_parity,0,0.215
null,66,multinomial_parity,0,0.58
null,67,multinomial_parity,0,0.725
null,68,multinomial_parity,0,0.31
null,69,multinomial_parity,0,0.285
null,70,multinomial_parity,0,0.09
null,71,multinomial_parity,0,0.22
null,72,multinomial_parity,0,0.515
null,73,multinomial_parity,0,0.765
null,74,multinomial_parity,0,0.41
null,75,multinomial_parity,0,0.05
null,76,multinomial_parity,0,0.75
null,77,multinomial_parity,0,0.805
null,78,multinomial_parity,0,0.635
null,79,multinomial_parity,0,0.8
null,80,multinomial_parity,0,0.23
null,81,multinomial_parity,0,0.735
null,82,multinomial_parity,0,0.23
null,83,multinomial_parity,0,0.225
null,84,multinomial_parity,0,0.6
null,85,multinomial_parity,0,0.5
null,86,multinomial_parity,0,0.915
null,87,multinomial_parity,0,0.985
null,88,multinomial_parity,0,0.75
null,89,multinomial_parity,0,0.19
null,90,multinomial_parity,0,0.575
null,91,multinomial_parity,0,0.915
null,92,multinomial_parity,0,0.3
null,93,multinomial_parity,0,0.425
null,94,multinomial_parity,0,0.27
null,95,multinomial_parity,0,0.95
null,96,multinomial_parity,0,0.73
null,97,multinomial_parity,0,0.125
null,98,multinomial_parity,0,0.705
null,99,multinomial_parity,0,0.44
null,100,multinomial_parity,0,0.35
null,101,multinomial_parity,0,0.415
null,102,multinomial_parity,0,0.42
null,103,multinomial_parity,0,0.525
null,104,multinomial_parity,0,0.145
null,105,multinomial_parity,0,0.77
null,106,multinomial_parity,0,0.94
null,107,multinomial_parity,0,0.975
null,108,multinomial_parity,0,0.3
null,109,multinomial_parity,0,0.995
null,110,multinomial_parity,0,0.53
null,111,multinomial_parity,1,0.005
null,112,multinomial_parity,0,0.56
null,113,multinomial_parity,0,0.46
null,114,multinomial_parity,0,0.59
null,115,multinomial_parity,0,0.675
null,116,multinomial_parity,0,0.57
null,117,multinomial_parity,0,0.325
null,118,multinomial_parity,0,0.875
null,119,multinomial_parity,0,0.095
null,120,multinomial_parity,0,0.095
null,121,multinomial_parity,0,0.24
null,122,multinomial_parity,0,0.82
null,123,multinomial_parity,0,0.895
null,124,multinomial_parity,0,0.365
null,125,multinomial_parity,0,0.365
null,126,multinomial_parity,1,0.035
null,127,multinomial_parity,0,0.695
null,128,multinomial_parity,0,0.23
null,129,multinomial_parity,0,0.795
null,130,multinomial_parity,0,0.625
null,131,multinomial_parity,0,0.84
null,132,multinomial_parity,0,0.495
null,133,multinomial_parity,0,0.685
null,134,multinomial_parity,0,0.905
null,135,multinomial_parity,0,0.685
null,136,multinomial_parity,0,0.11
null,137,multinomial_parity,0,0.13
null,138,multinomial_parity,0,0.66
null,139,multinomial_parity,1,0.035
null,140,multinomial_parity,0,0.275
null,141,multinomial_parity,0,0.38
null,142,multinomial_parity,0,0.565
null,143,multinomial_parity,0,0.585
null,144,multinomial_parity,0,0.695
null,145,multinomial_parity,0,0.26
null,146,multinomial_parity,0,0.95
null,147,multinomial_parity,0,0.125
null,148,multinomial_parity,0,0.18
null,149,multinomial_parity,0,0.505
null,150,multinomial_parity,0,0.37
null,151,multinomial_parity,0,0.63
null,152,multinomial_parity,0,0.72
null,153,multinomial_parity,0,0.12
null,154,multinomial_parity,0,0.06
null,155,multinomial_parity,0,0.565
null,156,multinomial_parity,0,0.46
null,157,multinomial_parity,0,0.54
null,158,multinomial_parity,0,0.52
null,159,multinomial_parity,0,0.585
null,160,multinomial_parity,1,0.01
null,161,multinomial_parity,0,0.73
null,162,multinomial_parity,0,0.155
null,163,multinomial_parity,0,0.585
null,164,multinomial_parity,0,0.24
null,165,multinomial_parity,0,0.115
null,166,multinomial_parity,0,0.61
null,167,multinomial_parity,0,0.925
null,168,multinomial_parity,0,0.165
null,169,multinomial_parity,0,0.87
null,170,multinomial_parity,0,0.42
null,171,multinomial_parity,0,0.3
null,172,multinomial_parity,0,0.865
null,173,multinomial_parity,0,0.19
null,174,multinomial_parity,0,0.985
null,175,multinomial_parity,0,0.925
null,176,multinomial_parity,0,0.165
null,177,multinomial_parity,0,0.88
null,178,multinomial_parity,0,0.875
null,179,multinomial_parity,0,0.44
null,180,multinomial_parity,0,0.335
null,181,multinomial_parity,0,0.655
null,182,multinomial_parity,0,0.375
null,183,multinomial_parity,0,0.745
null,184,multinomial_parity,0,0.71
null,185,multinomial_parity,0,0.93
null,186,multinomial_parity,0,0.95
null,187,multinomial_parity,0,0.965
null,188,multinomial_parity,0,0.41
null,189,multinomial_parity,0,0.235
null,190,multinomial_parity,0,0.35
null,191,multinomial_parity,0,0.195
null,192,multinomial_parity,0,0.265
null,193,multinomial_parity,0,0.555
null,194,multinomial_parity,0,0.25
null,195,multinomial_parity,0,0.11
null,196,multinomial_parity,0,0.31
null,197,multinomial_parity,0,0.89
null,198,multinomial_parity,1,0.045
null,199,multinomial_parity,0,0.505
omitted,0,multinomial_parity,1,0.005
omitted,1,multinomial_parity,1,0.005
omitted,2,multinomial_parity,1,0.005
omitted,3,multinomial_parity,1,0.005
omitted,4,multinomial_parity,1,0.005
omitted,5,multinomial_parity,1,0.005
omitted,6,multinomial_parity,1,0.005
omitted,7,multinomial_parity,1,0.005
omitted,8,multinomial_parity,1,0.005
omitted,9,multinomial_parity,1,0.005
omitted,10,multinomial_parity,1,0.005
omitted,11,multinomial_parity,1,0.005
omitted,12,multinomial_parity,1,0.005
omitted,13,multinomial_parity,1,0.005
omitted,14,multinomial_parity,1,0.005
omitted,15,multinomial_parity,1,0.005
omitted,16,multinomial_parity,1,0.005
omitted,17,multinomial_parity,1,0.005
omitted,18,multinomial_parity,1,0.005
omitted,19,multinomial_parity,1,0.005
omitted,20,multinomial_parity,1,0.005
omitted,21,multinomial_parity,1,0.005
omitted,22,multinomial_parity,1,0.005
omitted,23,multinomial_parity,1,0.005
omitted,24,multinomial_parity,1,0.005
omitted,25,multinomial_parity,1,0.005
omitted,26,multinomial_parity,1,0.005
omitted,27,multinomial_parity,1,0.005
omitted,28,multinomial_parity,1,0.005
omitted,29,multinomial_parity,1,0.005
omitted,30,multinomial_parity,1,0.005
omitted,31,multinomial_parity,1,0.005
omitted,32,multinomial_parity,1,0.005
omitted,33,multinomial_parity,1,0.005
omitted,34,multinomial_parity,1,0.005
omitted,35,multinomial_parity,1,0.005
omitted,36,multinomial_parity,1,0.005
omitted,37,multinomial_parity,1,0.005
omitted,38,multinomial_parity,1,0.005
omitted,39,multinomial_parity,1,0.005
omitted,40,multinomial_parity,1,0.005
omitted,41,multinomial_parity,1,0.005
omitted,42,multinomial_parity,1,0.005
omitted,43,multinomial_parity,1,0.005
omitted,44,multinomial_parity,1,0.005
omitted,45,multinomial_parity,1,0.005
omitted,46,multinomial_parity,1,0.005
omitted,47,multinomial_parity,1,0.005
omitted,48,multinomial_parity,1,0.005
omitted,49,multinomial_parity,1,0.005
omitted,50,multinomial_parity,1,0.005
omitted,51,multinomial_parity,1,0.005
omitted,52,multinomial_parity,1,0.005
omitted,53,multinomial_parity,1,0.005
omitted,54,multinomial_parity,1,0.005
omitted,55,multinomial_parity,1,0.005
omitted,56,multinomial_parity,1,0.005
omitted,57,multinomial_parity,1,0.005
omitted,58,multinomial_parity,1,0.005
omitted,59,multinomial_parity,1,0.005
omitted,60,multinomial_parity,1,0.005
omitted,61,multinomial_parity,1,0.005
omitted,62,multinomial_parity,1,0.005
omitted,63,multinomial_parity,1,0.005
omitted,64,multinomial_parity,1,0.005
omitted,65,multinomial_parity,1,0.005
omitted,66,multinomial_parity,1,0.005
omitted,67,multinomial_parity,1,0.005
omitted,68,multinomial_parity,1,0.005
omitted,69,multinomial_parity,1,0.005
omitted,70,multinomial_parity,1,0.005
omitted,71,multinomial_parity,1,0.005
omitted,72,multinomial_parity,1,0.005
omitted,73,multinomial_parity,1,0.005
omitted,74,multinomial_parity,1,0.01
omitted,75,multinomial_parity,1,0.005
omitted,76,multinomial_parity,1,0.005
omitted,77,multinomial_parity,1,0.005
omitted,78,multinomial_parity,1,0.005
omitted,79,multinomial_parity,1,0.005
omitted,80,multinomial_parity,1,0.005
omitted,81,multinomial_parity,1,0.005
omitted,82,multinomial_parity,1,0.005
omitted,83,multinomial_parity,1,0.005
omitted,84,multinomial_parity,1,0.005
omitted,85,multinomial_parity,1,0.005
omitted,86,multinomial_parity,1,0.005
omitted,87,multinomial_parity,1,0.005
omitted,88,multinomial_parity,1,0.005
omitted,89,multinomial_parity,1,0.005
omitted,90,multinomial_parity,1,0.005
omitted,91,multinomial_parity,1,0.005
omitted,92,multinomial_parity,1,0.005
omitted,93,multinomial_parity,1,0.005
omitted,94,multinomial_parity,1,0.005
omitted,95,multinomial_parity,1,0.005
omitted,96,multinomial_parity,1,0.005
omitted,97,multinomial_parity,1,0.005
omitted,98,multinomial_parity,1,0.005
omitted,99,multinomial_parity,1,0.005
omitted,100,multinomial_parity,1,0.005
omitted,101,multinomial_parity,1,0.005
omitted,102,multinomial_parity,1,0.005
omitted,103,multinomial_parity,1,0.005
omitted,104,multinomial_parity,1,0.005
omitted,105,multinomial_parity,1,0.005
omitted,106,multinomial_parity,1,0.005
omitted,107,multinomial_parity,1,0.005
omitted,108,multinomial_parity,1,0.005
omitted,109,multinomial_parity,1,0.005
omitted,110,multinomial_parity,1,0.005
omitted,111,multinomial_parity,1,0.005
omitted,112,multinomial_parity,1,0.005
omitted,113,multinomial_parity,1,0.005
omitted,114,multinomial_parity,1,0.005
omitted,115,multinomial_parity,1,0.005
omitted,116,multinomial_parity,1,0.005
omitted,117,multinomial_parity,1,0.005
omitted,118,multinomial_parity,1,0.005
omitted,119,multinomial_parity,1,0.005
omitted,120,multinomial_parity,1,0.005
omitted,121,multinomial_parity,1,0.005
omitted,122,multinomial_parity,1,0.005
omitted,123,multinomial_parity,1,0.005
omitted,124,multinomial_parity,1,0.005
omitted,125,multinomial_parity,1,0.005
omitted,126,multinomial_parity,1,0.005
omitted,127,multinomial_parity,1,0.005
omitted,128,multinomial_parity,1,0.005
omitted,129,multinomial_parity,1,0.005
omitted,130,multinomial_parity,1,0.005
omitted,131,multinomial_parity,1,0.005
omitted,132,multinomial_parity,1,0.005
omitted,133,multinomial_parity,1,0.005
omitted,134,multinomial_parity,1,0.005
omitted,135,multinomial_parity,1,0.005
omitted,136,multinomial_parity,1,0.005
omitted,137,multinomial_parity,1,0.005
omitted,138,multinomial_parity,1,0.005
omitted,139,multinomial_parity,1,0.005
omitted,140,multinomial_parity,1,0.005
omitted,141,multinomial_parity,1,0.005
omitted,142,multinomial_parity,1,0.005
omitted,143,multinomial_parity,1,0.005
omitted,144,multinomial_parity,1,0.005
omitted,145,multinomial_parity,1,0.005
omitted,146,multinomial_parity,1,0.005
omitted,147,multinomial_parity,1,0.005
omitted,148,multinomial_parity,1,0.005
omitted,149,multinomial_parity,1,0.005
omitted,150,multinomial_parity,1,0.005
omitted,151,multinomial_parity,1,0.005
omitted,152,multinomial_parity,1,0.005
omitted,153,multinomial_parity,1,0.005
omitted,154,multinomial_parity,1,0.005
omitted,155,multinomial_parity,1,0.005
omitted,156,multinomial_parity,1,0.005
omitted,157,multinomial_parity,1,0.005
omitted,158,multinomial_parity,1,0.005
omitted,159,multinomial_parity,1,0.005
omitted,160,multinomial_parity,1,0.005
omitted,161,multinomial_parity,1,0.005
omitted,162,multinomial_parity,1,0.005
omitted,163,multinomial_parity,1,0.005
omitted,164,multinomial_parity,1,0.005
omitted,165,multinomial_parity,1,0.005
omitted,166,multinomial_parity,1,0.005
omitted,167,multinomial_parity,1,0.005
omitted,168,multinomial_parity,1,0.005
omitted,169,multinomial_parity,1,0.005
omitted,170,multinomial_parity,1,0.005
omitted,171,multinomial_parity,1,0.005
omitted,172,multinomial_parity,1,0.005
omitted,173,multinomial_parity,1,0.005
omitted,174,multinomial_parity,1,0.005
omitted,175,multinomial_parity,1,0.005
omitted,176,multinomial_parity,1,0.005
omitted,177,multinomial_parity,1,0.005
omitted,178,multinomial_parity,1,0.005
omitted,179,multinomial_parity,1,0.005
omitted,180,multinomial_parity,1,0.005
omitted,181,multinomial_parity,1,0.005
omitted,182,multinomial_parity,1,0.005
omitted,183,multinomial_parity,1,0.005
omitted,184,multinomial_parity,1,0.005
omitted,185,multinomial_parity,1,0.005
omitted,186,multinomial_parity,1,0.005
omitted,187,multinomial_parity,1,0.005
omitted,188,multinomial_parity,1,0.005
omitted,189,multinomial_parity,1,0.005
omitted,190,multinomial_parity,1,0.005
omitted,191,multinomial_parity,1,0.005
omitted,192,multinomial_parity,1,0.005
omitted,193,multinomial_parity,1,0.005
omitted,194,multinomial_parity,1,0.005
omitted,195,multinomial_parity,1,0.005
omitted,196,multinomial_parity,1,0.005
omitted,197,multinomial_parity,1,0.005
omitted,198,multinomial_parity,1,0.005
omitted,199,multinomial_parity,1,0.005
even_scale,0,multinomial_parity,0,0.225
even_scale,1,multinomial_parity,0,0.68
even_scale,2,multinomial_parity,0,0.64
even_scale,3,multinomial_parity,0,0.225
even_scale,4,multinomial_parity,0,0.05
even_scale,5,multinomial_parity,0,0.265
even_scale,6,multinomial_parity,0,0.49
even_scale,7,multinomial_parity,0,0.95
even_scale,8,multinomial_parity,1,0.035
even_scale,9,multinomial_parity,0,0.65
even_scale,10,multinomial_parity,0,0.435
even_scale,11,multinomial_parity,0,0.975
even_scale,12,multinomial_parity,0,0.955
even_scale,13,multinomial_parity,0,0.06
even_scale,14,multinomial_parity,0,0.96
even_scale,15,multinomial_parity,0,0.8
even_scale,16,multinomial_parity,0,0.745
even_scale,17,multinomial_parity,0,0.365
even_scale,18,multinomial_parity,0,0.54
even_scale,19,multinomial_parity,0,0.725
even_scale,20,multinomial_parity,0,0.595
even_scale,21,multinomial_parity,0,0.82
even_scale,22,multinomial_parity,0,0.935
even_scale,23,multinomial_parity,0,0.58
even_scale,24,multinomial_parity,0,0.66
even_scale,25,multinomial_parity,0,0.51
even_scale,26,multinomial_parity,0,0.215
even_scale,27,multinomial_parity,0,0.14
even_scale,28,multinomial_parity,1,0.04
even_scale,29,multinomial_parity,0,0.165
even_scale,30,multinomial_parity,0,0.97
even_scale,31,multinomial_parity,0,0.11
even_scale,32,multinomial_parity,0,0.25
even_scale,33,multinomial_parity,0,0.205
even_scale,34,multinomial_parity,0,0.79
even_scale,35,multinomial_parity,0,0.675
even_scale,36,multinomial_parity,0,0.2
even_scale,37,multinomial_parity,0,0.905
even_scale,38,multinomial_parity,0,0.96
even_scale,39,multinomial_parity,0,0.435
even_scale,40,multinomial_parity,0,0.99
even_scale,41,multinomial_parity,0,0.975
even_scale,42,multinomial_parity,0,0.135
even_scale,43,multinomial_parity,0,0.89
even_scale,44,multinomial_parity,0,0.88
even_scale,45,multinomial_parity,0,0.78
even_scale,46,multinomial_parity,0,0.945
even_scale,47,multinomial_parity,0,0.73
even_scale,48,multinomial_parity,0,0.96
even_scale,49,multinomial_parity,0,0.605
even_scale,50,multinomial_parity,0,0.29
even_scale,51,multinomial_parity,0,0.24
even_scale,52,multinomial_parity,0,0.79
even_scale,53,multinomial_parity,0,0.69
even_scale,54,multinomial_parity,0,0.575
even_scale,55,multinomial_parity,0,0.1
even_scale,56,multinomial_parity,1,0.045
even_scale,57,multinomial_parity,0,0.61
even_scale,58,multinomial_parity,0,0.185
even_scale,59,multinomial_parity,0,0.78
even_scale,60,multinomial_parity,0,0.985
even_scale,61,multinomial_parity,0,0.635
even_scale,62,multinomial_parity,0,0.62
even_scale,63,multinomial_parity,0,0.495
even_scale,64,multinomial_parity,0,0.695
even_scale,65,multinomial_parity,0,0.35
even_scale,66,multinomial_parity,0,0.49
even_scale,67,multinomial_parity,0,0.64
even_scale,68,multinomial_parity,0,0.555
even_scale,69,multinomial_parity,0,0.105
even_scale,70,multinomial_parity,0,0.105
even_scale,71,multinomial_parity,0,0.175
even_scale,72,multinomial_parity,0,0.665
even_scale,73,multinomial_parity,0,0.775
even_scale,74,multinomial_parity,0,0.265
even_scale,75,multinomial_parity,0,0.09
even_scale,76,multinomial_parity,0,0.73
even_scale,77,multinomial_parity,0,0.835
even_scale,78,multinomial_parity,0,0.745
even_scale,79,multinomial_parity,0,0.905
even_scale,80,multinomial_parity,0,0.315
even_scale,81,multinomial_parity,0,0.425
even_scale,82,multinomial_parity,0,0.2
even_scale,83,multinomial_parity,0,0.39
even_scale,84,multinomial_parity,0,0.765
even_scale,85,multinomial_parity,0,0.65
even_scale,86,multinomial_parity,0,0.96
even_scale,87,multinomial_parity,0,0.885
even_scale,88,multinomial_parity,0,0.765
even_scale,89,multinomial_parity,0,0.67
even_scale,90,multinomial_parity,0,0.55
even_scale,91,multinomial_parity,0,0.92
even_scale,92,multinomial_parity,0,0.38
even_scale,93,multinomial_parity,0,0.57
even_scale,94,multinomial_parity,0,0.245
even_scale,95,multinomial_parity,0,0.975
even_scale,96,multinomial_parity,0,0.755
even_scale,97,multinomial_parity,0,0.14
even_scale,98,multinomial_parity,0,0.715
even_scale,99,multinomial_parity,0,0.145
even_scale,100,multinomial_parity,0,0.395
even_scale,101,multinomial_parity,0,0.21
even_scale,102,multinomial_parity,0,0.305
even_scale,103,multinomial_parity,0,0.445
even_scale,104,multinomial_parity,0,0.17
even_scale,105,multinomial_parity,0,0.605
even_scale,106,multinomial_parity,0,0.97
even_scale,107,multinomial_parity,0,0.985
even_scale,108,multinomial_parity,0,0.49
even_scale,109,multinomial_parity,0,0.87
even_scale,110,multinomial_parity,0,0.705
even_scale,111,multinomial_parity,1,0.005
even_scale,112,multinomial_parity,0,0.78
even_scale,113,multinomial_parity,0,0.14
even_scale,114,multinomial_parity,0,0.39
even_scale,115,multinomial_parity,0,0.595
even_scale,116,multinomial_parity,0,0.485
even_scale,117,multinomial_parity,0,0.435
even_scale,118,multinomial_parity,0,0.78
even_scale,119,multinomial_parity,0,0.215
even_scale,120,multinomial_parity,0,0.075
even_scale,121,multinomial_parity,0,0.29
even_scale,122,multinomial_parity,0,0.66
even_scale,123,multinomial_parity,0,0.735
even_scale,124,multinomial_parity,0,0.26
even_scale,125,multinomial_parity,0,0.21
even_scale,126,multinomial_parity,0,0.065
even_scale,127,multinomial_parity,0,0.955
even_scale,128,multinomial_parity,0,0.365
even_scale,129,multinomial_parity,0,0.75
even_scale,130,multinomial_parity,0,0.565
even_scale,131,multinomial_parity,0,0.735
even_scale,132,multinomial_parity,0,0.455
even_scale,133,multinomial_parity,0,0.775
even_scale,134,multinomial_parity,0,0.745
even_scale,135,multinomial_parity,0,0.66
even_scale,136,multinomial_parity,0,0.13
even_scale,137,multinomial_parity,0,0.225
even_scale,138,multinomial_parity,0,0.625
even_scale,139,multinomial_parity,1,0.045
even_scale,140,multinomial_parity,0,0.405
even_scale,141,multinomial_parity,0,0.425
even_scale,142,multinomial_parity,0,0.415
even_scale,143,multinomial_parity,0,0.735
even_scale,144,multinomial_parity,0,0.615
even_scale,145,multinomial_parity,0,0.59
even_scale,146,multinomial_parity,0,0.595
even_scale,147,multinomial_parity,0,0.1
even_scale,148,multinomial_parity,0,0.095
even_scale,149,multinomial_parity,0,0.745
even_scale,150,multinomial_parity,0,0.25
even_scale,151,multinomial_parity,0,0.535
even_scale,152,multinomial_parity,0,0.8
even_scale,153,multinomial_parity,0,0.13
even_scale,154,multinomial_parity,1,0.02
even_scale,155,multinomial_parity,0,0.685
even_scale,156,multinomial_parity,0,0.315
even_scale,157,multinomial_parity,0,0.385
even_scale,158,multinomial_parity,0,0.73
even_scale,159,multinomial_parity,0,0.495
even_scale,160,multinomial_parity,1,0.005
even_scale,161,multinomial_parity,0,0.875
even_scale,162,multinomial_parity,0,0.31
even_scale,163,multinomial_parity,0,0.395
even_scale,164,multinomial_parity,0,0.32
even_scale,165,multinomial_parity,0,0.14
even_scale,166,multinomial_parity,0,0.41
even_scale,167,multinomial_parity,0,0.895
even_scale,168,multinomial_parity,0,0.255
even_scale,169,multinomial_parity,0,0.915
even_scale,170,multinomial_parity,0,0.17
even_scale,171,multinomial_parity,0,0.25
even_scale,172,multinomial_parity,0,0.92
even_scale,173,multinomial_parity,0,0.425
even_scale,174,multinomial_parity,0,0.94
even_scale,175,multinomial_parity,0,0.55
even_scale,176,multinomial_parity,0,0.205
even_scale,177,multinomial_parity,0,0.87
even_scale,178,multinomial_parity,0,0.875
even_scale,179,multinomial_parity,0,0.625
even_scale,180,multinomial_parity,0,0.175
even_scale,181,multinomial_parity,0,0.79
even_scale,182,multinomial_parity,0,0.565
even_scale,183,multinomial_parity,0,0.765
even_scale,184,multinomial_parity,0,0.695
even_scale,185,multinomial_parity,0,0.915
even_scale,186,multinomial_parity,0,1.0
even_scale,187,multinomial_parity,0,0.99
even_scale,188,multinomial_parity,0,0.605
even_scale,189,multinomial_parity,0,0.23
even_scale,190,multinomial_parity,0,0.61
even_scale,191,multinomial_parity,0,0.45
even_scale,192,multinomial_parity,0,0.215
even_scale,193,multinomial_parity,0,0.855
even_scale,194,multinomial_parity,0,0.2
even_scale,195,multinomial_parity,0,0.05
even_scale,196,multinomial_parity,0,0.265
even_scale,197,multinomial_parity,0,0.57
even_scale,198,multinomial_parity,0,0.065
even_scale,199,multinomial_parity,0,0.41
odd_scale,0,multinomial_parity,0,0.275
odd_scale,1,multinomial_parity,0,0.385
odd_scale,2,multinomial_parity,0,0.43
odd_scale,3,multinomial_parity,0,0.28
odd_scale,4,multinomial_parity,1,0.035
odd_scale,5,multinomial_parity,0,0.115
odd_scale,6,multinomial_parity,0,0.475
odd_scale,7,multinomial_parity,0,0.875
odd_scale,8,multinomial_parity,1,0.01
odd_scale,9,multinomial_parity,0,0.39
odd_scale,10,multinomial_parity,0,0.78
odd_scale,11,multinomial_parity,0,0.905
odd_scale,12,multinomial_parity,0,0.785
odd_scale,13,multinomial_parity,0,0.08
odd_scale,14,multinomial_parity,0,0.8
odd_scale,15,multinomial_parity,0,0.77
odd_scale,16,multinomial_parity,0,0.76
odd_scale,17,multinomial_parity,0,0.52
odd_scale,18,multinomial_parity,0,0.44
odd_scale,19,multinomial_parity,0,0.38
odd_scale,20,multinomial_parity,0,0.485
odd_scale,21,multinomial_parity,0,0.7
odd_scale,22,multinomial_parity,0,0.83
odd_scale,23,multinomial_parity,0,0.555
odd_scale,24,multinomial_parity,0,0.705
odd_scale,25,multinomial_parity,0,0.35
odd_scale,26,multinomial_parity,0,0.335
odd_scale,27,multinomial_parity,0,0.185
odd_scale,28,multinomial_parity,1,0.02
odd_scale,29,multinomial_parity,0,0.15
odd_scale,30,multinomial_parity,0,0.985
odd_scale,31,multinomial_parity,1,0.035
odd_scale,32,multinomial_parity,0,0.205
odd_scale,33,multinomial_parity,0,0.11
odd_scale,34,multinomial_parity,0,0.525
odd_scale,35,multinomial_parity,0,0.57
odd_scale,36,multinomial_parity,0,0.195
odd_scale,37,multinomial_parity,0,0.67
odd_scale,38,multinomial_parity,0,0.96
odd_scale,39,multinomial_parity,0,0.53
odd_scale,40,multinomial_parity,0,0.935
odd_scale,41,multinomial_parity,0,0.975
odd_scale,42,multinomial_parity,0,0.21
odd_scale,43,multinomial_parity,0,0.955
odd_scale,44,multinomial_parity,0,0.995
odd_scale,45,multinomial_parity,0,0.895
odd_scale,46,multinomial_parity,0,0.87
odd_scale,47,multinomial_parity,0,0.755
odd_scale,48,multinomial_parity,0,0.99
odd_scale,49,multinomial_parity,0,0.68
odd_scale,50,multinomial_parity,0,0.24
odd_scale,51,multinomial_parity,0,0.15
odd_scale,52,multinomial_parity,0,0.685
odd_scale,53,multinomial_parity,0,0.73
odd_scale,54,multinomial_parity,0,0.7
odd_scale,55,multinomial_parity,0,0.105
odd_scale,56,multinomial_parity,1,0.015
odd_scale,57,multinomial_parity,0,0.565
odd_scale,58,multinomial_parity,0,0.225
odd_scale,59,multinomial_parity,0,0.945
odd_scale,60,multinomial_parity,0,0.895
odd_scale,61,multinomial_parity,0,0.655
odd_scale,62,multinomial_parity,0,0.66
odd_scale,63,multinomial_parity,0,0.34
odd_scale,64,multinomial_parity,0,0.885
odd_scale,65,multinomial_parity,0,0.45
odd_scale,66,multinomial_parity,0,0.98
odd_scale,67,multinomial_parity,0,0.56
odd_scale,68,multinomial_parity,0,0.79
odd_scale,69,multinomial_parity,0,0.1
odd_scale,70,multinomial_parity,0,0.2
odd_scale,71,multinomial_parity,1,0.04
odd_scale,72,multinomial_parity,0,0.56
odd_scale,73,multinomial_parity,0,0.605
odd_scale,74,multinomial_parity,0,0.14
odd_scale,75,multinomial_parity,0,0.13
odd_scale,76,multinomial_parity,0,0.67
odd_scale,77,multinomial_parity,0,0.825
odd_scale,78,multinomial_parity,0,0.715
odd_scale,79,multinomial_parity,0,0.96
odd_scale,80,multinomial_parity,0,0.295
odd_scale,81,multinomial_parity,0,0.2
odd_scale,82,multinomial_parity,0,0.18
odd_scale,83,multinomial_parity,0,0.295
odd_scale,84,multinomial_parity,0,0.64
odd_scale,85,multinomial_parity,0,0.59
odd_scale,86,multinomial_parity,0,0.97
odd_scale,87,multinomial_parity,0,0.97
odd_scale,88,multinomial_parity,0,0.74
odd_scale,89,multinomial_parity,0,0.335
odd_scale,90,multinomial_parity,0,0.45
odd_scale,91,multinomial_parity,0,0.93
odd_scale,92,multinomial_parity,0,0.27
odd_scale,93,multinomial_parity,0,0.63
odd_scale,94,multinomial_parity,0,0.195
odd_scale,95,multinomial_parity,0,0.915
odd_scale,96,multinomial_parity,0,0.91
odd_scale,97,multinomial_parity,0,0.17
odd_scale,98,multinomial_parity,0,0.765
odd_scale,99,multinomial_parity,0,0.14
odd_scale,100,multinomial_parity,0,0.46
odd_scale,101,multinomial_parity,0,0.16
odd_scale,102,multinomial_parity,0,0.305
odd_scale,103,multinomial_parity,0,0.5
odd_scale,104,multinomial_parity,0,0.13
odd_scale,105,multinomial_parity,0,0.58
odd_scale,106,multinomial_parity,0,0.935
odd_scale,107,multinomial_parity,0,0.88
odd_scale,108,multinomial_parity,0,0.265
odd_scale,109,multinomial_parity,0,0.96
odd_scale,110,multinomial_parity,0,0.795
odd_scale,111,multinomial_parity,1,0.005
odd_scale,112,multinomial_parity,0,0.81
odd_scale,113,multinomial_parity,0,0.095
odd_scale,114,multinomial_parity,0,0.565
odd_scale,115,multinomial_parity,0,0.55
odd_scale,116,multinomial_parity,0,0.37
odd_scale,117,multinomial_parity,0,0.475
odd_scale,118,multinomial_parity,0,0.67
odd_scale,119,multinomial_parity,0,0.175
odd_scale,120,multinomial_parity,0,0.135
odd_scale,121,multinomial_parity,0,0.555
odd_scale,122,multinomial_parity,0,0.65
odd_scale,123,multinomial_parity,0,0.605
odd_scale,124,multinomial_parity,0,0.115
odd_scale,125,multinomial_parity,0,0.12
odd_scale,126,multinomial_parity,0,0.05
odd_scale,127,multinomial_parity,0,0.685
odd_scale,128,multinomial_parity,0,0.33
odd_scale,129,multinomial_parity,0,0.635
odd_scale,130,multinomial_parity,0,0.73
odd_scale,131,multinomial_parity,0,0.775
odd_scale,132,multinomial_parity,0,0.355
odd_scale,133,multinomial_parity,0,0.595
odd_scale,134,multinomial_parity,0,0.865
odd_scale,135,multinomial_parity,0,0.805
odd_scale,136,multinomial_parity,0,0.195
odd_scale,137,multinomial_parity,0,0.06
odd_scale,138,multinomial_parity,0,0.875
odd_scale,139,multinomial_parity,1,0.025
odd_scale,140,multinomial_parity,0,0.16
odd_scale,141,multinomial_parity,0,0.33
odd_scale,142,multinomial_parity,0,0.635
odd_scale,143,multinomial_parity,0,0.445
odd_scale,144,multinomial_parity,0,0.415
odd_scale,145,multinomial_parity,0,0.73
odd_scale,146,multinomial_parity,0,0.52
odd_scale,147,multinomial_parity,0,0.28
odd_scale,148,multinomial_parity,0,0.14
odd_scale,149,multinomial_parity,0,0.91
odd_scale,150,multinomial_parity,0,0.355
odd_scale,151,multinomial_parity,0,0.695
odd_scale,152,multinomial_parity,0,0.82
odd_scale,153,multinomial_parity,0,0.105
odd_scale,154,multinomial_parity,1,0.04
odd_scale,155,multinomial_parity,0,0.555
odd_scale,156,multinomial_parity,0,0.405
odd_scale,157,multinomial_parity,0,0.21
odd_scale,158,multinomial_parity,0,0.62
odd_scale,159,multinomial_parity,0,0.615
odd_scale,160,multinomial_parity,1,0.005
odd_scale,161,multinomial_parity,0,0.895
odd_scale,162,multinomial_parity,0,0.24
odd_scale,163,multinomial_parity,0,0.385
odd_scale,164,multinomial_parity,0,0.405
odd_scale,165,multinomial_parity,0,0.19
odd_scale,166,multinomial_parity,0,0.36
odd_scale,167,multinomial_parity,0,0.96
odd_scale,168,multinomial_parity,0,0.17
odd_scale,169,multinomial_parity,0,0.835
odd_scale,170,multinomial_parity,0,0.175
odd_scale,171,multinomial_parity,0,0.1
odd_scale,172,multinomial_parity,0,0.74
odd_scale,173,multinomial_parity,0,0.46
odd_scale,174,multinomial_parity,0,0.88
odd_scale,175,multinomial_parity,0,0.52
odd_scale,176,multinomial_parity,0,0.115
odd_scale,177,multinomial_parity,0,0.84
odd_scale,178,multinomial_parity,0,0.965
odd_scale,179,multinomial_parity,0,0.77
odd_scale,180,multinomial_parity,0,0.185
odd_scale,181,multinomial_parity,0,0.695
odd_scale,182,multinomial_parity,0,0.29
odd_scale,183,multinomial_parity,0,0.885
odd_scale,184,multinomial_parity,0,0.65
odd_scale,185,multinomial_parity,0,0.855
odd_scale,186,multinomial_parity,0,0.98
odd_scale,187,multinomial_parity,0,0.935
odd_scale,188,multinomial_parity,0,0.785
odd_scale,189,multinomial_parity,0,0.23
odd_scale,190,multinomial_parity,0,0.685
odd_scale,191,multinomial_parity,0,0.33
odd_scale,192,multinomial_parity,0,0.12
odd_scale,193,multinomial_parity,0,0.51
odd_scale,194,multinomial_parity,0,0.15
odd_scale,195,multinomial_parity,0,0.125
odd_scale,196,multinomial_parity,0,0.205
odd_scale,197,multinomial_parity,0,0.67
odd_scale,198,multinomial_parity,1,0.045
odd_scale,199,multinomial_parity,0,0.355
combined,0,multinomial_parity,1,0.005
combined,1,multinomial_parity,1,0.005
combined,2,multinomial_parity,1,0.005
combined,3,multinomial_parity,1,0.005
combined,4,multinomial_parity,1,0.005
combined,5,multinomial_parity,1,0.005
combined,6,multinomial_parity,1,0.015
combined,7,multinomial_parity,1,0.005
combined,8,multinomial_parity,1,0.005
combined,9,multinomial_parity,1,0.005
combined,10,multinomial_parity,1,0.005
combined,11,multinomial_parity,1,0.005
combined,12,multinomial_parity,1,0.005
combined,13,multinomial_parity,1,0.005
combined,14,multinomial_parity,1,0.005
combined,15,multinomial_parity,1,0.005
combined,16,multinomial_parity,1,0.005
combined,17,multinomial_parity,1,0.005
combined,18,multinomial_parity,1,0.005
combined,19,multinomial_parity,1,0.005
combined,20,multinomial_parity,1,0.005
combined,21,multinomial_parity,1,0.005
combined,22,multinomial_parity,1,0.005
combined,23,multinomial_parity,1,0.005
combined,24,multinomial_parity,1,0.005
combined,25,multinomial_parity,1,0.015
combined,26,multinomial_parity,1,0.005
combined,27,multinomial_parity,1,0.005
combined,28,multinomial_parity,1,0.005
combined,29,multinomial_parity,1,0.005
combined,30,multinomial_parity,1,0.005
combined,31,multinomial_parity,1,0.005
combined,32,multinomial_parity,1,0.005
combined,33,multinomial_parity,1,0.005
combined,34,multinomial_parity,1,0.005
combined,35,multinomial_parity,1,0.005
combined,36,multinomial_parity,1,0.005
combined,37,multinomial_parity,1,0.005
combined,38,multinomial_parity,1,0.005
combined,39,multinomial_parity,1,0.005
combined,40,multinomial_parity,1,0.005
combined,41,multinomial_parity,1,0.005
combined,42,multinomial_parity,1,0.005
combined,43,multinomial_parity,1,0.005
combined,44,multinomial_parity,1,0.005
combined,45,multinomial_parity,1,0.005
combined,46,multinomial_parity,1,0.005
combined,47,multinomial_parity,1,0.005
combined,48,multinomial_parity,1,0.005
combined,49,multinomial_parity,1,0.005
combined,50,multinomial_parity,1,0.005
combined,51,multinomial_parity,1,0.005
combined,52,multinomial_parity,1,0.005
combined,53,multinomial_parity,1,0.005
combined,54,multinomial_parity,1,0.005
combined,55,multinomial_parity,1,0.005
combined,56,multinomial_parity,1,0.005
combined,57,multinomial_parity,1,0.005
combined,58,multinomial_parity,1,0.005
combined,59,multinomial_parity,1,0.005
combined,60,multinomial_parity,1,0.005
combined,61,multinomial_parity,1,0.005
combined,62,multinomial_parity,1,0.005
combined,63,multinomial_parity,1,0.005
combined,64,multinomial_parity,1,0.005
combined,65,multinomial_parity,1,0.005
combined,66,multinomial_parity,1,0.005
combined,67,multinomial_parity,1,0.005
combined,68,multinomial_parity,1,0.005
combined,69,multinomial_parity,1,0.005
combined,70,multinomial_parity,1,0.005
combined,71,multinomial_parity,1,0.005
combined,72,multinomial_parity,1,0.005
combined,73,multinomial_parity,1,0.005
combined,74,multinomial_parity,1,0.02
combined,75,multinomial_parity,1,0.005
combined,76,multinomial_parity,1,0.005
combined,77,multinomial_parity,1,0.005
combined,78,multinomial_parity,1,0.005
combined,79,multinomial_parity,1,0.005
combined,80,multinomial_parity,1,0.005
combined,81,multinomial_parity,1,0.005
combined,82,multinomial_parity,1,0.005
combined,83,multinomial_parity,1,0.005
combined,84,multinomial_parity,1,0.005
combined,85,multinomial_parity,1,0.005
combined,86,multinomial_parity,1,0.005
combined,87,multinomial_parity,1,0.005
combined,88,multinomial_parity,1,0.005
combined,89,multinomial_parity,1,0.005
combined,90,multinomial_parity,1,0.005
combined,91,multinomial_parity,1,0.005
combined,92,multinomial_parity,1,0.005
combined,93,multinomial_parity,1,0.005
combined,94,multinomial_parity,1,0.005
combined,95,multinomial_parity,1,0.005
combined,96,multinomial_parity,1,0.005
combined,97,multinomial_parity,1,0.005
combined,98,multinomial_parity,1,0.005
combined,99,multinomial_parity,1,0.005
combined,100,multinomial_parity,1,0.005
combined,101,multinomial_parity,1,0.005
combined,102,multinomial_parity,1,0.005
combined,103,multinomial_parity,1,0.005
combined,104,multinomial_parity,1,0.005
combined,105,multinomial_parity,1,0.005
combined,106,multinomial_parity,1,0.005
combined,107,multinomial_parity,1,0.005
combined,108,multinomial_parity,1,0.005
combined,109,multinomial_parity,1,0.005
combined,110,multinomial_parity,1,0.005
combined,111,multinomial_parity,1,0.005
combined,112,multinomial_parity,1,0.005
combined,113,multinomial_parity,1,0.005
combined,114,multinomial_parity,1,0.005
combined,115,multinomial_parity,1,0.005
combined,116,multinomial_parity,1,0.005
combined,117,multinomial_parity,1,0.005
combined,118,multinomial_parity,1,0.005
combined,119,multinomial_parity,1,0.005
combined,120,multinomial_parity,1,0.005
combined,121,multinomial_parity,1,0.005
combined,122,multinomial_parity,1,0.005
combined,123,multinomial_parity,1,0.005
combined,124,multinomial_parity,1,0.005
combined,125,multinomial_parity,1,0.005
combined,126,multinomial_parity,1,0.01
combined,127,multinomial_parity,1,0.005
combined,128,multinomial_parity,1,0.005
combined,129,multinomial_parity,1,0.005
combined,130,multinomial_parity,1,0.005
combined,131,multinomial_parity,1,0.005
combined,132,multinomial_parity,1,0.005
combined,133,multinomial_parity,1,0.005
combined,134,multinomial_parity,1,0.005
combined,135,multinomial_parity,1,0.005
combined,136,multinomial_parity,1,0.005
combined,137,multinomial_parity,1,0.005
combined,138,multinomial_parity,1,0.005
combined,139,multinomial_parity,1,0.005
combined,140,multinomial_parity,1,0.005
combined,141,multinomial_parity,1,0.005
combined,142,multinomial_parity,1,0.005
combined,143,multinomial_parity,1,0.005
combined,144,multinomial_parity,1,0.005
combined,145,multinomial_parity,1,0.005
combined,146,multinomial_parity,1,0.005
combined,147,multinomial_parity,1,0.005
combined,148,multinomial_parity,1,0.005
combined,149,multinomial_parity,1,0.005
combined,150,multinomial_parity,1,0.005
combined,151,multinomial_parity,1,0.005
combined,152,multinomial_parity,1,0.005
combined,153,multinomial_parity,1,0.005
combined,154,multinomial_parity,1,0.005
combined,155,multinomial_parity,1,0.005
combined,156,multinomial_parity,1,0.005
combined,157,multinomial_parity,1,0.005
combined,158,multinomial_parity,1,0.005
combined,159,multinomial_parity,1,0.005
combined,160,multinomial_parity,1,0.005
combined,161,multinomial_parity,1,0.005
combined,162,multinomial_parity,1,0.005
combined,163,multinomial_parity,1,0.005
combined,164,multinomial_parity,1,0.005
combined,165,multinomial_parity,1,0.005
combined,166,multinomial_parity,1,0.005
combined,167,multinomial_parity,1,0.005
combined,168,multinomial_parity,1,0.005
combined,169,multinomial_parity,1,0.005
combined,170,multinomial_parity,1,0.005
combined,171,multinomial_parity,1,0.005
combined,172,multinomial_parity,1,0.005
combined,173,multinomial_parity,1,0.005
combined,174,multinomial_parity,1,0.005
combined,175,multinomial_parity,1,0.005
combined,176,multinomial_parity,1,0.005
combined,177,multinomial_parity,1,0.005
combined,178,multinomial_parity,1,0.005
combined,179,multinomial_parity,1,0.005
combined,180,multinomial_parity,1,0.005
combined,181,multinomial_parity,1,0.005
combined,182,multinomial_parity,1,0.005
combined,183,multinomial_parity,1,0.005
combined,184,multinomial_parity,1,0.005
combined,185,multinomial_parity,1,0.005
combined,186,multinomial_parity,1,0.005
combined,187,multinomial_parity,1,0.005
combined,188,multinomial_parity,1,0.005
combined,189,multinomial_parity,1,0.005
combined,190,multinomial_parity,1,0.005
combined,191,multinomial_parity,1,0.04
combined,192,multinomial_parity,1,0.005
combined,193,multinomial_parity,1,0.005
combined,194,multinomial_parity,1,0.005
combined,195,multinomial_parity,1,0.005
combined,196,multinomial_parity,1,0.005
combined,197,multinomial_parity,1,0.005
combined,198,multinomial_parity,1,0.005
combined,199,multinomial_parity,1,0.005
