link,condition,rep,reject,pvalue
logit,null,0,0,0.595
logit,null,1,0,0.325
logit,null,2,0,0.69
logit,null,3,0,0.235
logit,null,4,0,0.47
logit,null,5,0,0.155
logit,null,6,0,0.295
logit,null,7,0,0.145
logit,null,8,0,0.185
logit,null,9,0,0.58
logit,null,10,0,0.675
logit,null,11,0,0.6
logit,null,12,0,0.51
logit,null,13,0,0.75
logit,null,14,0,0.345
logit,null,15,0,0.485
logit,null,16,0,0.72
logit,null,17,0,0.09
logit,null,18,0,0.39
logit,null,19,0,0.57
logit,null,20,0,0.93
logit,null,21,0,0.31
logit,null,22,0,0.935
logit,null,23,0,0.075
logit,null,24,0,0.375
logit,null,25,0,0.3
logit,null,26,0,0.53
logit,null,27,0,0.73
logit,null,28,0,0.32
logit,null,29,0,0.315
logit,null,30,0,0.72
logit,null,31,0,0.385
logit,null,32,0,0.5
logit,null,33,0,0.475
logit,null,34,0,0.46
logit,null,35,0,0.395
logit,null,36,0,0.815
logit,null,37,0,0.91
logit,null,38,0,0.915
logit,null,39,0,0.785
logit,null,40,0,0.68
logit,null,41,0,0.55
logit,null,42,0,0.63
logit,null,43,0,0.49
logit,null,44,0,0.945
logit,null,45,0,0.915
logit,null,46,0,0.65
logit,null,47,1,0.045
logit,null,48,0,0.51
logit,null,49,0,0.635
logit,null,50,0,0.72
logit,null,51,0,0.105
logit,null,52,0,0.925
logit,null,53,0,0.54
logit,null,54,0,0.215
logit,null,55,0,0.795
logit,null,56,0,0.215
logit,null,57,0,0.11
logit,null,58,0,0.85
logit,null,59,0,0.905
logit,null,60,0,0.775
logit,null,61,0,0.675
logit,null,62,0,0.085
logit,null,63,0,0.97
logit,null,64,0,0.725
logit,null,65,0,0.775
logit,null,66,0,0.935
logit,null,67,0,0.44
logit,null,68,1,0.035
logit,null,69,0,0.775
logit,null,70,0,0.61
logit,null,71,0,0.56
logit,null,72,0,0.095
logit,null,73,0,0.74
logit,null,74,0,0.69
logit,null,75,0,0.055
logit,null,76,0,0.64
logit,null,77,0,0.29
logit,null,78,0,0.215
logit,null,79,0,0.765
logit,null,80,0,0.97
logit,null,81,0,0.695
logit,null,82,0,0.675
logit,null,83,0,0.47
logit,null,84,0,0.7
logit,null,85,0,0.585
logit,null,86,0,0.74
logit,null,87,0,0.98
logit,null,88,0,0.85
logit,null,89,0,0.635
logit,null,90,0,0.65
logit,null,91,0,0.64
logit,null,92,0,0.87
logit,null,93,0,0.065
logit,null,94,0,0.765
logit,null,95,0,0.96
logit,null,96,0,0.985
logit,null,97,0,0.795
logit,null,98,0,0.13
logit,null,99,0,0.14
logit,omitted,0,1,0.005
logit,omitted,1,1,0.005
logit,omitted,2,1,0.005
logit,omitted,3,1,0.005
logit,omitted,4,1,0.005
logit,omitted,5,1,0.005
logit,omitted,6,1,0.005
logit,omitted,7,1,0.005
logit,omitted,8,1,0.005
logit,omitted,9,1,0.005
logit,omitted,10,1,0.005
logit,omitted,11,1,0.005
logit,omitted,12,1,0.005
logit,omitted,13,1,0.005
logit,omitted,14,1,0.005
logit,omitted,15,1,0.005
logit,omitted,16,1,0.005
logit,omitted,17,1,0.005
logit,omitted,18,1,0.005
logit,omitted,19,1,0.005
logit,omitted,20,1,0.005
logit,omitted,21,1,0.005
logit,omitted,22,1,0.005
logit,omitted,23,1,0.005
logit,omitted,24,1,0.005
logit,omitted,25,1,0.005
logit,omitted,26,1,0.005
logit,omitted,27,1,0.005
logit,omitted,28,1,0.005
logit,omitted,29,1,0.005
logit,omitted,30,1,0.005
logit,omitted,31,1,0.005
logit,omitted,32,1,0.005
logit,omitted,33,1,0.005
logit,omitted,34,1,0.005
logit,omitted,35,1,0.005
logit,omitted,36,1,0.005
logit,omitted,37,1,0.005
logit,omitted,38,1,0.005
logit,omitted,39,1,0.005
logit,omitted,40,1,0.005
logit,omitted,41,1,0.005
logit,omitted,42,1,0.005
logit,omitted,43,1,0.005
logit,omitted,44,1,0.005
logit,omitted,45,1,0.005
logit,omitted,46,1,0.005
logit,omitted,47,1,0.005
logit,omitted,48,1,0.005
logit,omitted,49,1,0.005
logit,omitted,50,1,0.005
logit,omitted,51,1,0.005
logit,omitted,52,1,0.005
logit,omitted,53,1,0.005
logit,omitted,54,1,0.005
logit,omitted,55,1,0.005
logit,omitted,56,1,0.005
logit,omitted,57,1,0.005
logit,omitted,58,1,0.005
logit,omitted,59,1,0.005
logit,omitted,60,1,0.005
logit,omitted,61,1,0.005
logit,omitted,62,1,0.005
logit,omitted,63,1,0.005
logit,omitted,64,1,0.005
logit,omitted,65,1,0.005
logit,omitted,66,1,0.005
logit,omitted,67,1,0.005
logit,omitted,68,1,0.005
logit,omitted,69,1,0.005
logit,omitted,70,1,0.005
logit,omitted,71,1,0.005
logit,omitted,72,1,0.005
logit,omitted,73,1,0.005
logit,omitted,74,1,0.005
logit,omitted,75,1,0.005
logit,omitted,76,1,0.005
logit,omitted,77,1,0.005
logit,omitted,78,1,0.005
logit,omitted,79,1,0.005
logit,omitted,80,1,0.005
logit,omitted,81,1,0.005
logit,omitted,82,1,0.005
logit,omitted,83,1,0.005
logit,omitted,84,1,0.005
logit,omitted,85,1,0.005
logit,omitted,86,1,0.005
logit,omitted,87,1,0.005
logit,omitted,88,1,0.005
logit,omitted,89,1,0.005
logit,omitted,90,1,0.005
logit,omitted,91,1,0.005
logit,omitted,92,1,0.005
logit,omitted,93,1,0.005
logit,omitted,94,1,0.005
logit,omitted,95,1,0.005
logit,omitted,96,1,0.005
logit,omitted,97,1,0.005
logit,omitted,98,1,0.005
logit,omitted,99,1,0.005
logit,even_scale,0,0,0.685
logit,even_scale,1,0,0.57
logit,even_scale,2,0,0.85
logit,even_scale,3,0,0.26
logit,even_scale,4,0,0.98
logit,even_scale,5,0,0.345
logit,even_scale,6,0,0.345
logit,even_scale,7,0,0.15
logit,even_scale,8,0,0.16
logit,even_scale,9,0,0.64
logit,even_scale,10,0,0.655
logit,even_scale,11,0,0.57
logit,even_scale,12,0,0.585
logit,even_scale,13,0,0.665
logit,even_scale,14,0,0.285
logit,even_scale,15,0,0.44
logit,even_scale,16,0,0.935
logit,even_scale,17,0,0.15
logit,even_scale,18,0,0.175
logit,even_scale,19,0,0.575
logit,even_scale,20,0,0.765
logit,even_scale,21,0,0.225
logit,even_scale,22,0,0.91
logit,even_scale,23,0,0.11
logit,even_scale,24,0,0.395
logit,even_scale,25,0,0.24
logit,even_scale,26,0,0.635
logit,even_scale,27,0,0.595
logit,even_scale,28,0,0.415
logit,even_scale,29,0,0.185
logit,even_scale,30,0,0.75
logit,even_scale,31,0,0.465
logit,even_scale,32,0,0.375
logit,even_scale,33,0,0.83
logit,even_scale,34,0,0.61
logit,even_scale,35,0,0.165
logit,even_scale,36,0,0.41
logit,even_scale,37,0,0.915
logit,even_scale,38,0,0.69
logit,even_scale,39,0,0.78
logit,even_scale,40,0,0.88
logit,even_scale,41,0,0.59
logit,even_scale,42,0,0.735
logit,even_scale,43,0,0.475
logit,even_scale,44,0,0.565
logit,even_scale,45,0,0.73
logit,even_scale,46,0,0.79
logit,even_scale,47,0,0.08
logit,even_scale,48,0,0.675
logit,even_scale,49,0,0.325
logit,even_scale,50,0,0.555
logit,even_scale,51,0,0.215
logit,even_scale,52,0,0.82
logit,even_scale,53,0,0.66
logit,even_scale,54,0,0.23
logit,even_scale,55,0,0.755
logit,even_scale,56,0,0.15
logit,even_scale,57,0,0.245
logit,even_scale,58,0,0.915
logit,even_scale,59,0,0.75
logit,even_scale,60,0,0.56
logit,even_scale,61,0,0.845
logit,even_scale,62,1,0.035
logit,even_scale,63,0,0.85
logit,even_scale,64,0,0.565
logit,even_scale,65,0,0.93
logit,even_scale,66,0,0.565
logit,even_scale,67,0,0.515
logit,even_scale,68,0,0.06
logit,even_scale,69,0,0.84
logit,even_scale,70,0,0.625
logit,even_scale,71,0,0.68
logit,even_scale,72,0,0.095
logit,even_scale,73,0,0.765
logit,even_scale,74,0,0.66
logit,even_scale,75,1,0.02
logit,even_scale,76,0,0.6
logit,even_scale,77,0,0.475
logit,even_scale,78,0,0.29
logit,even_scale,79,0,0.755
logit,even_scale,80,0,0.785
logit,even_scale,81,0,0.27
logit,even_scale,82,0,0.745
logit,even_scale,83,0,0.495
logit,even_scale,84,0,0.635
logit,even_scale,85,0,0.64
logit,even_scale,86,0,0.73
logit,even_scale,87,0,0.875
logit,even_scale,88,0,0.925
logit,even_scale,89,0,0.905
logit,even_scale,90,0,0.935
logit,even_scale,91,0,0.835
logit,even_scale,92,0,0.865
logit,even_scale,93,0,0.09
logit,even_scale,94,0,0.825
logit,even_scale,95,0,0.8
logit,even_scale,96,0,0.95
logit,even_scale,97,0,0.44
logit,even_scale,98,0,0.135
logit,even_scale,99,0,0.335
logit,combined,0,1,0.005
logit,combined,1,1,0.005
logit,combined,2,1,0.02
logit,combined,3,0,0.29
logit,combined,4,1,0.005
logit,combined,5,1,0.005
logit,combined,6,1,0.005
logit,combined,7,1,0.005
logit,combined,8,0,0.185
logit,combined,9,1,0.005
logit,combined,10,0,0.22
logit,combined,11,1,0.005
logit,combined,12,0,0.075
logit,combined,13,0,0.275
logit,combined,14,1,0.005
logit,combined,15,1,0.015
logit,combined,16,1,0.02
logit,combined,17,1,0.005
logit,combined,18,1,0.005
logit,combined,19,1,0.02
logit,combined,20,1,0.03
logit,combined,21,1,0.005
logit,combined,22,0,0.07
logit,combined,23,1,0.005
logit,combined,24,1,0.01
logit,combined,25,1,0.015
logit,combined,26,1,0.015
logit,combined,27,0,0.055
logit,combined,28,0,0.14
logit,combined,29,1,0.005
logit,combined,30,1,0.005
logit,combined,31,1,0.005
logit,combined,32,1,0.015
logit,combined,33,0,0.1
logit,combined,34,1,0.01
logit,combined,35,1,0.005
logit,combined,36,0,0.07
logit,combined,37,1,0.04
logit,combined,38,1,0.015
logit,combined,39,0,0.195
logit,combined,40,1,0.01
logit,combined,41,1,0.035
logit,combined,42,1,0.01
logit,combined,43,1,0.005
logit,combined,44,0,0.115
logit,combined,45,0,0.09
logit,combined,46,1,0.01
logit,combined,47,0,0.53
logit,combined,48,0,0.07
logit,combined,49,1,0.02
logit,combined,50,1,0.035
logit,combined,51,1,0.005
logit,combined,52,1,0.005
logit,combined,53,1,0.035
logit,combined,54,1,0.005
logit,combined,55,1,0.04
logit,combined,56,1,0.01
logit,combined,57,1,0.04
logit,combined,58,0,0.05
logit,combined,59,1,0.025
logit,combined,60,1,0.035
logit,combined,61,1,0.015
logit,combined,62,0,0.555
logit,combined,63,1,0.01
logit,combined,64,0,0.195
logit,combined,65,0,0.17
logit,combined,66,1,0.01
logit,combined,67,0,0.1
logit,combined,68,1,0.005
logit,combined,69,1,0.01
logit,combined,70,1,0.025
logit,combined,71,0,0.315
logit,combined,72,0,0.195
logit,combined,73,1,0.005
logit,combined,74,1,0.025
logit,combined,75,1,0.005
logit,combined,76,1,0.04
logit,combined,77,0,0.175
logit,combined,78,1,0.015
logit,combined,79,1,0.035
logit,combined,80,1,0.025
logit,combined,81,1,0.01
logit,combined,82,1,0.025
logit,combined,83,1,0.015
logit,combined,84,1,0.01
logit,combined,85,0,0.08
logit,combined,86,1,0.02
logit,combined,87,1,0.02
logit,combined,88,1,0.005
logit,combined,89,1,0.01
logit,combined,90,1,0.035
logit,combined,91,1,0.005
logit,combined,92,1,0.03
logit,combined,93,1,0.005
logit,combined,94,1,0.005
logit,combined,95,1,0.025
logit,combined,96,1,0.01
logit,combined,97,1,0.02
logit,combined,98,0,0.295
logit,combined,99,1,0.005
probit,null,0,0,0.635
probit,null,1,0,0.265
probit,null,2,0,0.665
probit,null,3,0,0.175
probit,null,4,0,0.43
probit,null,5,0,0.18
probit,null,6,0,0.22
probit,null,7,0,0.185
probit,null,8,0,0.33
probit,null,9,0,0.455
probit,null,10,0,0.42
probit,null,11,0,0.645
probit,null,12,0,0.59
probit,null,13,0,0.76
probit,null,14,0,0.41
probit,null,15,0,0.475
probit,null,16,0,0.76
probit,null,17,0,0.1
probit,null,18,0,0.3
probit,null,19,0,0.59
probit,null,20,0,0.955
probit,null,21,0,0.225
probit,null,22,0,0.915
probit,null,23,0,0.07
probit,null,24,0,0.38
probit,null,25,0,0.325
probit,null,26,0,0.74
probit,null,27,0,0.715
probit,null,28,0,0.335
probit,null,29,0,0.235
probit,null,30,0,0.75
probit,null,31,0,0.395
probit,null,32,0,0.58
probit,null,33,0,0.63
probit,null,34,0,0.875
probit,null,35,0,0.285
probit,null,36,0,0.94
probit,null,37,0,1.0
probit,null,38,0,0.575
probit,null,39,0,0.695
probit,null,40,0,0.76
probit,null,41,0,0.495
probit,null,42,0,0.65
probit,null,43,0,0.43
probit,null,44,0,0.94
probit,null,45,0,0.85
probit,null,46,0,0.565
probit,null,47,1,0.025
probit,null,48,0,0.4
probit,null,49,0,0.56
probit,null,50,0,0.68
probit,null,51,0,0.125
probit,null,52,0,0.955
probit,null,53,0,0.555
probit,null,54,0,0.28
probit,null,55,0,0.675
probit,null,56,0,0.3
probit,null,57,0,0.265
probit,null,58,0,0.96
probit,null,59,0,0.81
probit,null,60,0,0.94
probit,null,61,0,0.77
probit,null,62,0,0.11
probit,null,63,0,0.955
probit,null,64,0,0.53
probit,null,65,0,0.59
probit,null,66,0,0.77
probit,null,67,0,0.26
probit,null,68,0,0.055
probit,null,69,0,0.68
probit,null,70,0,0.52
probit,null,71,0,0.725
probit,null,72,0,0.16
probit,null,73,0,0.91
probit,null,74,0,0.62
probit,null,75,0,0.065
probit,null,76,0,0.845
probit,null,77,0,0.38
probit,null,78,0,0.2
probit,null,79,0,0.935
probit,null,80,0,0.985
probit,null,81,0,0.62
probit,null,82,0,0.935
probit,null,83,0,0.63
probit,null,84,0,0.845
probit,null,85,0,0.545
probit,null,86,0,0.62
probit,null,87,0,0.855
probit,null,88,0,0.745
probit,null,89,0,0.535
probit,null,90,0,0.585
probit,null,91,0,0.81
probit,null,92,0,0.845
probit,null,93,0,0.06
probit,null,94,0,0.625
probit,null,95,0,0.81
probit,null,96,0,0.905
probit,null,97,0,0.815
probit,null,98,0,0.075
probit,null,99,0,0.085
probit,omitted,0,1,0.005
probit,omitted,1,1,0.005
probit,omitted,2,1,0.005
probit,omitted,3,1,0.005
probit,omitted,4,1,0.005
probit,omitted,5,1,0.005
probit,omitted,6,1,0.005
probit,omitted,7,1,0.005
probit,omitted,8,1,0.005
probit,omitted,9,1,0.005
probit,omitted,10,1,0.005
probit,omitted,11,1,0.005
probit,omitted,12,1,0.005
probit,omitted,13,1,0.005
probit,omitted,14,1,0.005
probit,omitted,15,1,0.005
probit,omitted,16,1,0.005
probit,omitted,17,1,0.005
probit,omitted,18,1,0.005
probit,omitted,19,1,0.005
probit,omitted,20,1,0.005
probit,omitted,21,1,0.005
probit,omitted,22,1,0.005
probit,omitted,23,1,0.005
probit,omitted,24,1,0.005
probit,omitted,25,1,0.005
probit,omitted,26,1,0.005
probit,omitted,27,1,0.005
probit,omitted,28,1,0.005
probit,omitted,29,1,0.005
probit,omitted,30,1,0.005
probit,omitted,31,1,0.005
probit,omitted,32,1,0.005
probit,omitted,33,1,0.005
probit,omitted,34,1,0.005
probit,omitted,35,1,0.005
probit,omitted,36,1,0.005
probit,omitted,37,1,0.005
probit,omitted,38,1,0.005
probit,omitted,39,1,0.005
probit,omitted,40,1,0.005
probit,omitted,41,1,0.005
probit,omitted,42,1,0.005
probit,omitted,43,1,0.005
probit,omitted,44,1,0.005
probit,omitted,45,1,0.005
probit,omitted,46,1,0.005
probit,omitted,47,1,0.005
probit,omitted,48,1,0.005
probit,omitted,49,1,0.005
probit,omitted,50,1,0.005
probit,omitted,51,1,0.005
probit,omitted,52,1,0.005
probit,omitted,53,1,0.005
probit,omitted,54,1,0.005
probit,omitted,55,1,0.005
probit,omitted,56,1,0.005
probit,omitted,57,1,0.005
probit,omitted,58,1,0.005
probit,omitted,59,1,0.005
probit,omitted,60,1,0.005
probit,omitted,61,1,0.005
probit,omitted,62,1,0.005
probit,omitted,63,1,0.005
probit,omitted,64,1,0.005
probit,omitted,65,1,0.005
probit,omitted,66,1,0.005
probit,omitted,67,1,0.005
probit,omitted,68,1,0.005
probit,omitted,69,1,0.005
probit,omitted,70,1,0.005
probit,omitted,71,1,0.005
probit,omitted,72,1,0.005
probit,omitted,73,1,0.005
probit,omitted,74,1,0.005
probit,omitted,75,1,0.005
probit,omitted,76,1,0.005
probit,omitted,77,1,0.005
probit,omitted,78,1,0.005
probit,omitted,79,1,0.005
probit,omitted,80,1,0.005
probit,omitted,81,1,0.005
probit,omitted,82,1,0.005
probit,omitted,83,1,0.005
probit,omitted,84,1,0.005
probit,omitted,85,1,0.005
probit,omitted,86,1,0.005
probit,omitted,87,1,0.005
probit,omitted,88,1,0.005
probit,omitted,89,1,0.005
probit,omitted,90,1,0.005
probit,omitted,91,1,0.005
probit,omitted,92,1,0.005
probit,omitted,93,1,0.005
probit,omitted,94,1,0.005
probit,omitted,95,1,0.005
probit,omitted,96,1,0.005
probit,omitted,97,1,0.005
probit,omitted,98,1,0.005
probit,omitted,99,1,0.005
probit,even_scale,0,0,0.725
probit,even_scale,1,0,0.56
probit,even_scale,2,0,0.84
probit,even_scale,3,0,0.26
probit,even_scale,4,0,0.88
probit,even_scale,5,0,0.34
probit,even_scale,6,0,0.315
probit,even_scale,7,0,0.11
probit,even_scale,8,0,0.165
probit,even_scale,9,0,0.655
probit,even_scale,10,0,0.67
probit,even_scale,11,0,0.535
probit,even_scale,12,0,0.65
probit,even_scale,13,0,0.77
probit,even_scale,14,0,0.255
probit,even_scale,15,0,0.515
probit,even_scale,16,0,0.99
probit,even_scale,17,0,0.13
probit,even_scale,18,0,0.185
probit,even_scale,19,0,0.555
probit,even_scale,20,0,0.755
probit,even_scale,21,0,0.23
probit,even_scale,22,0,0.94
probit,even_scale,23,0,0.145
probit,even_scale,24,0,0.345
probit,even_scale,25,0,0.255
probit,even_scale,26,0,0.53
probit,even_scale,27,0,0.535
probit,even_scale,28,0,0.425
probit,even_scale,29,0,0.215
probit,even_scale,30,0,0.635
probit,even_scale,31,0,0.485
probit,even_scale,32,0,0.405
probit,even_scale,33,0,0.725
probit,even_scale,34,0,0.7
probit,even_scale,35,0,0.15
probit,even_scale,36,0,0.47
probit,even_scale,37,0,0.825
probit,even_scale,38,0,0.595
probit,even_scale,39,0,0.88
probit,even_scale,40,0,0.9
probit,even_scale,41,0,0.68
probit,even_scale,42,0,0.765
probit,even_scale,43,0,0.44
probit,even_scale,44,0,0.625
probit,even_scale,45,0,0.695
probit,even_scale,46,0,0.95
probit,even_scale,47,0,0.07
probit,even_scale,48,0,0.63
probit,even_scale,49,0,0.29
probit,even_scale,50,0,0.545
probit,even_scale,51,0,0.275
probit,even_scale,52,0,0.825
probit,even_scale,53,0,0.68
probit,even_scale,54,0,0.19
probit,even_scale,55,0,0.64
probit,even_scale,56,0,0.145
probit,even_scale,57,0,0.19
probit,even_scale,58,0,0.96
probit,even_scale,59,0,0.79
probit,even_scale,60,0,0.51
probit,even_scale,61,0,0.79
probit,even_scale,62,1,0.02
probit,even_scale,63,0,0.98
probit,even_scale,64,0,0.685
probit,even_scale,65,0,0.965
probit,even_scale,66,0,0.675
probit,even_scale,67,0,0.59
probit,even_scale,68,0,0.065
probit,even_scale,69,0,0.875
probit,even_scale,70,0,0.55
probit,even_scale,71,0,0.71
probit,even_scale,72,0,0.09
probit,even_scale,73,0,0.785
probit,even_scale,74,0,0.69
probit,even_scale,75,1,0.02
probit,even_scale,76,0,0.62
probit,even_scale,77,0,0.485
probit,even_scale,78,0,0.34
probit,even_scale,79,0,0.675
probit,even_scale,80,0,0.805
probit,even_scale,81,0,0.3
probit,even_scale,82,0,0.695
probit,even_scale,83,0,0.565
probit,even_scale,84,0,0.595
probit,even_scale,85,0,0.58
probit,even_scale,86,0,0.78
probit,even_scale,87,0,0.87
probit,even_scale,88,0,0.86
probit,even_scale,89,0,0.735
probit,even_scale,90,0,0.955
probit,even_scale,91,0,0.815
probit,even_scale,92,0,0.935
probit,even_scale,93,0,0.055
probit,even_scale,94,0,0.78
probit,even_scale,95,0,0.79
probit,even_scale,96,0,0.905
probit,even_scale,97,0,0.325
probit,even_scale,98,0,0.105
probit,even_scale,99,0,0.315
probit,combined,0,1,0.005
probit,combined,1,1,0.005
probit,combined,2,1,0.005
probit,combined,3,1,0.03
probit,combined,4,1,0.005
probit,combined,5,1,0.005
probit,combined,6,1,0.005
probit,combined,7,1,0.005
probit,combined,8,1,0.01
probit,combined,9,1,0.005
probit,combined,10,1,0.015
probit,combined,11,1,0.005
probit,combined,12,1,0.01
probit,combined,13,1,0.025
probit,combined,14,1,0.005
probit,combined,15,1,0.005
probit,combined,16,1,0.005
probit,combined,17,1,0.005
probit,combined,18,1,0.005
probit,combined,19,1,0.005
probit,combined,20,1,0.005
probit,combined,21,1,0.005
probit,combined,22,1,0.005
probit,combined,23,1,0.005
probit,combined,24,1,0.005
probit,combined,25,1,0.005
probit,combined,26,1,0.005
probit,combined,27,1,0.005
probit,combined,28,1,0.01
probit,combined,29,1,0.005
probit,combined,30,1,0.005
probit,combined,31,1,0.005
probit,combined,32,1,0.005
probit,combined,33,1,0.01
probit,combined,34,1,0.005
probit,combined,35,1,0.005
probit,combined,36,1,0.02
probit,combined,37,1,0.005
probit,combined,38,1,0.005
probit,combined,39,1,0.045
probit,combined,40,1,0.005
probit,combined,41,1,0.005
probit,combined,42,1,0.005
probit,combined,43,1,0.005
probit,combined,44,1,0.01
probit,combined,45,1,0.005
probit,combined,46,1,0.005
probit,combined,47,1,0.025
probit,combined,48,1,0.01
probit,combined,49,1,0.005
probit,combined,50,1,0.005
probit,combined,51,1,0.005
probit,combined,52,1,0.005
probit,combined,53,1,0.005
probit,combined,54,1,0.005
probit,combined,55,1,0.01
probit,combined,56,1,0.005
probit,combined,57,1,0.005
probit,combined,58,1,0.005
probit,combined,59,1,0.005
probit,combined,60,1,0.005
probit,combined,61,1,0.005
probit,combined,62,0,0.055
probit,combined,63,1,0.005
probit,combined,64,1,0.01
probit,combined,65,1,0.005
probit,combined,66,1,0.005
probit,combined,67,1,0.015
probit,combined,68,1,0.005
probit,combined,69,1,0.005
probit,combined,70,1,0.005
probit,combined,71,1,0.02
probit,combined,72,1,0.015
probit,combined,73,1,0.005
probit,combined,74,1,0.01
probit,combined,75,1,0.005
probit,combined,76,1,0.005
probit,combined,77,1,0.01
probit,combined,78,1,0.005
probit,combined,79,1,0.005
probit,combined,80,1,0.005
probit,combined,81,1,0.005
probit,combined,82,1,0.005
probit,combined,83,1,0.005
probit,combined,84,1,0.005
probit,combined,85,1,0.005
probit,combined,86,1,0.005
probit,combined,87,1,0.005
probit,combined,88,1,0.005
probit,combined,89,1,0.005
probit,combined,90,1,0.005
probit,combined,91,1,0.005
probit,combined,92,1,0.005
probit,combined,93,1,0.005
probit,combined,94,1,0.005
probit,combined,95,1,0.005
probit,combined,96,1,0.005
probit,combined,97,1,0.005
probit,combined,98,1,0.01
probit,combined,99,1,0.005
