condition,replication,path_structured_l1,path_expanded_l1,path_base_expanded_l1,path_structured_share_l1,path_expanded_share_l1,threshold_path_structured_l1,policy_alert,base_test_regret,structured_test_regret,structured_test_logloss,base_test_logloss
additive,0,0.014818337300326192,0.02706610420374088,0.03107537971348518,0.005829078212660678,0.004171981819454552,0.028197547883363185,0,0.004650136782582072,0.003065432114701638,0.9062955525890171,0.9074032641368104
additive,1,0.022811766646037037,0.02377059099465572,0.03122590554496432,0.003219373065916178,0.0025269718829894223,0.028197547883363185,0,0.006413768528486457,0.0076884525789693604,0.9473197997417827,0.9483770114415973
additive,2,0.016185257583932633,0.026029903838019935,0.029123509520166777,0.005480271430207815,0.002281537150605601,0.028197547883363185,0,0.0021784113721604196,0.0011074474087762749,0.9089375028250742,0.9098310298007438
additive,3,0.019114869108131576,0.021169759567349254,0.028671656414307443,0.004960972012719393,0.002842788882275909,0.028197547883363185,0,0.005449890855662952,0.004992077260123881,0.9180514640304795,0.9201373782513081
additive,4,0.022786452041966596,0.02650794279637143,0.03449486010468525,0.005392130411707556,0.0027603809546062467,0.028197547883363185,0,0.001489007584126854,0.003785125504334545,0.920657865912661,0.9098295498905746
additive,5,0.019607691137785262,0.026456445541335694,0.031433198188302966,0.002725957682297606,0.003259604005583901,0.028197547883363185,0,0.004250801030049318,0.003349194321971441,0.9137054986246222,0.9173187779998091
additive,6,0.014606760218412963,0.025660718104389347,0.0271311829052127,0.003412620744082482,0.002238838026267507,0.028197547883363185,0,0.005341460687571463,0.0038981966324515534,0.8944473892058509,0.8953035135278263
additive,7,0.014714653463104728,0.023570464731611524,0.025212722242490354,0.0034314232785433944,0.003672710715308646,0.028197547883363185,0,0.0034263760996500648,0.0019159253307269623,0.8968491391526136,0.8949399672207257
additive,8,0.010828125224949296,0.028169842124745825,0.027635275271644638,0.0032912211632055584,0.0036957100513534034,0.028197547883363185,0,0.005656718186256655,0.005359304431538194,0.8921335738492394,0.8936237465591328
additive,9,0.021801707374480284,0.019113964998617648,0.028943631598356626,0.004978051274657831,0.0019357336073371608,0.028197547883363185,0,0.006362713824403748,0.0027986725006311727,0.9185323923757533,0.9204984171418694
additive,10,0.012049278144369593,0.02413841233917173,0.02742744412316349,0.003345688488074097,0.0029365174075625306,0.028197547883363185,0,0.009715530175854402,0.006746706163939653,0.938097048524593,0.939985036480303
additive,11,0.016796987836388874,0.023338937471456263,0.030405523220050436,0.005667466283001088,0.002106134438445126,0.028197547883363185,0,0.003538334453507097,0.002321157194580022,0.9324120572736437,0.9368327341485934
additive,12,0.01337591142802975,0.024084309142000698,0.025930825808429644,0.0035542357023983814,0.0032230558910724813,0.028197547883363185,0,0.003061806411488562,0.004083286969943979,0.9050743428775722,0.9021649190665071
additive,13,0.02066234193308192,0.02361858434835009,0.032244395496160885,0.006678487774088944,0.00306503570770943,0.028197547883363185,0,0.002783236356298105,0.0018765593278677556,0.9299270896731616,0.9229854913704674
additive,14,0.01786576136248881,0.02636811061295594,0.029714040352161908,0.004360714480882292,0.002039642095956763,0.028197547883363185,0,0.0032543771321120007,0.00569487524772279,0.9437106368723692,0.9407577142790716
additive,15,0.018303470185765027,0.028013481832167793,0.03386942425161189,0.004289170290792988,0.0024633109587748818,0.028197547883363185,0,0.00675586931591184,0.005739915660302448,0.9241894985456864,0.9250979154092168
additive,16,0.02397499939367058,0.024224306769225972,0.03342771734261525,0.005355076448101218,0.0031242968637607044,0.028197547883363185,0,0.002954851587853723,0.0025565055049801303,0.910921130251849,0.9088966887856157
additive,17,0.012701688509058036,0.029232735735020818,0.03017875735266636,0.003359284944390755,0.003745302735319465,0.028197547883363185,0,0.0038981610469094,0.0034724155600718656,0.9141261766423716,0.9119700431482987
additive,18,0.014821425507611959,0.03151669870095433,0.031913561578911856,0.004541870204255765,0.003299247168611635,0.028197547883363185,0,0.004787891972912623,0.0032390680585342286,0.8905975427511584,0.8903150520363058
additive,19,0.021572316952910828,0.018465218922954704,0.02738616051121654,0.006350536226430572,0.0012103681570260906,0.028197547883363185,0,0.0036232475647059986,0.002240364812175409,0.9135276146562871,0.9119726551061632
additive,20,0.023330740453612834,0.030020326316003723,0.036406937164140854,0.007818536245649875,0.003381645219063765,0.028197547883363185,0,0.0050499068274337845,0.005122408787334557,0.9040090864390933,0.9044014313493984
additive,21,0.017139753641439534,0.025625850732650484,0.0288231517812524,0.0038709977535750506,0.003600349678184536,0.028197547883363185,0,0.004529896013977909,0.003073901177782957,0.8990321949961181,0.8967438801904549
additive,22,0.019922729181042168,0.0272931385748864,0.03249110794447063,0.0034786611487698476,0.0030005021759143186,0.028197547883363185,0,0.0043184171814187764,0.004391088736534241,0.9150177560858792,0.9176857477743364
additive,23,0.018736781587477446,0.02810818793970609,0.032567633844100705,0.004460804070052498,0.004077958117479335,0.028197547883363185,0,0.004462222903698189,0.004856815971608559,0.9133128236560424,0.9146708905555171
nonlinear,0,0.1022805913397686,0.02298382149123218,0.10740291847040581,0.023948095356658636,0.0029074255884942207,0.028197547883363185,1,0.09217376817595245,0.0030338149663213677,0.8068417817598408,0.9119487556856469
nonlinear,1,0.10196802483452617,0.021356210660762206,0.10582756330469564,0.024405358482364435,0.002268515646227318,0.028197547883363185,1,0.10306365797808893,0.0027012443245083627,0.8392083667552807,0.9178690889099883
nonlinear,2,0.09920745941062907,0.02822934038053409,0.1054521632652956,0.023453106766024093,0.003046842597972349,0.028197547883363185,1,0.09601324062118209,0.003660262605115706,0.8316930508158722,0.9188515995990423
nonlinear,3,0.10143063096657008,0.02010341567058104,0.10390622437790793,0.025412042915404675,0.002185710803830152,0.028197547883363185,1,0.09286245512584543,0.004400156858079227,0.8077705527933087,0.906056527889456
nonlinear,4,0.10053834708740378,0.020414122452398042,0.10311042094522369,0.02833802334472881,0.0020862314587119773,0.028197547883363185,1,0.13343976037283506,0.004829969817052724,0.808761639468805,0.8681020455620683
nonlinear,5,0.11577074566641156,0.025328196643907938,0.1178036248581133,0.02792777820597779,0.0035601164502511687,0.028197547883363185,1,0.1393096034559996,0.00127402595290345,0.8404647536859053,0.9312017770369807
nonlinear,6,0.09669307569177282,0.020075869962344936,0.09945813696691626,0.023695836963899448,0.0027173246993793653,0.028197547883363185,1,0.09243155626635868,0.000752817649090721,0.7942541537241269,0.8768192451059448
nonlinear,7,0.10474910540828364,0.024782021274160883,0.10890190393747991,0.025565682834205215,0.002782789516856043,0.028197547883363185,1,0.10212110398481324,0.004061340731790481,0.793827623978883,0.8866166399019595
nonlinear,8,0.09932120841985839,0.023221008742617743,0.10353295082576167,0.02399312818611376,0.002943490180045253,0.028197547883363185,1,0.10129447015098915,0.0022152067571008824,0.8107196624199112,0.892293653581948
nonlinear,9,0.11098319083882094,0.0205760559961603,0.11333210645921782,0.027199386264194447,0.0017966620586122683,0.028197547883363185,1,0.11090767072522471,0.001991530690812976,0.7838477192082683,0.8895229698908395
nonlinear,10,0.09494272899024292,0.023920722062116408,0.09878181499279065,0.02048403931712393,0.002498397442879321,0.028197547883363185,1,0.09701265257602695,0.005728404239821766,0.8214882491736665,0.8987032039620183
nonlinear,11,0.09686637291773939,0.027959937687865907,0.10251896354076385,0.02531006831912177,0.003380672520663207,0.028197547883363185,1,0.09366719930063004,0.0037995347615880025,0.8264410384215635,0.9202854817328915
nonlinear,12,0.10180780504082881,0.024148365573549053,0.10485097942935337,0.0222067937903126,0.0034189358581993424,0.028197547883363185,1,0.07760411023574745,0.007457152789366047,0.8020612412971364,0.8767593190445334
nonlinear,13,0.11208494318325855,0.026424463039069555,0.11772113471217918,0.03233344473973131,0.0034039353967450546,0.028197547883363185,1,0.09471839781843366,0.0037907487579921695,0.8185968910522846,0.8665123888564688
nonlinear,14,0.10481827631574975,0.026053054733773964,0.10942334484062638,0.027259011286204515,0.0025641963687531837,0.028197547883363185,1,0.11403036144189746,0.0012927190179283616,0.8122057589002993,0.8967280768832376
nonlinear,15,0.10167134405138371,0.020522872666738783,0.10396616960858619,0.02518613201931362,0.004069447209646129,0.028197547883363185,1,0.09278282673112236,0.0020765158716809164,0.8462748126625941,0.911093519079262
nonlinear,16,0.10298900975917127,0.019316678372047154,0.10468982053224929,0.02680062972323994,0.003184311411552421,0.028197547883363185,1,0.08452861696735316,0.0024258605285445833,0.7681714849348206,0.8533434965195764
nonlinear,17,0.10449946816185406,0.025385802663016085,0.10937839302917765,0.025899157140716618,0.003431341098786308,0.028197547883363185,1,0.10303802179328134,0.0035722724524171147,0.8534238309485112,0.9421675469335308
nonlinear,18,0.10749458839994641,0.02297058855836454,0.11055900496512736,0.024895049514636378,0.0034892093363232974,0.028197547883363185,1,0.08147790312611446,0.003403287406422267,0.8031777284103263,0.8672587983984871
nonlinear,19,0.09367522774522465,0.02330092180439717,0.0955639674565324,0.025084690626785398,0.003622731409752374,0.028197547883363185,1,0.1213023561835995,0.004407791783309064,0.8431651453358572,0.929117460606611
nonlinear,20,0.10264737226535553,0.02506480168435991,0.10720032897003087,0.024292862057221924,0.003942362765322934,0.028197547883363185,1,0.07737405889375222,0.002392180807151782,0.813402017483236,0.9007641796834935
nonlinear,21,0.1079349359847226,0.020478705572666202,0.11021890668437698,0.028774615236171072,0.0020303697488321835,0.028197547883363185,1,0.09309247587042627,0.0016465280037335065,0.8354625957422496,0.8995250281320701
nonlinear,22,0.10868076120610991,0.026582702480408046,0.11256752407928193,0.025255960354327076,0.0036661283505680584,0.028197547883363185,1,0.11685130868572337,0.0027623127132526916,0.8258267063549418,0.8992229423027314
nonlinear,23,0.1110717918065548,0.020174462546360756,0.11433464615574536,0.025848154118955573,0.00209778138044575,0.028197547883363185,1,0.0984756007958492,0.0015436472717728564,0.8188183972566475,0.896688711692402
threshold,0,0.027969339769123396,0.02347144912278631,0.037233823415995126,0.012810797378624686,0.00292531974625958,0.028197547883363185,0,0.0028079452254221615,0.001405268743891303,0.8785616485752319,0.8848941714572004
threshold,1,0.025396892883394546,0.02423120777528195,0.03553426962803989,0.01274617090842297,0.0037491543281272027,0.028197547883363185,0,0.008473596234693511,0.001313253782437776,0.8650514443640127,0.8732299153691777
threshold,2,0.027036589034987443,0.02197885121391256,0.03584185971669467,0.009979777280087039,0.0028271475562285497,0.028197547883363185,0,0.007820857789530249,0.0021348939270393664,0.849426226062747,0.8602827137277692
threshold,3,0.029492108408105764,0.024751931579299304,0.037914268961852,0.011715144112244578,0.003727225933338766,0.028197547883363185,1,0.004807312618092502,0.00428569271021132,0.8699565286812195,0.8774535027795017
threshold,4,0.03032362093613376,0.021765650021011693,0.03774346385826878,0.012970359831562965,0.003793378968080241,0.028197547883363185,1,0.007608337593415199,0.0017870510915849896,0.8809308672111675,0.8814533146758715
threshold,5,0.023044276846789197,0.022573068268415857,0.03157394923080012,0.011069026126041171,0.0034719346532529937,0.028197547883363185,0,0.009027985847676823,0.002675801819463126,0.8671183092503487,0.8762916769649678
threshold,6,0.026956106151503977,0.021115917774754342,0.03453355335683742,0.013786945074967076,0.0032306099851960508,0.028197547883363185,0,0.010684937553148133,0.0014719921342817568,0.8639039725848746,0.8719963342638216
threshold,7,0.02839949894132255,0.02116745098406496,0.035678378618362795,0.01269885680386658,0.0033757312241757846,0.028197547883363185,1,0.0051099948724017095,0.0030679545925601437,0.8937847188798077,0.9050766767282563
threshold,8,0.0314568547712485,0.020240167082231676,0.037681180999009384,0.014373442560143033,0.0026247942222688762,0.028197547883363185,1,0.009709784786366105,0.00525253635283914,0.8473095363445587,0.8530597555042844
threshold,9,0.026688238784695346,0.023087375991274358,0.03701713507555788,0.01234220243715497,0.002452649393234726,0.028197547883363185,0,0.003930899498328183,0.004816974949615813,0.853691395870747,0.8597721315106175
threshold,10,0.027096548898333513,0.022929699688301428,0.035774831680048254,0.01207470867819077,0.002998715134427043,0.028197547883363185,0,0.0055716297166726655,0.002373564274793492,0.8601503431144352,0.8667350353935508
threshold,11,0.024235768121828982,0.019802762713727034,0.031152417103056877,0.01071404044521165,0.002772960637309443,0.028197547883363185,0,0.008928922773212507,0.0027378813884777493,0.8660108200899531,0.8754309173545126
threshold,12,0.02828742607839382,0.020934435824640732,0.03585619504348609,0.013473465126625877,0.003134291048879133,0.028197547883363185,1,0.008978657634994345,0.003334522155150822,0.8750996380023838,0.8806484976420812
threshold,13,0.023760770283791647,0.023465478368039444,0.035837787283388094,0.010911071574881531,0.0032715304853932615,0.028197547883363185,0,0.007594215725800182,0.0015983733852670586,0.8468466681441472,0.858402372014693
threshold,14,0.027212331665697108,0.01928194255524646,0.034046029967527036,0.013905365855855306,0.0023475276060591125,0.028197547883363185,0,0.005689472798629908,0.0013432280190829537,0.8668846377107494,0.8735862813377008
threshold,15,0.027874500818910224,0.02479201183179326,0.038144737351746665,0.013273112790128666,0.0033473834298480016,0.028197547883363185,0,0.005061956298044647,0.0021922365984247605,0.8412510654760782,0.8498756306165351
threshold,16,0.024679696064243088,0.018328793297368515,0.030484469377348493,0.012130912469480018,0.0031132148663656546,0.028197547883363185,0,0.006885418138404722,0.002967505540312412,0.825480875385026,0.8292018617720056
threshold,17,0.026692981010728832,0.0255201056140225,0.03707577548202255,0.01280456775836904,0.003328798731173303,0.028197547883363185,0,0.011740840791983747,0.0038194788956613717,0.8530950282079532,0.8656809821520578
threshold,18,0.02611932033227359,0.02201991801342644,0.03486194265000432,0.011737843652739194,0.0024308123169458342,0.028197547883363185,0,0.011321860782378764,0.0059285478208618275,0.8697757663573003,0.8793631819104611
threshold,19,0.027712827429156355,0.01994322331470815,0.035396645973733966,0.013889919347141245,0.0029437202409451886,0.028197547883363185,0,0.012784586516097289,0.0029885852871529566,0.8987423887416937,0.9101317523489352
threshold,20,0.02906823888759153,0.022025932975723563,0.03622920948876689,0.013760956252742672,0.0034844903478654763,0.028197547883363185,1,0.005124740377540329,0.0022719359756074474,0.8451619888527285,0.8506572078840463
threshold,21,0.029119054702674792,0.0218405965298171,0.03847013618211556,0.012945736897732334,0.003061504632336114,0.028197547883363185,1,0.012024890064532041,0.0024539558145783968,0.8923139385436173,0.8952715733273443
threshold,22,0.023939669663356727,0.025861957805530373,0.036428058305180214,0.011563050901888175,0.0029954957717410052,0.028197547883363185,0,0.009721043783597371,0.0027631476131128965,0.8527556200454285,0.8588458887967526
threshold,23,0.024388154510237302,0.024029789343609866,0.03502663973479838,0.011322701641491855,0.003084907054687144,0.028197547883363185,0,0.005927811069514792,0.0022998766195291786,0.8874317126976062,0.8910342924922899
interaction,0,0.0983503108374209,0.02440441268807369,0.10168291796422427,0.007516324927074092,0.002862975825556291,0.028197547883363185,1,0.11263103209198624,0.003779921066720273,0.8358532389503303,0.9161192650306802
interaction,1,0.09141884445379672,0.021668871665414636,0.09341716460381257,0.005403800186720109,0.003000140437243326,0.028197547883363185,1,0.1039508512284291,0.0024684060755023303,0.8231013405780717,0.8901910911004394
interaction,2,0.08024977566901953,0.02104583561112448,0.08199392942199976,0.004738883427914532,0.002662145562189683,0.028197547883363185,1,0.09845366424249959,0.0052718476278539724,0.8641708875145905,0.9312722433569418
interaction,3,0.08575893734277767,0.02650162886368413,0.0895286442496605,0.006510938955576478,0.003571477563584299,0.028197547883363185,1,0.08962007803906967,0.003522255130377733,0.8443969783978688,0.9046256937806635
interaction,4,0.08649440984646045,0.021599532438939396,0.08825479416660194,0.006924818791084166,0.002122707300941074,0.028197547883363185,1,0.0907674749825127,0.003313586961117874,0.8121258928839054,0.8953145283474252
interaction,5,0.08953754760536967,0.021123000900329193,0.09175092744854163,0.004868369220161614,0.0010707798291898312,0.028197547883363185,1,0.0747157243470606,0.003120625168615332,0.8467589129534085,0.9205184352025981
interaction,6,0.09362952562213306,0.021863786779424153,0.09642450190087454,0.01101228895695568,0.0027127165056303553,0.028197547883363185,1,0.09275938392125252,0.002054170132599417,0.8374369335257525,0.912482122686343
interaction,7,0.08920111399021188,0.02269895915425411,0.09217446475433912,0.006787658626284464,0.0028308883761813397,0.028197547883363185,1,0.0967942844251928,0.0023078338072709675,0.8064526278706173,0.8803666984234353
interaction,8,0.09014916277493855,0.02660129494268145,0.09335444918513751,0.006243846511639195,0.002586089429435391,0.028197547883363185,1,0.09031019914007007,0.0038964469653367125,0.8158873327152175,0.9053261009609824
interaction,9,0.09410771474465209,0.022382641816896708,0.09572900794094166,0.00401892676814518,0.001656848301068306,0.028197547883363185,1,0.10270438659959111,0.002364639607578285,0.8388516760333099,0.9151842375232185
interaction,10,0.0887874014307955,0.023200741165693015,0.09172821397339485,0.003597506462632495,0.0033340310081377365,0.028197547883363185,1,0.08008431205148617,0.003696258102375137,0.8349742709802986,0.9146050441431431
interaction,11,0.08891864204087115,0.026723531968350544,0.09334699831408041,0.007926058774739824,0.0035686223549112905,0.028197547883363185,1,0.08645713928770112,0.0038140505250566737,0.8087270819635405,0.8896700747403741
interaction,12,0.09345146621177176,0.021996052129824164,0.09688690436782273,0.0050686756496373985,0.001995404767855415,0.028197547883363185,1,0.09324373980640797,0.001741983467979341,0.8187876605464006,0.8883498736621281
interaction,13,0.08768318104052684,0.024052880139651824,0.09060927753380249,0.00738285080023542,0.002228741250113298,0.028197547883363185,1,0.09060103724926799,0.004004107630584443,0.8260732366749272,0.8945185565156508
interaction,14,0.08345828675027943,0.021921205708081124,0.08627327328728315,0.005946896755538002,0.0030382034516185565,0.028197547883363185,1,0.09107119821981981,0.0024888143346137813,0.8264387309777445,0.8969173791828282
interaction,15,0.08748998615683404,0.02079203080513376,0.09012870215351379,0.003869579591612352,0.0014540793361203315,0.028197547883363185,1,0.09141997203954125,0.0027461298097844,0.8360803472840578,0.9116776340772782
interaction,16,0.07610645467689364,0.02342032379311985,0.07916799210731382,0.006153417691224935,0.00351337708909562,0.028197547883363185,1,0.09817569722973327,0.004097175677033793,0.8403922843894283,0.9079801439628379
interaction,17,0.08927761063148808,0.024349680633106312,0.09171740240742224,0.0061610280154513865,0.003050275299062687,0.028197547883363185,1,0.10660495856821148,0.0022510372058096957,0.8431049342544609,0.9131848222495076
interaction,18,0.08919707586442893,0.027455144046169198,0.09361601473880127,0.0052809136162973854,0.0012108548904956802,0.028197547883363185,1,0.09611425741615864,0.002552991009329695,0.829187168228196,0.9059293635822308
interaction,19,0.08754782499125767,0.021136779591099678,0.09101560814508249,0.005424212182479618,0.0021213028317899956,0.028197547883363185,1,0.09662898523938036,0.0038868127337744677,0.8465334117312993,0.9303386420587835
interaction,20,0.08436820060089817,0.028525608177093535,0.08927815244307694,0.005192101528159228,0.002369556625454217,0.028197547883363185,1,0.0994491577580681,0.0027854691635969403,0.8293928039043191,0.8922483701883248
interaction,21,0.0955153974279065,0.02111047137920655,0.09787050964518411,0.00530208945123636,0.0024806098611802243,0.028197547883363185,1,0.07545201280417858,0.004210696909559567,0.8185828440423244,0.9059261712972512
interaction,22,0.09150939185368764,0.02533422511181669,0.0942656608483072,0.005013732180166571,0.0036847152293163774,0.028197547883363185,1,0.08072959356321012,0.0035913722363865143,0.8232974755656104,0.9029039782803497
interaction,23,0.09493293369800253,0.024411526599119063,0.09768901591322952,0.005988535366000356,0.0027546332490032185,0.028197547883363185,1,0.09787365188952488,0.0028131063609126102,0.83499462703036,0.8919980756576635
heterogeneity,0,0.017348481379134903,0.027751683730852558,0.029733609080239545,0.003134871332933944,0.0022644592818924277,0.028197547883363185,0,0.06563589213424088,0.07188639964621313,0.9224308839566765,0.9190841968367831
heterogeneity,1,0.013818856831563867,0.026286119848597387,0.02850903297205703,0.002636448407562125,0.0017213686671413617,0.028197547883363185,0,0.07666995274750729,0.07378441941808649,0.9117283815497704,0.9128662373578155
heterogeneity,2,0.007958912218406925,0.023895649642886888,0.022982730740327598,0.0016199872354334254,0.003617453681375179,0.028197547883363185,0,0.07733355446972462,0.07895867463185603,0.8873022056150545,0.8875776311843592
heterogeneity,3,0.008856235361553493,0.02537293257108819,0.025860685283891682,0.00169142772943785,0.00402683421596189,0.028197547883363185,0,0.05039892804896591,0.05151431023632016,0.9089067193006553,0.9092705255208112
heterogeneity,4,0.015854789920245846,0.021281428817201572,0.024671111763628246,0.003229425276380997,0.002762114289060107,0.028197547883363185,0,0.07275340618972462,0.0732393931280818,0.9486990504692673,0.9426128540788338
heterogeneity,5,0.01550773652428147,0.025142479792147635,0.02847303064214104,0.003587526390750736,0.0021181777844725604,0.028197547883363185,0,0.07402256572958335,0.07921826119827481,0.9304022658680761,0.9242663878646745
heterogeneity,6,0.02260736373324429,0.018572207321061164,0.02978410515887303,0.00559855747275838,0.0015577181354524765,0.028197547883363185,0,0.049645402654040376,0.052455348205964675,0.9199689815788886,0.915168688616989
heterogeneity,7,0.013559202557373506,0.024501009672001237,0.025273331082394546,0.0036175451526654473,0.002168163424305063,0.028197547883363185,0,0.07819738858177902,0.07895175323333244,0.9464875678743437,0.9477974264114924
heterogeneity,8,0.023132021954136193,0.022396911404703432,0.031307074214663166,0.003184950802470771,0.0026606921835571704,0.028197547883363185,0,0.05746440414401357,0.0669752161587753,0.9782926207518117,0.9664501032029638
heterogeneity,9,0.013072982986206546,0.02517574942595156,0.025646322231525114,0.0033662141827462628,0.0015244899171617994,0.028197547883363185,0,0.06544977170617526,0.06344113203656061,0.9254493133712688,0.9202353666368538
heterogeneity,10,0.014703513725271206,0.024929413740875976,0.027540000151410674,0.0019106883798179824,0.0032160602155804512,0.028197547883363185,0,0.04021262301713171,0.04355725980238231,0.9104842662115321,0.9113713632572098
heterogeneity,11,0.0185675782987698,0.026227280625619152,0.029790696467172934,0.0014212965255376141,0.0024124629846585545,0.028197547883363185,0,0.06236133359427186,0.055443831175454275,0.9006650174558285,0.9007128837336028
heterogeneity,12,0.018691374447314366,0.026762514510412266,0.029859306996903076,0.002828960333538345,0.0037267876449272913,0.028197547883363185,0,0.0724757509384533,0.07316284259963292,0.9120501995646972,0.9121735863545118
heterogeneity,13,0.016318735381970585,0.017096433070822467,0.023237175095435887,0.003194991569091553,0.002068616398183713,0.028197547883363185,0,0.04956642809366156,0.05232146143875796,0.9195775729537328,0.9186488093448015
heterogeneity,14,0.018884268334220713,0.02239762303976594,0.026967310432840338,0.004505948431156131,0.002783352090263645,0.028197547883363185,0,0.05681754328497668,0.05930651966670163,0.8987449901854347,0.8971999508754879
heterogeneity,15,0.017208337883114377,0.02740593451909597,0.03083792106238547,0.0032521546607848432,0.002218315852634289,0.028197547883363185,0,0.06627802202345101,0.062096045689626775,0.9543060424049722,0.957672642471822
heterogeneity,16,0.015012644969578545,0.024191054164035688,0.02844655888665634,0.0025886282897971606,0.002262423996850964,0.028197547883363185,0,0.07616266580764239,0.07480133154435645,0.9008009613501784,0.8968539354343616
heterogeneity,17,0.017220823782189126,0.019914340027707315,0.02586611090076681,0.003558302925791271,0.0016763310811840513,0.028197547883363185,0,0.07685604616717297,0.07212517124713044,0.9411851745510622,0.9438152372207068
heterogeneity,18,0.02058605475239028,0.02654874215928532,0.03207683130593407,0.003349949391934953,0.0028463302987585875,0.028197547883363185,0,0.07332457980528263,0.07861569876249827,0.9473980559417968,0.9412938796932624
heterogeneity,19,0.021007222468793645,0.021158043341958158,0.028571683327261684,0.003471341008410922,0.0023108961074558543,0.028197547883363185,0,0.06686005269698043,0.0617190222211266,0.9336220917887993,0.9290570378382668
heterogeneity,20,0.01465781723680127,0.029930232769801057,0.03054558165049778,0.002487436204040445,0.0028654166575858364,0.028197547883363185,0,0.043734334609854104,0.03909229057341382,0.9344571480847638,0.9325488823971952
heterogeneity,21,0.010908277775398236,0.027586333559557887,0.028902544877243037,0.002939145064527178,0.0012683530672402223,0.028197547883363185,0,0.09219461562867774,0.08851400940813128,0.9241609260983822,0.9236619064563968
heterogeneity,22,0.00845496240585932,0.028977258164435638,0.028733595968330736,0.002025820828533609,0.002674932701535033,0.028197547883363185,0,0.09075806206057627,0.08448397082490453,0.9385193137991669,0.9362015256428697
heterogeneity,23,0.019661044743782115,0.024322573027519254,0.031218569858406726,0.0042082597628498525,0.0019096933916819467,0.028197547883363185,0,0.06454462652803239,0.05697829203891416,0.9797503814774411,0.9766221329725525
nonlinear_threshold,0,0.10859725299230125,0.026646042810225163,0.1108034189939852,0.028283554549366756,0.0020448129440433014,0.028197547883363185,1,0.1037216861880353,0.0014893895345916674,0.7726774180945182,0.8472965072379873
nonlinear_threshold,1,0.09750291707572749,0.02268382571596796,0.10059589409191091,0.030205860766028523,0.00301214116048894,0.028197547883363185,1,0.09888975997061192,0.00467736009665628,0.7969196020199152,0.8713934380284198
nonlinear_threshold,2,0.10819736001510354,0.024098217124056617,0.11083804037882086,0.02712127664356542,0.0027375056297925487,0.028197547883363185,1,0.09616609937879976,0.002846764304068872,0.7734369868224421,0.8665231398496291
nonlinear_threshold,3,0.08724373464919434,0.025881334512025473,0.09150125884298307,0.02836866350078448,0.0032623556851782243,0.028197547883363185,1,0.07674047850369266,0.0033704005885197928,0.7853647783865773,0.8621868905629902
nonlinear_threshold,4,0.09563707047085183,0.02231867196639675,0.09982649252397179,0.029073863233162165,0.002702371000370382,0.028197547883363185,1,0.08774509777052067,0.00218629660264368,0.7535437393264033,0.8455163830877258
nonlinear_threshold,5,0.10835796115864478,0.019149248853774337,0.11044751378747159,0.0321682539794102,0.0025992749782428417,0.028197547883363185,1,0.08885909356691629,0.0018039429256725373,0.7691271696755844,0.890807766283923
nonlinear_threshold,6,0.10223894498391,0.026324335193558996,0.10743565960311113,0.028370079597347417,0.0037365625886062906,0.028197547883363185,1,0.09459891125215855,0.0020592751282666774,0.7904138569820741,0.8757698461045732
nonlinear_threshold,7,0.10068868838858032,0.02417476460409973,0.10462650556237753,0.03156588716567059,0.003026084205023608,0.028197547883363185,1,0.10991161816053747,0.001964847491175251,0.7470536390372575,0.8706282775242914
nonlinear_threshold,8,0.09965118164712512,0.027973910342478196,0.10555533759629525,0.029301341680132622,0.0026378636393309305,0.028197547883363185,1,0.08258951173040922,0.002382092397844061,0.7850146635178473,0.8534148800539938
nonlinear_threshold,9,0.10339194996306239,0.02487457298474077,0.10707021219934378,0.029225161448579635,0.0038859474241230924,0.028197547883363185,1,0.10259330919053193,0.0012124450754456293,0.8020056167868392,0.8631619559729279
nonlinear_threshold,10,0.10625102308266378,0.022670387862141313,0.10926875280558562,0.0308167707196505,0.0030855707618360827,0.028197547883363185,1,0.10405991533872103,0.002541768758876366,0.7610502695285255,0.8692075771524983
nonlinear_threshold,11,0.11057346085875494,0.021037322597048227,0.11360276187685028,0.031886693327036524,0.003113943870989291,0.028197547883363185,1,0.09527113436316541,0.0033305239100205543,0.7685227985107304,0.8572303924814281
nonlinear_threshold,12,0.10511715092368362,0.0253662793038695,0.10910855765599428,0.029996851319016565,0.0031413701388152394,0.028197547883363185,1,0.07731553656729116,0.003830734616785405,0.7821921068047123,0.8620697593520515
nonlinear_threshold,13,0.10526343638735089,0.026725533175325954,0.11072238813127552,0.029076721891395547,0.0036505887243607035,0.028197547883363185,1,0.10139528954474511,0.0025560801454269175,0.8186401176620213,0.9156793152083451
nonlinear_threshold,14,0.10529393665432232,0.02290732238052198,0.10891257210430089,0.029667390026898458,0.002666089602370732,0.028197547883363185,1,0.09979757848157927,0.0032504913106328106,0.7605456224839774,0.8488835106390467
nonlinear_threshold,15,0.10822912182147561,0.024132712154739274,0.11113997844101108,0.031939843319622845,0.0031800663570225886,0.028197547883363185,1,0.09787686313513608,0.0008310239351025513,0.7707460826384571,0.8759553101385289
nonlinear_threshold,16,0.09929630788693147,0.02336723315870105,0.10343580993040725,0.030397444614725638,0.0037126470928832652,0.028197547883363185,1,0.06673943943655217,0.004788006079101815,0.8344445661042977,0.8993741676578677
nonlinear_threshold,17,0.11053410023076395,0.02267769241654006,0.11443630821769009,0.031007218869411404,0.0029156389520079767,0.028197547883363185,1,0.09530415435020902,0.0027338153450999336,0.7466273612388022,0.8367780264225001
nonlinear_threshold,18,0.10651517969780445,0.02353999155430968,0.11231724591157925,0.03178264325666511,0.003161159554779811,0.028197547883363185,1,0.077856107652673,0.001977365171895034,0.7621422407514901,0.8530790125521711
nonlinear_threshold,19,0.10167089369816955,0.021288366190659117,0.1047999780567026,0.029877526616683317,0.002347881978849543,0.028197547883363185,1,0.0998706052368979,0.003229818582452302,0.7826720506144658,0.8854781768863762
nonlinear_threshold,20,0.10503494560161845,0.02566776542959924,0.1108131946096596,0.02985692706952381,0.0027662569784268256,0.028197547883363185,1,0.08881386722255523,0.00035550381968860927,0.7100278755384264,0.8211051154721642
nonlinear_threshold,21,0.10350399501519851,0.020428889520241696,0.10627946182064237,0.030713075548110043,0.0028794437727840036,0.028197547883363185,1,0.09792713978388076,0.0019651721693299175,0.7960947574936393,0.8882739149998587
nonlinear_threshold,22,0.10337298415486501,0.0237121506581701,0.10743866379227783,0.030260626537760776,0.0027791832395458065,0.028197547883363185,1,0.127021271805202,0.002208472567674448,0.8124823530202926,0.8891938712052888
nonlinear_threshold,23,0.10202274752539547,0.02409303965183901,0.10521744756328383,0.030461229103114287,0.0034812238975618012,0.028197547883363185,1,0.11292892294743682,0.0014026211404148425,0.7202801748660728,0.8316182147802531
nonlinear_interaction,0,0.1427731426092067,0.024216469126166856,0.14442336552209764,0.026746997282074563,0.0032771619017298477,0.028197547883363185,1,0.18595332621505098,0.00448821617361199,0.73918212161379,0.8837700443912934
nonlinear_interaction,1,0.13025230032297985,0.025023620376461726,0.13249931740493837,0.022550904571890726,0.0020513564620593663,0.028197547883363185,1,0.20305633518408042,0.004613555193688413,0.7452576168495536,0.8992111914838757
nonlinear_interaction,2,0.12880807942907532,0.016551719821201162,0.12985403982079702,0.024810751647035074,0.0028867287275436936,0.028197547883363185,1,0.15823648734561402,0.0023079178298540974,0.7438324610856503,0.8712670241253685
nonlinear_interaction,3,0.13228276779758524,0.01904520666347524,0.13363505827505023,0.027443127130937547,0.0029995479868186858,0.028197547883363185,1,0.18700342976630327,0.005557983495364108,0.7524587968137142,0.8957302030833731
nonlinear_interaction,4,0.13987583785539934,0.021192834553840696,0.14121267342018382,0.0257862622293939,0.0030122786416502153,0.028197547883363185,1,0.17684686452576942,0.0018522434813875396,0.7632441650907131,0.8995275395352113
nonlinear_interaction,5,0.12765227664593462,0.026230791306495915,0.12903125022885129,0.025343942253306592,0.003519053432949681,0.028197547883363185,1,0.16174805829184258,0.0016902606434277708,0.7507078908558907,0.9021255765456913
nonlinear_interaction,6,0.13506292315981602,0.02106977305059789,0.13534675242501548,0.024535554183767547,0.0026197081622127004,0.028197547883363185,1,0.14717031247979667,0.00355309515027257,0.7332439714331656,0.8745018025316053
nonlinear_interaction,7,0.1382261750378468,0.014807585957387086,0.13843636458479439,0.028472365477754495,0.001970437656022811,0.028197547883363185,1,0.14775386674910548,0.0012144153052471855,0.7440680586073433,0.8681830218854584
nonlinear_interaction,8,0.1300518003980119,0.019640884111375174,0.1310022485062866,0.02288425384396964,0.002638451282062277,0.028197547883363185,1,0.17759870244526912,0.002495984131218654,0.7326577122579355,0.8734377125339545
nonlinear_interaction,9,0.12880854515054524,0.028553133208411532,0.13260552012530472,0.021950628095085255,0.002138713750237912,0.028197547883363185,1,0.18003394426893282,0.0018923970653884946,0.7254179918058045,0.9005210340316736
nonlinear_interaction,10,0.12887542548799613,0.0224376571077659,0.13274200062554423,0.020858169417404423,0.002310208712769897,0.028197547883363185,1,0.15584706575231563,0.0014260042512021962,0.7608832370698798,0.9321361371039643
nonlinear_interaction,11,0.13290049917266658,0.027036240660837034,0.1361198165821113,0.02232190828759698,0.0020468508527966053,0.028197547883363185,1,0.18426245845710207,0.0018236131975199617,0.7568441921154906,0.8967784357026242
nonlinear_interaction,12,0.1352322249090331,0.023284688586921183,0.1378812009272688,0.026553569991332484,0.0027285317414841408,0.028197547883363185,1,0.23056154923341873,0.00582089803103431,0.7494702482853318,0.932816385380634
nonlinear_interaction,13,0.13543275585592632,0.018756672884884123,0.1354470503037244,0.025227909329742854,0.003113860257023961,0.028197547883363185,1,0.175621202820876,0.0015049753750270988,0.7497263061140645,0.8803433495877987
nonlinear_interaction,14,0.12499981607803685,0.02230961867502567,0.1269063429079875,0.024244545911489494,0.002291608947464257,0.028197547883363185,1,0.16848819236288953,0.0007448775009614938,0.7260070671394776,0.8792833940251743
nonlinear_interaction,15,0.12904307254484582,0.01937253348869545,0.13054858244156364,0.021682917899172417,0.0024838823626539396,0.028197547883363185,1,0.18548266669104999,0.002214095549096547,0.748512224057441,0.9094295004582325
nonlinear_interaction,16,0.1263595247468044,0.024916935725363097,0.12912277256231156,0.019084048008580087,0.0038361996395670536,0.028197547883363185,1,0.18739119815854016,0.0025251929820402086,0.7625615366550765,0.8853329737210598
nonlinear_interaction,17,0.13696015271809328,0.02237412301120746,0.14017110068383992,0.025266055397328933,0.0026661159791078032,0.028197547883363185,1,0.23510808436773784,0.002785164904974859,0.7407901717930675,0.8993525265757817
nonlinear_interaction,18,0.13149100970483746,0.02224708954187604,0.13409810103439396,0.023275379238325997,0.0034049755055339834,0.028197547883363185,1,0.16866425879285182,0.0017978582717656589,0.7346968006062166,0.9098196960348995
nonlinear_interaction,19,0.12958845317108236,0.026705365411588175,0.13230351163700182,0.02315347654003332,0.002391228784186994,0.028197547883363185,1,0.200016495809548,0.0011066481778796598,0.7623928384476264,0.913379122506353
nonlinear_interaction,20,0.1379542886593653,0.0226838936212641,0.1399312026241883,0.027988944650683634,0.0022197942502084943,0.028197547883363185,1,0.20378427391496753,0.00236521987178069,0.7442519183242566,0.9008551400828274
nonlinear_interaction,21,0.1370573565707207,0.01846178085908923,0.1373144116722352,0.023196634873198813,0.0029244268987302685,0.028197547883363185,1,0.2056111495062641,0.002483391198995276,0.7444976450042874,0.9280968510031926
nonlinear_interaction,22,0.1318966468716768,0.01959313337505742,0.13255600022174066,0.020999228458290484,0.0025536976975464526,0.028197547883363185,1,0.16572603028780827,0.0038933352090637892,0.7298347150856043,0.8621284898599131
nonlinear_interaction,23,0.12767247019594777,0.02054392606681904,0.12858936659001563,0.020903509275720947,0.0027536791541087203,0.028197547883363185,1,0.20453393707927245,0.0016336692386135943,0.732314978887653,0.8923197937382135
combined,0,0.1237393073773903,0.017198851224025348,0.12410549227207504,0.023619326859838693,0.0024853747355239163,0.028197547883363185,1,0.20286909880560525,0.02917118919610251,0.7174493257174522,0.8379911883098946
combined,1,0.12337144356666599,0.025478834705638442,0.12627617127572208,0.027810803172665002,0.00390180455788962,0.028197547883363185,1,0.1974476781480379,0.03497063561672584,0.7399187572273003,0.8932088635031978
combined,2,0.13393797455946302,0.018747272597285595,0.13533084915357166,0.0282590174514864,0.0022384469424551654,0.028197547883363185,1,0.20524780234989087,0.03520268939015352,0.7282337014980091,0.8976454622894359
combined,3,0.12712610545248773,0.021292436029195276,0.12954362982285855,0.02784417122886881,0.002986104906032187,0.028197547883363185,1,0.22201024705041128,0.042311248426993915,0.7495318512739736,0.8791405008322227
combined,4,0.1346086530760457,0.02098104640504123,0.13559588297797048,0.026217884828938696,0.0020999633429088383,0.028197547883363185,1,0.21637268893088865,0.030865191634114934,0.7439030295565999,0.8944362391452116
combined,5,0.12449799788171073,0.02045632568252294,0.12487049033673532,0.02709418494126282,0.002732555007487343,0.028197547883363185,1,0.1762855172845624,0.03717850904942707,0.7456564374730964,0.8841220374293182
combined,6,0.13280779331975817,0.02041543431237532,0.13436425836528426,0.02704816530661062,0.002385277357993083,0.028197547883363185,1,0.2399401008531098,0.03268555548192302,0.7425658000936023,0.8907224528462779
combined,7,0.1316665115775627,0.022599119428958866,0.13304345822032898,0.025342068876009236,0.0033205495812548167,0.028197547883363185,1,0.18004758627033807,0.03467773871490552,0.722363593437361,0.8741778726743203
combined,8,0.1264855951791523,0.021180858159196063,0.12895291185251342,0.023433939166245962,0.002844627101635683,0.028197547883363185,1,0.25491189632029804,0.027694531654017775,0.7693541624877317,0.9387609536018596
combined,9,0.12002537742237673,0.02300149632005082,0.1206465142539681,0.024782117141012028,0.002678440272921334,0.028197547883363185,1,0.21255211665602233,0.035538632982604776,0.7262147217595076,0.8899535619427053
combined,10,0.12980556956038705,0.020507927985021115,0.1308289663074861,0.02829571313404013,0.0028887448862078306,0.028197547883363185,1,0.1768226116084205,0.03468861080705654,0.7261231130785627,0.874504980703723
combined,11,0.11645918670783867,0.021059222435163075,0.11713446433470762,0.023766801677928405,0.0033915670057563124,0.028197547883363185,1,0.21298100836921569,0.034573065027707565,0.7226117568855724,0.8564001131621317
combined,12,0.12200234858426191,0.02155228562209529,0.12423913940446678,0.026399047675264072,0.0034796310663796418,0.028197547883363185,1,0.22613789759925526,0.032948830850456266,0.7481165860677663,0.887009619268134
combined,13,0.12498184498278969,0.02451987040370587,0.1277721924532393,0.023384145293871998,0.002679114519015669,0.028197547883363185,1,0.21855305772116462,0.04888368960123364,0.6804167389733915,0.8431609616520501
combined,14,0.12042184261041017,0.021834064585881663,0.12149790645423993,0.025668562948100736,0.003377863306274826,0.028197547883363185,1,0.18350884275141907,0.032010986982216556,0.758841790035262,0.8661982288387476
combined,15,0.12275181324702815,0.019433452246507135,0.12479643162048676,0.027199518749630728,0.002206033209171554,0.028197547883363185,1,0.19712965693225146,0.02900113933764432,0.718015027286834,0.8513202503223511
combined,16,0.12453130730121062,0.018421517665987968,0.12584074047318392,0.024652719778345693,0.0026985293711150717,0.028197547883363185,1,0.1735714223977302,0.03874763468865762,0.7818249667511972,0.9187386470384922
combined,17,0.12422246217047106,0.022808612317247217,0.1251347782829343,0.0247996957379352,0.0032621316912799896,0.028197547883363185,1,0.23132535073912178,0.03362677730889141,0.7452580709702084,0.896612352667823
combined,18,0.1301520655559071,0.024452206630398998,0.13356305151795833,0.0239220279569869,0.0025106240629672308,0.028197547883363185,1,0.21186712862769747,0.03568458761412914,0.7324197921855159,0.8977135093318112
combined,19,0.12500133035411462,0.022206813877687748,0.12555177962809522,0.025335317609367546,0.0020131902260515718,0.028197547883363185,1,0.15651176030112685,0.03251977823601368,0.7390683768327108,0.8905963278447765
combined,20,0.12624750317001987,0.020751151698332762,0.12918936919293605,0.027318056925953207,0.002875675549717082,0.028197547883363185,1,0.21908464807578806,0.04724658910377557,0.7629045408355192,0.9148398665461869
combined,21,0.12758383647247312,0.022324731244339355,0.12952685037931227,0.028384227576908554,0.002452705944807052,0.028197547883363185,1,0.22350403056667426,0.030162991408970788,0.7599826752065371,0.8792098684071591
combined,22,0.12420634861327022,0.020813131013742815,0.12623078820148048,0.02602130854281147,0.003474090969712593,0.028197547883363185,1,0.19457002432898846,0.036637450455860865,0.7712937203249868,0.8991622300660199
combined,23,0.12111952674415427,0.019959592524811727,0.12310757193045735,0.026124590653041804,0.002362634886004037,0.028197547883363185,1,0.19906819772732168,0.03158226943835847,0.7707058657764433,0.8958191793364407
