condition,rep,n,tasks,epsilon,delta,best_loss,admissible_count,admissible_models,policy_radius,true_policy_effect,forced_policy_error,interval_covers
additive,0,400,12,0.01,0.75,0.9041178434825057,8,base+quality_sq+price_sq+price_hinge+quality_support+evidence_digital+price_income+all,0.012052679909928393,-0.07129785755663778,0.006232376674340054,1
additive,1,400,12,0.01,0.75,0.91406144465565,8,base+quality_sq+price_sq+price_hinge+quality_support+evidence_digital+price_income+all,0.0077032302064788186,-0.07059376464577224,0.006515314679782502,0
additive,2,400,12,0.01,0.75,0.8973734504828251,8,base+quality_sq+price_sq+price_hinge+quality_support+evidence_digital+price_income+all,0.01026183418364629,-0.07001623154605588,0.0055790917618561975,1
nonlinear,0,400,12,0.01,0.75,0.8013069791874735,2,quality_sq+all,0.02504102594180356,-0.11458281334975243,0.0011919905382069274,1
nonlinear,1,400,12,0.01,0.75,0.7596884718975815,1,all,0.0,-0.11642971596757345,0.0026948179349625956,0
nonlinear,2,400,12,0.01,0.75,0.8336661522723064,2,quality_sq+all,0.02395901906386229,-0.11866286245988322,0.001851248970355615,0
threshold,0,400,12,0.01,0.75,0.8443367507900486,8,base+quality_sq+price_sq+price_hinge+quality_support+evidence_digital+price_income+all,0.02329844315647822,-0.10667951265359507,0.0008574319053847174,1
threshold,1,400,12,0.01,0.75,0.8558835761543381,8,base+quality_sq+price_sq+price_hinge+quality_support+evidence_digital+price_income+all,0.02406061223826446,-0.10470890293298618,0.0028688821248712415,1
threshold,2,400,12,0.01,0.75,0.8845015368754426,8,base+quality_sq+price_sq+price_hinge+quality_support+evidence_digital+price_income+all,0.02324403219631918,-0.10699322836113545,0.016489196512851897,0
interaction,0,400,12,0.01,0.75,0.8493955987756301,1,all,0.0,-0.06520206912514767,0.006884682794220914,0
interaction,1,400,12,0.01,0.75,0.838389504961573,1,all,0.0,-0.06229886929842826,0.001449538719134405,0
interaction,2,400,12,0.01,0.75,0.8327623380687087,2,quality_support+all,0.008109108110711735,-0.06180056896968453,0.001976027590599727,1
nonlinear_threshold,0,400,12,0.01,0.75,0.782400344124422,2,quality_sq+all,0.03537647403009743,-0.1447628801451984,0.001264049720506949,0
nonlinear_threshold,1,400,12,0.01,0.75,0.7733917215379671,2,quality_sq+all,0.03753451417762736,-0.14170026048360673,0.0005005013957470883,0
nonlinear_threshold,2,400,12,0.01,0.75,0.7745423062076119,2,quality_sq+all,0.033409100077150825,-0.13355283675871804,0.0035762178838183722,0
nonlinear_interaction,0,400,12,0.01,0.75,0.7701774353541215,1,all,0.0,-0.112141883355459,0.002258523169729701,0
nonlinear_interaction,1,400,12,0.01,0.75,0.7116433628630272,1,all,0.0,-0.10872157329760851,0.0019258578862676734,0
nonlinear_interaction,2,400,12,0.01,0.75,0.7266781874812878,1,all,0.0,-0.11418390085729832,0.002578186436287988,0
