condition,replication,path_structured_l1,path_expanded_l1,path_base_expanded_l1,path_structured_share_l1,path_expanded_share_l1,cluster_score,threshold_policy_path,threshold_cluster_score,policy_signal,heterogeneity_signal,action,reason,target_action,test_accuracy,test_logloss,test_brier,test_share_rmse,test_decision_regret
additive,0,0.017764461384072727,0.025575262845492275,0.031196917186375368,0.005310255866754284,0.0025083227063219925,1.1159758136145812,0.02493421771611249,1.441125962449879,0,0,base,no_signal,base,0.5552083333333333,0.9379306562403771,0.563013863121046,0.011110221386508018,0.005172921859688231
additive,1,0.012469548491494897,0.025826892700981267,0.027018783528233066,0.0037244975060074753,0.0027578073594713734,0.9234270719522419,0.02493421771611249,1.441125962449879,0,0,base,no_signal,base,0.5572916666666666,0.9128489965755027,0.5528635020978659,0.015809060622854695,0.005233101582955897
additive,2,0.013884937414685435,0.019289133422891253,0.02294839178970287,0.004243447098002148,0.002093373785212592,0.7823721263331083,0.02493421771611249,1.441125962449879,0,0,base,no_signal,base,0.534375,0.9419597879217516,0.5677014125713563,0.012391366487488396,0.003798992909298195
additive,3,0.020716785142356482,0.025287426038774912,0.032501381874342844,0.0032786655439285967,0.0012583632936746915,0.8299120495066177,0.02493421771611249,1.441125962449879,0,0,base,no_signal,base,0.5520833333333334,0.9188444929253662,0.5543275165980149,0.014929749253475993,0.004831315043727014
additive,4,0.0185280017408169,0.029137648371357898,0.03462730068051891,0.005179967371285375,0.003444935732077703,1.0070147498736615,0.02493421771611249,1.441125962449879,0,0,base,no_signal,base,0.5708333333333333,0.9056772582407685,0.544534202489093,0.0037124582242716057,0.0036390181891144515
additive,5,0.018270047998067553,0.0249779339002253,0.029227134283797997,0.0029886768031598767,0.0027630317615612316,1.0527429783144486,0.02493421771611249,1.441125962449879,0,0,base,no_signal,base,0.55625,0.9119315542068683,0.5474020063422226,0.020856847613508624,0.0065016877004945624
additive,6,0.014224915566739302,0.025621593025667997,0.028786814822031333,0.0041491134268696675,0.003142267297745703,1.0406800048913123,0.02493421771611249,1.441125962449879,0,0,base,no_signal,base,0.5458333333333333,0.9288526050132632,0.5630773041997127,0.014836143965658867,0.010266514981563998
additive,7,0.01301030032017489,0.029034412390441924,0.030805200426371398,0.004279467751980993,0.004203727728841525,1.0211620178464573,0.02493421771611249,1.441125962449879,0,0,base,no_signal,base,0.5447916666666667,0.930688189216637,0.5613954333403209,0.024477734814379214,0.004205969741077739
additive,8,0.013492815045210035,0.028274434997060498,0.030810489555065594,0.0031061506606997187,0.004298462573885917,0.7603378087947992,0.02493421771611249,1.441125962449879,0,0,base,no_signal,base,0.5385416666666667,0.9448266629454417,0.571275118881491,0.020782122277241064,0.0069137039918746295
additive,9,0.014731621424841388,0.028625217327281214,0.03004618775961417,0.005118489414247338,0.0026432295115240132,1.0877427658560563,0.02493421771611249,1.441125962449879,0,0,base,no_signal,base,0.553125,0.9093620421794273,0.5466760878307504,0.0061096298534759905,0.003177637519645668
additive,10,0.016596804781227947,0.022222380882820567,0.028005442519529116,0.004799900810443674,0.003559026516243398,0.9141784372962191,0.02493421771611249,1.441125962449879,0,0,base,no_signal,base,0.5604166666666667,0.9094950310460864,0.5480513336737861,0.01372181371316673,0.008244461858051878
additive,11,0.016897368817139016,0.025587090490407246,0.029533420452296552,0.006134690761182695,0.0033257697692126043,0.8736520025777039,0.02493421771611249,1.441125962449879,0,0,base,no_signal,base,0.565625,0.9049205938403729,0.547563615017544,0.023787493557535757,0.0036392617187328545
additive,12,0.017234073168416603,0.02493106468211022,0.03050007097161098,0.005000597873744328,0.0030486790577423013,0.9916497661515892,0.02493421771611249,1.441125962449879,0,0,base,no_signal,base,0.546875,0.9196714996077452,0.5547197969845747,0.00955333248483897,0.004798430784493446
additive,13,0.022566566958364336,0.02490337447617735,0.03177784301740739,0.005518586424871663,0.002355461692077206,0.9154112020114591,0.02493421771611249,1.441125962449879,0,0,base,no_signal,base,0.5604166666666667,0.9088705708558468,0.5488329874512456,0.013221028735849436,0.0021995478996973596
additive,14,0.014612695620879218,0.02464688788926781,0.028442455029499922,0.004189678076395375,0.002830776790905898,0.8440564725927355,0.02493421771611249,1.441125962449879,0,0,base,no_signal,base,0.5489583333333333,0.9124986983752285,0.5491629085432895,0.019387901138057943,0.012008962837602827
additive,15,0.02219817644397945,0.016975229747050968,0.02741101934789699,0.005475747538158629,0.0021619664617863552,1.2916024408061721,0.02493421771611249,1.441125962449879,0,0,base,no_signal,base,0.559375,0.93165373025596,0.5606094335184685,0.010386421928923327,0.0051958806991139845
additive,16,0.021641995520363545,0.022538136395825487,0.032640879811434896,0.0064612928174594755,0.0021864239790116272,0.936415570193662,0.02493421771611249,1.441125962449879,0,0,base,no_signal,base,0.5833333333333334,0.8918013119742056,0.534987055617209,0.007985225206413841,0.0043981881194634235
additive,17,0.01791837368647202,0.021018521799377632,0.029417384942884015,0.005879414123193055,0.001711396572573656,0.9054909281333625,0.02493421771611249,1.441125962449879,0,0,base,no_signal,base,0.5510416666666667,0.9081530087201953,0.5468376073092877,0.012594483507995144,0.0037377911672776165
additive,18,0.016537553567253352,0.02183990219054706,0.02732923546905215,0.00571991391629462,0.003261835615116897,0.89229153797403,0.02493421771611249,1.441125962449879,0,0,base,no_signal,base,0.5822916666666667,0.8911477914922081,0.5345042433248408,0.0022955366195201873,0.0020734054843068537
additive,19,0.021437534820987942,0.022497684251616537,0.029137090934479724,0.005492036525786345,0.002894208473632331,1.0272308695951298,0.02493421771611249,1.441125962449879,0,0,base,no_signal,base,0.5604166666666667,0.8992444612965937,0.5427282694462651,0.011200507426215402,0.003418984751283264
additive,20,0.013442050157127159,0.024283611008965336,0.02612580603624505,0.004218785191215812,0.002710662814195965,0.5968993544532408,0.02493421771611249,1.441125962449879,0,0,base,no_signal,base,0.5520833333333334,0.915847864073387,0.5515714465692625,0.002870828214644938,0.005413800261693552
additive,21,0.014625674176050402,0.025572985432846043,0.026674241957438036,0.003130464007943901,0.001990679899343754,0.7181815359845414,0.02493421771611249,1.441125962449879,0,0,base,no_signal,base,0.5520833333333334,0.9313795077555598,0.5604242284204847,0.021213989063199733,0.0036573190788850973
additive,22,0.01999123239529106,0.025355628865079687,0.030659017733070133,0.004641257857405992,0.0022092796773987393,1.4082855696228702,0.02493421771611249,1.441125962449879,0,0,base,no_signal,base,0.5552083333333333,0.926749724612133,0.5602514310882452,0.028896073594961005,0.0032476580564198207
additive,23,0.023124553969598324,0.024906751861046173,0.033484809274541644,0.0043597855894343795,0.002941280838819941,1.0390922312845454,0.02493421771611249,1.441125962449879,0,0,base,no_signal,base,0.5322916666666667,0.9314661243279773,0.5625243165359827,0.01054420632337517,0.003907679671191764
nonlinear,0,0.10190987517434795,0.022567130230708523,0.10470536805489347,0.025744183446542772,0.002914276448848273,1.0432592061556185,0.02493421771611249,1.441125962449879,1,0,observed_structure,policy_path,observed_structure,0.6114583333333333,0.7897466591925222,0.4802917024004024,0.017774393624538976,0.004209870744118212
nonlinear,1,0.1048044372831256,0.02254023746411528,0.10662090334992116,0.022555961760780896,0.0023432375785793786,0.9633613871044793,0.02493421771611249,1.441125962449879,1,0,observed_structure,policy_path,observed_structure,0.6104166666666667,0.8275455703555349,0.4957727547697253,0.019454091002542962,0.002401404518169198
nonlinear,2,0.10210155223975877,0.023805987353560154,0.1050592196569295,0.02650764031220222,0.003826506918948057,0.9785458122432957,0.02493421771611249,1.441125962449879,1,0,observed_structure,policy_path,observed_structure,0.6177083333333333,0.8204743335178395,0.4908111229179833,0.03035452083256692,0.0023306733783533414
nonlinear,3,0.10275962020271866,0.022220813254026417,0.10452375386916603,0.02659810113690373,0.002723622897082966,1.2086010297902907,0.02493421771611249,1.441125962449879,1,0,observed_structure,policy_path,observed_structure,0.6260416666666667,0.7968642075749164,0.4770761069963675,0.003825601445797143,0.0018520562660520417
nonlinear,4,0.1037465435159091,0.022694009804637018,0.10650501129892748,0.024427760825156145,0.003107166260282328,0.8986563164286449,0.02493421771611249,1.441125962449879,1,0,observed_structure,policy_path,observed_structure,0.61875,0.8196959383888035,0.4915676967407684,0.012907835557083787,0.003059285822701708
nonlinear,5,0.10397300399589464,0.023723000775712974,0.10823187731347428,0.022691378459312562,0.002410990347255299,1.1282557553105825,0.02493421771611249,1.441125962449879,1,0,observed_structure,policy_path,observed_structure,0.6427083333333333,0.8020489302106744,0.4779752663079747,0.006414094176927807,0.0010803972581089605
nonlinear,6,0.09930252423911062,0.020708739355949902,0.10144314321112163,0.02549317502273206,0.002743008757089517,1.2992036670671472,0.02493421771611249,1.441125962449879,1,0,observed_structure,policy_path,observed_structure,0.621875,0.807313095715153,0.4821672205370198,0.00774133160622259,0.0010779601513597854
nonlinear,7,0.10279601417441736,0.02438603309356498,0.10477358142637691,0.024521130096601625,0.003307850091922863,1.4113722886083415,0.02493421771611249,1.441125962449879,1,0,observed_structure,policy_path,observed_structure,0.6375,0.7971981795409211,0.4787430321684919,0.01822717617753789,0.0023818385361050855
nonlinear,8,0.10073520840554531,0.020000346597302567,0.10271035510192486,0.02428950227275932,0.0022872074432080474,0.8770669813350896,0.02493421771611249,1.441125962449879,1,0,observed_structure,policy_path,observed_structure,0.6677083333333333,0.770083812000603,0.4540945704568544,0.02388837240193156,0.0024933845371526635
nonlinear,9,0.10726273099607002,0.025816416153427894,0.11060109967664121,0.026794633461140593,0.0048705599561055905,0.9951921677683879,0.02493421771611249,1.441125962449879,1,0,observed_structure,policy_path,observed_structure,0.6395833333333333,0.7988224970148524,0.47810859013454843,0.01656720700537571,0.0021734043309688334
nonlinear,10,0.09665837476510573,0.024832746073401798,0.10112344266025301,0.025338696196074664,0.003527442670287812,1.0712603105757168,0.02493421771611249,1.441125962449879,1,0,observed_structure,policy_path,observed_structure,0.6177083333333333,0.8502115676127365,0.5123515562981821,0.011718056099462993,0.003497396215381021
nonlinear,11,0.10952250100383694,0.022178780160788905,0.11367716011310566,0.02861263422755351,0.0030794086091884085,0.828497267969848,0.02493421771611249,1.441125962449879,1,0,observed_structure,policy_path,observed_structure,0.6260416666666667,0.7934953916597701,0.4821672942661776,0.00761866659078667,0.0037697321092746614
nonlinear,12,0.10392164312928284,0.02607017444949962,0.10813617146258228,0.025097231768658718,0.0025588603761829472,1.0167858463943154,0.02493421771611249,1.441125962449879,1,0,observed_structure,policy_path,observed_structure,0.6125,0.809432636235919,0.4842523512109746,0.004150601033174223,0.000789505286407705
nonlinear,13,0.1057988740345531,0.01966868805398849,0.10852874100849363,0.02496834889565671,0.0033895783937916814,0.9820854764991171,0.02493421771611249,1.441125962449879,1,0,observed_structure,policy_path,observed_structure,0.6458333333333334,0.8125571048335439,0.4775579795730466,0.01506071180814357,0.0025733322472215295
nonlinear,14,0.1005391392084307,0.020298201595790513,0.10288570771518543,0.022090391155899985,0.002651701558107131,0.9175496332264286,0.02493421771611249,1.441125962449879,1,0,observed_structure,policy_path,observed_structure,0.6489583333333333,0.7942082461663166,0.46623099177875,0.003940227289019993,0.0032572227152185404
nonlinear,15,0.10518491885307953,0.0222708079665669,0.10721654531917629,0.027589933340182612,0.002816603957809584,0.9109615139624635,0.02493421771611249,1.441125962449879,1,0,observed_structure,policy_path,observed_structure,0.59375,0.8189855297051075,0.49561888892821127,0.02672948913733817,0.004068867391695732
nonlinear,16,0.09499350391616417,0.021389969049367366,0.09901816249986092,0.024595859290789727,0.002916620380194903,1.0481334163740406,0.02493421771611249,1.441125962449879,1,0,observed_structure,policy_path,observed_structure,0.6385416666666667,0.7977346019136361,0.47660026397515115,0.010103774574591507,0.0047414190193845
nonlinear,17,0.11668721906036586,0.02038903672174924,0.11827732492768786,0.031774112896834815,0.002177770248379757,0.9130338849602411,0.02493421771611249,1.441125962449879,1,0,observed_structure,policy_path,observed_structure,0.6,0.8283446469418726,0.5040842955634812,0.010924260095503565,0.002786112294568364
nonlinear,18,0.1057527539457475,0.021526589901855887,0.10954267368485475,0.022651558727173705,0.002485255787406686,1.1127188415451543,0.02493421771611249,1.441125962449879,1,0,observed_structure,policy_path,observed_structure,0.6427083333333333,0.7779411286749597,0.46714213063074567,0.0017878030764430543,0.002248411227628026
nonlinear,19,0.10710629643421225,0.021802179870620674,0.10966627222114461,0.02270144225213581,0.0032662726404756727,1.0556231806969418,0.02493421771611249,1.441125962449879,1,0,observed_structure,policy_path,observed_structure,0.6072916666666667,0.8265381083252048,0.49714906906604545,0.024390594112820074,0.0016094804294973276
nonlinear,20,0.10108203205689974,0.023675347659473805,0.10506524570631667,0.024778691556761687,0.0029663620134940403,1.212261232142307,0.02493421771611249,1.441125962449879,1,0,observed_structure,policy_path,observed_structure,0.5697916666666667,0.8600489881858481,0.5184434359067975,0.009422324027836972,0.001732071799282372
nonlinear,21,0.10806157145729349,0.02456523590909222,0.11215784954336327,0.024664697168820054,0.002725798655068146,1.081906639041873,0.02493421771611249,1.441125962449879,1,0,observed_structure,policy_path,observed_structure,0.6270833333333333,0.8144177645531997,0.4863385858088061,0.007553818960746401,0.00435275242220278
nonlinear,22,0.10174445531588902,0.021414875646370332,0.10447425782384208,0.025746515740755198,0.0031874408122949506,1.3264038794580135,0.02493421771611249,1.441125962449879,1,0,observed_structure,policy_path,observed_structure,0.6145833333333334,0.8201982850978491,0.4938766969928165,0.006374666569106781,0.0027168720924323985
nonlinear,23,0.10613969890712856,0.026184994077011234,0.11139828417451442,0.02538303900791212,0.0031749333513885615,1.335529727260568,0.02493421771611249,1.441125962449879,1,0,observed_structure,policy_path,observed_structure,0.6291666666666667,0.8038741659403054,0.4775907474857252,0.013494153665619318,0.0015358847006339785
threshold,0,0.026563496271187783,0.023923399444022473,0.036078368763815136,0.010317203397172105,0.0034127361247063845,0.9034589133268115,0.02493421771611249,1.441125962449879,1,0,observed_structure,policy_path,observed_structure,0.5979166666666667,0.8500173559583942,0.5144415307767436,0.016089158280824963,0.0011601794621946548
threshold,1,0.02749200697643732,0.018540852951434712,0.03381213007552302,0.013588689750489897,0.0023229677681196417,0.8502693304854724,0.02493421771611249,1.441125962449879,1,0,observed_structure,policy_path,observed_structure,0.5854166666666667,0.8937497714123066,0.5348872533632891,0.013336793431741328,0.0014369664119084507
threshold,2,0.028715245188462375,0.02064961863867575,0.035966499662485746,0.010582115942544188,0.002458152118102459,1.0155849146588898,0.02493421771611249,1.441125962449879,1,0,observed_structure,policy_path,observed_structure,0.5875,0.8956884646359049,0.5371834508298204,0.01699300899952915,0.002600778969178186
threshold,3,0.02440540783522554,0.023994026146682695,0.03390942694814972,0.01264935457499512,0.002212771733564294,0.9234936869796041,0.02493421771611249,1.441125962449879,0,0,base,no_signal,observed_structure,0.6052083333333333,0.8481623340766641,0.5095335930327386,0.0076259943457922435,0.009751937288348637
threshold,4,0.023859531446630618,0.022616196781688844,0.034404521227022006,0.01099268273917444,0.003361754638891277,0.8251170163934969,0.02493421771611249,1.441125962449879,0,0,base,no_signal,observed_structure,0.5625,0.8864568270621802,0.5385983331812907,0.03141235901972588,0.007697338873825138
threshold,5,0.029056425503743585,0.022938463668604085,0.036991965648059226,0.014636266310458772,0.003992562455409735,1.3826476182588738,0.02493421771611249,1.441125962449879,1,0,observed_structure,policy_path,observed_structure,0.609375,0.8410754379891918,0.5046359881179334,0.01814974724226073,0.002323819986112786
threshold,6,0.028961510584479638,0.023114304697073835,0.035045012452727745,0.013293369336690973,0.0029766582551306905,0.976548747902648,0.02493421771611249,1.441125962449879,1,0,observed_structure,policy_path,observed_structure,0.60625,0.8366798272878573,0.5034833224863944,0.01576979845406618,0.0020096684748246076
threshold,7,0.02463645138466949,0.023703202328817324,0.03428046419375588,0.010752489135148625,0.0033779241240216038,0.7996288355718656,0.02493421771611249,1.441125962449879,0,0,base,no_signal,observed_structure,0.59375,0.8617539217416886,0.5210271939810298,0.005396332608685567,0.0069131102539191245
threshold,8,0.027692672417780922,0.026090554772139223,0.038510188458478735,0.01349460721241922,0.003103822999724209,0.9970140079094344,0.02493421771611249,1.441125962449879,1,0,observed_structure,policy_path,observed_structure,0.565625,0.8789786165268879,0.5293396104824787,0.01361720214247507,0.0023991747225006023
threshold,9,0.02413605596183975,0.02116942562218005,0.032779780889520466,0.012209337662051767,0.0036228131204570357,0.8031012454079179,0.02493421771611249,1.441125962449879,0,0,base,no_signal,observed_structure,0.5760416666666667,0.8660380510555012,0.5236883107460885,0.022660690859342796,0.006856076312521803
threshold,10,0.02866793639838005,0.022465552746769715,0.03740878870946796,0.01469196179301706,0.002649567138834451,0.9071014243639766,0.02493421771611249,1.441125962449879,1,0,observed_structure,policy_path,observed_structure,0.5864583333333333,0.8564123808810004,0.5181705717209221,0.020245751909215164,0.0026784942090678793
threshold,11,0.02550676736684779,0.029414720010379487,0.040638921180498215,0.012285027362301505,0.0043927917350914695,1.1766271333708145,0.02493421771611249,1.441125962449879,1,0,observed_structure,policy_path,observed_structure,0.584375,0.8654265301877385,0.5227637265306037,0.023336734719827164,0.0015343413968269997
threshold,12,0.024799552365100955,0.02101306005796471,0.03361653927703507,0.012236544359372848,0.0027751924043841474,1.2162416444558626,0.02493421771611249,1.441125962449879,0,0,base,no_signal,observed_structure,0.5520833333333334,0.8870778900819384,0.5392405320849211,0.026281344620082085,0.010714804594444544
threshold,13,0.028844294388347555,0.021309486670414508,0.03552938669082089,0.010232192453142212,0.002605622531766346,1.0149854427459801,0.02493421771611249,1.441125962449879,1,0,observed_structure,policy_path,observed_structure,0.6083333333333333,0.8220478992825571,0.4980175808426689,0.02164328688900739,0.001548319448753942
threshold,14,0.028348583312030686,0.023659122735456197,0.037968291951581946,0.01197009561819671,0.0025663448639440404,0.9666678397592618,0.02493421771611249,1.441125962449879,1,0,observed_structure,policy_path,observed_structure,0.6010416666666667,0.8427226471367452,0.5105894448352879,0.00716872161513836,0.000976766256180724
threshold,15,0.026887617361591218,0.0199359004539525,0.03341335128679952,0.012891733512411251,0.0029620586654017064,0.7114302259333056,0.02493421771611249,1.441125962449879,1,0,observed_structure,policy_path,observed_structure,0.5958333333333333,0.855651352384674,0.511810067021031,0.018403589536777114,0.0007736863621441337
threshold,16,0.027902765923248713,0.022102106987934002,0.03735603855363459,0.01217762232401612,0.0036368908346888743,1.0081130981365805,0.02493421771611249,1.441125962449879,1,0,observed_structure,policy_path,observed_structure,0.56875,0.8850748926920502,0.5375490760046856,0.01818829093694072,0.0029817284154381226
threshold,17,0.02700115073588662,0.021988604788672494,0.033857718557531426,0.012147895476343018,0.0035155343909169315,0.7892093361954512,0.02493421771611249,1.441125962449879,1,0,observed_structure,policy_path,observed_structure,0.60625,0.850125928309333,0.5132055050304815,0.017291305890609353,0.0013777388012515138
threshold,18,0.027833978010698517,0.025098366963953674,0.037821500608886185,0.01107690944567493,0.004052641564458806,0.8443270638864812,0.02493421771611249,1.441125962449879,1,0,observed_structure,policy_path,observed_structure,0.6052083333333333,0.8366866991392768,0.5054035625057531,0.007584440756378256,0.0015902041205406593
threshold,19,0.024391414527414057,0.026688560639074828,0.03591423785719062,0.012081955072137659,0.0028809306998061122,0.826229437053985,0.02493421771611249,1.441125962449879,0,0,base,no_signal,observed_structure,0.5916666666666667,0.8619198731162331,0.518052658300879,0.025544123065470232,0.009132173717096018
threshold,20,0.025507424580445782,0.02284945260631462,0.03616769214065061,0.011452672201521033,0.0024581888579310574,0.8881405510052263,0.02493421771611249,1.441125962449879,1,0,observed_structure,policy_path,observed_structure,0.58125,0.8631992481122114,0.5222099694937019,0.007807107833822836,0.0019954262626293933
threshold,21,0.025889839710776203,0.01718973760423613,0.031313825894259045,0.011931633110213908,0.0022613670573352184,1.3033622144705748,0.02493421771611249,1.441125962449879,1,0,observed_structure,policy_path,observed_structure,0.6104166666666667,0.8415083024617506,0.5036402050386424,0.03018121194407669,0.002239926510394375
threshold,22,0.026042958974873628,0.023521536083905926,0.03573841563816173,0.012802008570719961,0.003398547980402098,0.7187892716936575,0.02493421771611249,1.441125962449879,1,0,observed_structure,policy_path,observed_structure,0.6114583333333333,0.8657331067863894,0.5183013407208293,0.02078678406076925,0.0012163783661502683
threshold,23,0.027253677711829554,0.02311808790847526,0.03671866547596897,0.012103129063049493,0.0027907071338224175,0.9569306710282658,0.02493421771611249,1.441125962449879,1,0,observed_structure,policy_path,observed_structure,0.5770833333333333,0.8830938652444326,0.5300517301047797,0.010133884812917477,0.002032240071511776
interaction,0,0.09461982990962535,0.02077943939500104,0.09489000278779385,0.008831002292295232,0.0026946808762686107,0.9298388174722416,0.02493421771611249,1.441125962449879,1,0,observed_structure,policy_path,observed_structure,0.6229166666666667,0.8049649995601927,0.48165784111328647,0.01709149039088531,0.0020875170432815347
interaction,1,0.09200993130365141,0.020926865870852872,0.09413750573904782,0.0073281181220528685,0.0027490277043677653,1.0308621274066343,0.02493421771611249,1.441125962449879,1,0,observed_structure,policy_path,observed_structure,0.5958333333333333,0.8525725114924044,0.5117112789437557,0.017636077400082273,0.0029212942513380372
interaction,2,0.09032968221619249,0.03311206635831315,0.09735582397538706,0.005351830677058313,0.003984407364191494,1.0956679353160537,0.02493421771611249,1.441125962449879,1,0,observed_structure,policy_path,observed_structure,0.603125,0.8594322281798269,0.5092499375549441,0.005570910158435399,0.002655815678758291
interaction,3,0.0909293872690672,0.02538091549328869,0.0946907778524902,0.006860348469696079,0.004599677781166087,1.0203807219030794,0.02493421771611249,1.441125962449879,1,0,observed_structure,policy_path,observed_structure,0.6052083333333333,0.8387093985695183,0.5052035389935796,0.017988484348044325,0.0018120229039555577
interaction,4,0.09159327886762923,0.024629074617813003,0.09445188109058414,0.00432072685259692,0.0033439943673870044,1.0532795139830584,0.02493421771611249,1.441125962449879,1,0,observed_structure,policy_path,observed_structure,0.6125,0.8298070880597488,0.49723444670892314,0.018635903927144964,0.0017347278926711886
interaction,5,0.08047168699016952,0.02436127140046103,0.08362907678986445,0.0036530452633669083,0.001584071461716679,0.7491057300090409,0.02493421771611249,1.441125962449879,1,0,observed_structure,policy_path,observed_structure,0.609375,0.8343053858922709,0.5010360099791366,0.005421009250272836,0.005527943747612646
interaction,6,0.09022746752223158,0.020801127407571326,0.09382160704820205,0.0056015968005436005,0.001712065583787909,0.8971623181397013,0.02493421771611249,1.441125962449879,1,0,observed_structure,policy_path,observed_structure,0.6239583333333333,0.8493511745994352,0.5003997308612899,0.003589987076685834,0.00644086073431727
interaction,7,0.08782020197979074,0.022254075305535203,0.08895502161981513,0.00600025585454687,0.0030113874921633083,1.0996257185404474,0.02493421771611249,1.441125962449879,1,0,observed_structure,policy_path,observed_structure,0.6114583333333333,0.8251851063386539,0.49568771955654684,0.010079993351941426,0.0026668898256826984
interaction,8,0.08676852087521013,0.02524891580398527,0.0916882023662805,0.006697019130779208,0.002705194278746968,0.7600774494125523,0.02493421771611249,1.441125962449879,1,0,observed_structure,policy_path,observed_structure,0.6135416666666667,0.831083812428165,0.4967879286703515,0.004823513755833713,0.0038699490758317594
interaction,9,0.09143584295387669,0.021519139355239938,0.0928833067181416,0.00509241748925135,0.0032102348028950835,1.1103135886073079,0.02493421771611249,1.441125962449879,1,0,observed_structure,policy_path,observed_structure,0.6010416666666667,0.8473930211166312,0.5082120591470896,0.009698926700924553,0.004194855041607764
interaction,10,0.09338125366444013,0.025333567725848136,0.09534832989465691,0.004248955441341237,0.0024749706616803055,1.1497326661582197,0.02493421771611249,1.441125962449879,1,0,observed_structure,policy_path,observed_structure,0.61875,0.8183510681576444,0.4911632706589887,0.020593106133164767,0.002882366308057201
interaction,11,0.09417987934078666,0.020638324503855658,0.09605312231687943,0.005541992714655541,0.0013754918827891724,1.1956251082291285,0.02493421771611249,1.441125962449879,1,0,observed_structure,policy_path,observed_structure,0.5979166666666667,0.8286064135200705,0.4967354289887436,0.012011191417075717,0.0028992606175046267
interaction,12,0.0910091066518217,0.020044693180138295,0.09258892703531946,0.005544324080077376,0.0019741021760129956,1.0490514550737275,0.02493421771611249,1.441125962449879,1,0,observed_structure,policy_path,observed_structure,0.609375,0.8360251108514434,0.49900760513087,0.009701395265506296,0.0021513795542891273
interaction,13,0.10343920839423355,0.023601957088078336,0.10608232886764124,0.006514146504412598,0.002788127754747188,1.2280122827442148,0.02493421771611249,1.441125962449879,1,0,observed_structure,policy_path,observed_structure,0.6020833333333333,0.8755104200775702,0.5204881179676722,0.0019184017762366404,0.0016645916384502568
interaction,14,0.08368365051772647,0.01877948814024033,0.085387663583273,0.006238402059788758,0.0017883120799932093,0.8440411303584968,0.02493421771611249,1.441125962449879,1,0,observed_structure,policy_path,observed_structure,0.6208333333333333,0.820523113633365,0.49402029163327915,0.010250438782181643,0.0024400643822525218
interaction,15,0.08948280017795428,0.0217288095604489,0.0912189693270483,0.005802221017673238,0.001562598073654953,1.1133374717052142,0.02493421771611249,1.441125962449879,1,0,observed_structure,policy_path,observed_structure,0.6072916666666667,0.8620975978050756,0.5088492981999436,0.010136275320334717,0.0009539433060393311
interaction,16,0.0892600292981287,0.028376286728263818,0.09255606705728726,0.005207520951758447,0.003680630995502935,0.9210336537318227,0.02493421771611249,1.441125962449879,1,0,observed_structure,policy_path,observed_structure,0.6020833333333333,0.8274297607985523,0.4952126370835989,0.007050360765458173,0.003301253786244113
interaction,17,0.09686209117813974,0.02391658993586834,0.10063817075241618,0.006425914466044272,0.003314725179532742,1.603684633344383,0.02493421771611249,1.441125962449879,1,1,unresolved,policy_and_cluster,observed_structure,0.6104166666666667,0.8617487184048845,0.5139497717457909,0.014432743915194371,0.06384735940971717
interaction,18,0.09615387488608225,0.021581458342866847,0.0990169084965946,0.008641162782491888,0.002211728769351217,1.0534404073650128,0.02493421771611249,1.441125962449879,1,0,observed_structure,policy_path,observed_structure,0.634375,0.8168604426949533,0.48817382133834286,0.008475699111314959,0.0029116241542362776
interaction,19,0.08394314161461995,0.023851975301436863,0.08590156094527478,0.004050164636314604,0.0031358789481605877,0.9730594594733671,0.02493421771611249,1.441125962449879,1,0,observed_structure,policy_path,observed_structure,0.6125,0.8380741095402333,0.503017956444392,0.010784655962178709,0.002568836124026233
interaction,20,0.10120341519254823,0.023590465259571758,0.10332766948450309,0.006818604669109342,0.0027817837612842174,1.291038192414586,0.02493421771611249,1.441125962449879,1,0,observed_structure,policy_path,observed_structure,0.6041666666666666,0.8244439400466703,0.4924321345778799,0.010720612800955922,0.002647622786362763
interaction,21,0.08856093125303412,0.02247391943269052,0.08934801814939862,0.006067342194711737,0.001810455450486795,1.163893020059808,0.02493421771611249,1.441125962449879,1,0,observed_structure,policy_path,observed_structure,0.6229166666666667,0.8298720917633843,0.4936800320543219,0.01883650061426862,0.003977758947822469
interaction,22,0.08817375595220268,0.023839186453366964,0.08966992814416923,0.00732998100605195,0.0008721377517094717,0.8893998188175393,0.02493421771611249,1.441125962449879,1,0,observed_structure,policy_path,observed_structure,0.603125,0.8600236463861118,0.5119130588740836,0.024611320497271185,0.001791185438174342
interaction,23,0.08403572582169795,0.024163937302218743,0.08713762387952838,0.00681046182537914,0.0030671447521298995,0.7782276233821595,0.02493421771611249,1.441125962449879,1,0,observed_structure,policy_path,observed_structure,0.6177083333333333,0.8246727917270739,0.49642218688014716,0.012715383959573619,0.0022613224458915477
heterogeneity,0,0.017461914531531782,0.02139681490418231,0.026004565444589137,0.004420148796562855,0.0017646319873305478,1.56631321320463,0.02493421771611249,1.441125962449879,0,1,heterogeneity,cluster_score,heterogeneity,0.5354166666666667,0.9479377380917746,0.5698381521822882,0.013564475470518693,0.07926030494433368
heterogeneity,1,0.01161569873901322,0.025347382119911676,0.02698178280376343,0.0017279655687163877,0.005121252235978042,1.4684529003861506,0.02493421771611249,1.441125962449879,0,1,heterogeneity,cluster_score,heterogeneity,0.5260416666666666,0.9497199332985005,0.5740555895909175,0.027087901030719726,0.10843501368558886
heterogeneity,2,0.019646007114500517,0.031024447632046117,0.035951764789277724,0.002917414732911859,0.0033675524443440657,1.8262269404918403,0.02493421771611249,1.441125962449879,0,1,heterogeneity,cluster_score,heterogeneity,0.5395833333333333,0.9429854585685468,0.5672681849327815,0.013819591292543286,0.07694353988575248
heterogeneity,3,0.013346185074395271,0.022231984019743214,0.02488795365897449,0.0016263167226133037,0.002437356021391494,2.400958917363967,0.02493421771611249,1.441125962449879,0,1,heterogeneity,cluster_score,heterogeneity,0.5677083333333334,0.9206761692190788,0.5546340873435611,0.018865404723390263,0.07806196339587272
heterogeneity,4,0.018133438659195908,0.02584980797514482,0.02956818282856129,0.0043345143453788655,0.002188164847703877,1.9355731783122239,0.02493421771611249,1.441125962449879,0,1,heterogeneity,cluster_score,heterogeneity,0.5479166666666667,0.9173436478739099,0.5514712118325112,0.008125512449543864,0.08161132168211331
heterogeneity,5,0.018712690947063917,0.02389177364647935,0.02849650531298182,0.003040835764311236,0.0028385495271096993,1.622608950637748,0.02493421771611249,1.441125962449879,0,1,heterogeneity,cluster_score,heterogeneity,0.5322916666666667,0.9476049160161113,0.5720869372221468,0.020438479733404534,0.0831442336870433
heterogeneity,6,0.02182020834182157,0.02440415808667216,0.03133964637668565,0.003152773949949047,0.0035270223450849197,2.0375445065478837,0.02493421771611249,1.441125962449879,0,1,heterogeneity,cluster_score,heterogeneity,0.5395833333333333,0.938463602425816,0.5670833318022385,0.029773201388656682,0.07947372618962519
heterogeneity,7,0.023779231896724186,0.02128827527676222,0.030655794341018727,0.0031630610388658723,0.0019367923975917424,1.5682669284542705,0.02493421771611249,1.441125962449879,0,1,heterogeneity,cluster_score,heterogeneity,0.58125,0.920614245714764,0.5495289924138833,0.015295310830834947,0.06294192967775841
heterogeneity,8,0.015606114186823688,0.023444301559710383,0.0264189660609674,0.0019432858164802286,0.0032019716983590703,1.3909299688924432,0.02493421771611249,1.441125962449879,0,0,base,no_signal,heterogeneity,0.5708333333333333,0.8993525531047936,0.5385372647622472,0.03025057591738198,0.060896966073503624
heterogeneity,9,0.012718580584030905,0.0191827256570816,0.021047382210794673,0.0019239525357481737,0.0026813374973777017,1.7694287211043869,0.02493421771611249,1.441125962449879,0,1,heterogeneity,cluster_score,heterogeneity,0.5604166666666667,0.9279830373653257,0.5571506180085978,0.02173125312217705,0.05886413082386919
heterogeneity,10,0.025988902450206505,0.02951705410971513,0.03904165379580263,0.003053451506373771,0.0018781220552371036,1.941823777890206,0.02493421771611249,1.441125962449879,1,1,unresolved,policy_and_cluster,heterogeneity,0.5302083333333333,0.9435788589511674,0.5735981232264258,0.0111079535824087,0.13801830110205446
heterogeneity,11,0.012834748125834121,0.023988075862268483,0.025074214674993715,0.0046593034505798695,0.0020797093011973313,2.110972959242919,0.02493421771611249,1.441125962449879,0,1,heterogeneity,cluster_score,heterogeneity,0.553125,0.9270951848413793,0.557512607631764,0.021842048914246622,0.05559569489103602
heterogeneity,12,0.01815344504348998,0.028355117914774266,0.033629989771044616,0.003951259667190276,0.006438720310072009,1.9044892855132345,0.02493421771611249,1.441125962449879,0,1,heterogeneity,cluster_score,heterogeneity,0.5333333333333333,0.9554509042026014,0.5747409966092606,0.018571623180456638,0.07113545553679206
heterogeneity,13,0.010123264871544722,0.021755009509369243,0.02237073753234568,0.0016360194483850481,0.001760053787306543,1.7398573959033228,0.02493421771611249,1.441125962449879,0,1,heterogeneity,cluster_score,heterogeneity,0.575,0.9327113609896737,0.5602192793340497,0.016328881220764303,0.06218957231904
heterogeneity,14,0.01016358328107769,0.022873559282987743,0.02169901520794067,0.0021912005981443968,0.0030421028703193002,1.7851711625535658,0.02493421771611249,1.441125962449879,0,1,heterogeneity,cluster_score,heterogeneity,0.55,0.9479712198258892,0.5712030813444094,0.018176577865511592,0.10142328187727198
heterogeneity,15,0.01116756300450724,0.02598454781296119,0.028284507460408996,0.0026220266457889,0.004640363578079409,2.2465737270418016,0.02493421771611249,1.441125962449879,0,1,heterogeneity,cluster_score,heterogeneity,0.5583333333333333,0.9222125654211095,0.553823817955402,0.022511003701152672,0.07704966839122482
heterogeneity,16,0.023424948757400442,0.024188110446344342,0.03287452898245224,0.0036349024123852247,0.0018600425497171677,2.041200140177854,0.02493421771611249,1.441125962449879,0,1,heterogeneity,cluster_score,heterogeneity,0.5541666666666667,0.9469687298677364,0.5702287253390269,0.004362741705893333,0.05268633371378475
heterogeneity,17,0.015772963681950893,0.02389804778242507,0.028531382765928218,0.003930765399135785,0.0018501978075493814,2.3490061603956605,0.02493421771611249,1.441125962449879,0,1,heterogeneity,cluster_score,heterogeneity,0.5791666666666667,0.9171193641173221,0.5484651296999772,0.02632426586039411,0.05890577545760265
heterogeneity,18,0.0130523424998683,0.0265065807075362,0.02826075027085973,0.001998154601976525,0.00358495649363989,1.4738569191077018,0.02493421771611249,1.441125962449879,0,1,heterogeneity,cluster_score,heterogeneity,0.5625,0.9115307430052341,0.5481560373067563,0.019087989405743622,0.04736489820666011
heterogeneity,19,0.01974771413900478,0.03083524182799337,0.03507489465962589,0.0019276136814927829,0.003335829475623166,1.5324230458436987,0.02493421771611249,1.441125962449879,0,1,heterogeneity,cluster_score,heterogeneity,0.5354166666666667,0.9188984290040773,0.5538330405001178,0.03401581830536922,0.08505716380724711
heterogeneity,20,0.017372623994961436,0.023973094997250186,0.029099978322618594,0.0037286327205190133,0.002118362022178568,1.81610344454668,0.02493421771611249,1.441125962449879,0,1,heterogeneity,cluster_score,heterogeneity,0.5270833333333333,0.9442351984115235,0.5702908868820249,0.005141311684647591,0.10837086010788578
heterogeneity,21,0.018119641662635806,0.025089006640925844,0.029908562708568828,0.0026715784050571952,0.0019208873599129662,1.909541620668882,0.02493421771611249,1.441125962449879,0,1,heterogeneity,cluster_score,heterogeneity,0.534375,0.9386810987316807,0.5655830618827771,0.003100434418356307,0.07753642504203852
heterogeneity,22,0.016596861228318147,0.020693064779799222,0.02566026722153269,0.005157737165439339,0.0018031240156041173,1.6620439327742436,0.02493421771611249,1.441125962449879,0,1,heterogeneity,cluster_score,heterogeneity,0.5354166666666667,0.9262034606035595,0.5553612545725735,0.006028101418027795,0.06378532624631869
heterogeneity,23,0.015420481480492148,0.022649510162230473,0.025221668187622507,0.0036614700085541357,0.0032415341992503405,2.125117379651959,0.02493421771611249,1.441125962449879,0,1,heterogeneity,cluster_score,heterogeneity,0.553125,0.9227932526516831,0.5579186955517952,0.012032308055395522,0.08500563334507807
nonlinear_threshold,0,0.10015805203240084,0.02054790111275885,0.10423278074744613,0.028303667530606022,0.0026987241233346762,0.9495535567965279,0.02493421771611249,1.441125962449879,1,0,observed_structure,policy_path,observed_structure,0.6322916666666667,0.7950560196800214,0.4744964780493563,0.008020681804927874,0.0031101823705400647
nonlinear_threshold,1,0.1069304846341556,0.02164622710902249,0.10961452495512972,0.029595616911191128,0.003264903561120383,0.8665395313247051,0.02493421771611249,1.441125962449879,1,0,observed_structure,policy_path,observed_structure,0.6333333333333333,0.7669762535210036,0.46759743911305424,0.014269119877043226,0.0015713977657303316
nonlinear_threshold,2,0.1042411903748676,0.026169347022337478,0.10732423580691482,0.029506997125222714,0.003225906031566002,0.9688146323056488,0.02493421771611249,1.441125962449879,1,0,observed_structure,policy_path,observed_structure,0.6229166666666667,0.7881198742267533,0.48048465325926143,0.013427540486168878,0.0005266142958642433
nonlinear_threshold,3,0.10267352234570487,0.02552721391786089,0.1063292740882171,0.030537526555789025,0.003465043390155071,0.982431714265963,0.02493421771611249,1.441125962449879,1,0,observed_structure,policy_path,observed_structure,0.6395833333333333,0.7794250515077302,0.4699797265608128,0.014651489644401243,0.0019276710592511506
nonlinear_threshold,4,0.1112330020107124,0.02283439698106752,0.11471752210997864,0.030542734402008054,0.002719949492666924,0.9555839832872385,0.02493421771611249,1.441125962449879,1,0,observed_structure,policy_path,observed_structure,0.65,0.7633100668158825,0.45638776571811146,0.014069554466628416,0.0021060816079340053
nonlinear_threshold,5,0.09552225415876978,0.02099723663292395,0.10025373750426471,0.029192017138231847,0.002389437083807453,0.8759193055278565,0.02493421771611249,1.441125962449879,1,0,observed_structure,policy_path,observed_structure,0.671875,0.7598908206504297,0.45110684024369113,0.011806281186882098,0.002649118582600804
nonlinear_threshold,6,0.10559296723019276,0.025481741830965677,0.109000528036269,0.02971737878401287,0.0025651803677044826,1.1831559542803085,0.02493421771611249,1.441125962449879,1,0,observed_structure,policy_path,observed_structure,0.6739583333333333,0.735690633158553,0.43969620932135456,0.021133754338535714,0.0024782476833819463
nonlinear_threshold,7,0.09915030266241304,0.022366374499636396,0.10218074518671463,0.026254403775624255,0.003473405993306732,1.2393035024244785,0.02493421771611249,1.441125962449879,1,0,observed_structure,policy_path,observed_structure,0.6760416666666667,0.7486158942900938,0.4471077134811638,0.01391452822161608,0.0016387570970812968
nonlinear_threshold,8,0.09270348441346137,0.02115353907636474,0.09647704411662344,0.029112885482023607,0.003216968246037243,0.8183172704370391,0.02493421771611249,1.441125962449879,1,0,observed_structure,policy_path,observed_structure,0.6395833333333333,0.7752176193242072,0.4670960393192428,0.02552266692841058,0.005265357282488967
nonlinear_threshold,9,0.1060456165582633,0.020711518309840957,0.10822090788066147,0.0302673616911356,0.0029412288071044733,0.956881163430728,0.02493421771611249,1.441125962449879,1,0,observed_structure,policy_path,observed_structure,0.640625,0.7561757349698098,0.45420807058066986,0.00261597673817912,0.0015470932463753167
nonlinear_threshold,10,0.10650913276455384,0.021418194580934465,0.10997970155790258,0.03089884218904393,0.0036522936594536046,1.0118251110186587,0.02493421771611249,1.441125962449879,1,0,observed_structure,policy_path,observed_structure,0.6395833333333333,0.7687087624225375,0.4634712783090754,0.011819757752860847,0.0017064547321627376
nonlinear_threshold,11,0.10531738246329582,0.02179625852144998,0.10881848088733401,0.030555606728135756,0.002924378479646849,0.7746813353249873,0.02493421771611249,1.441125962449879,1,0,observed_structure,policy_path,observed_structure,0.6479166666666667,0.7705140247883645,0.4648547658382463,0.001807083058610636,0.0028361762342602875
nonlinear_threshold,12,0.10016841793127615,0.022429428173143542,0.10284690255161158,0.029039517395492005,0.0029201360879457087,1.2049221931716654,0.02493421771611249,1.441125962449879,1,0,observed_structure,policy_path,observed_structure,0.6375,0.7716569694089567,0.46768667418374293,0.017625724629408885,0.0017480095719867176
nonlinear_threshold,13,0.09808561606965358,0.0259346681561545,0.10189774698364137,0.028582259073970932,0.003111315791360819,0.8359749651934235,0.02493421771611249,1.441125962449879,1,0,observed_structure,policy_path,observed_structure,0.625,0.8099677427376081,0.4889378987974329,0.021688895132197863,0.001110944739868773
nonlinear_threshold,14,0.10048245915395147,0.02291283566751939,0.10317142773545666,0.030096384234200763,0.0030744120321096313,0.9714310164562164,0.02493421771611249,1.441125962449879,1,0,observed_structure,policy_path,observed_structure,0.6302083333333334,0.7733490983723571,0.4687318511278881,0.005259398273964757,0.0011479058165074362
nonlinear_threshold,15,0.09775683559694835,0.021910787757260547,0.10131903122331315,0.02801491461517371,0.003305204229419308,0.9351831306810412,0.02493421771611249,1.441125962449879,1,0,observed_structure,policy_path,observed_structure,0.63125,0.7831122931284206,0.4765013416119863,0.01834373594160104,0.0010719598456412896
nonlinear_threshold,16,0.1029382465706026,0.024778851712929692,0.10812589462080568,0.02911827216802335,0.0020215868614407643,1.3712536325222429,0.02493421771611249,1.441125962449879,1,0,observed_structure,policy_path,observed_structure,0.6416666666666667,0.7569242778401173,0.45595529269773877,0.0055971736738810625,0.001636195279059515
nonlinear_threshold,17,0.10239278706383802,0.020617778197544737,0.10333599914177222,0.03051487042010057,0.002835567822589603,0.9620120531530272,0.02493421771611249,1.441125962449879,1,0,observed_structure,policy_path,observed_structure,0.6395833333333333,0.7859504471500145,0.4682490733244618,0.00981145078227743,0.00023968484687622338
nonlinear_threshold,18,0.10335110819773699,0.023960193463853682,0.10558350603581775,0.028397920698612855,0.0031717800107994216,0.8731194165805976,0.02493421771611249,1.441125962449879,1,0,observed_structure,policy_path,observed_structure,0.6260416666666667,0.8008557719853938,0.48127849837409953,0.01134989986786504,0.0009248773087418722
nonlinear_threshold,19,0.09750738072682918,0.021168964125303877,0.10068858582921819,0.031758493374707014,0.0034203803768854094,0.8112746013299171,0.02493421771611249,1.441125962449879,1,0,observed_structure,policy_path,observed_structure,0.6135416666666667,0.8003534592727842,0.48828575607281854,0.00283601328621653,0.0013170245684105523
nonlinear_threshold,20,0.10510390022945049,0.019040866035337937,0.10794485665697662,0.0289400632392997,0.003932633116008974,1.0775311220477277,0.02493421771611249,1.441125962449879,1,0,observed_structure,policy_path,observed_structure,0.646875,0.7384767937658248,0.4504159639827672,0.01993398897246463,0.0006805253910739297
nonlinear_threshold,21,0.10237448633761374,0.022211932445960893,0.10488175423662222,0.03076522858299581,0.0031675637018043572,1.002142754692695,0.02493421771611249,1.441125962449879,1,0,observed_structure,policy_path,observed_structure,0.653125,0.7747970411649064,0.46186999512782084,0.009859139402276378,0.0007687237729590582
nonlinear_threshold,22,0.10498323708043976,0.019358202632468118,0.10769789835542605,0.03179958065989649,0.0028963447763194557,0.9780998063778078,0.02493421771611249,1.441125962449879,1,0,observed_structure,policy_path,observed_structure,0.6614583333333334,0.7501466827095477,0.4504935242703226,0.019868681039025025,0.001384802731875312
nonlinear_threshold,23,0.09899379511650697,0.02091183899430096,0.10254015429300875,0.027953584387206076,0.0030253912542737836,0.9005687316209052,0.02493421771611249,1.441125962449879,1,0,observed_structure,policy_path,observed_structure,0.6208333333333333,0.8010227117100897,0.4832256806182894,0.006165555714849103,0.0011512103455551947
nonlinear_interaction,0,0.13872708231774772,0.02278741104238098,0.1406977051060647,0.02679127961501485,0.003486794768725773,0.9880266631534997,0.02493421771611249,1.441125962449879,1,0,observed_structure,policy_path,observed_structure,0.6572916666666667,0.7640174412519163,0.45145722227425883,0.005771891468530405,0.0029300950867960462
nonlinear_interaction,1,0.12861970314615762,0.019559874250707262,0.13013973745037158,0.02334316372810372,0.0021413423654943154,1.155077175824639,0.02493421771611249,1.441125962449879,1,0,observed_structure,policy_path,observed_structure,0.6822916666666666,0.7412218015661886,0.4426415952464474,0.013341510937702389,0.00139494362954843
nonlinear_interaction,2,0.13215609455219002,0.020663642509087907,0.13296982292224646,0.023241991643270284,0.0034384464215080754,1.0092446749876793,0.02493421771611249,1.441125962449879,1,0,observed_structure,policy_path,observed_structure,0.6447916666666667,0.7714218895191717,0.45742438698279064,0.0069527123662310435,0.002247799780863683
nonlinear_interaction,3,0.12477012407130937,0.024636276584188568,0.12749875171016578,0.023975416192921803,0.0028346370963703233,0.752168213653397,0.02493421771611249,1.441125962449879,1,0,observed_structure,policy_path,observed_structure,0.6302083333333334,0.813113740378222,0.48772850320278127,0.023181659897237764,0.007328039007515393
nonlinear_interaction,4,0.13337970123766038,0.02712076648824982,0.13561020307980307,0.025284608971444442,0.003256425916334052,1.1588597318238236,0.02493421771611249,1.441125962449879,1,0,observed_structure,policy_path,observed_structure,0.6552083333333333,0.7394659200441461,0.44412838121668374,0.005719203712151901,0.001981332027455614
nonlinear_interaction,5,0.13540972302289786,0.020303752478309366,0.13697551912948702,0.02479285778483005,0.0022103656433048653,1.181642649320248,0.02493421771611249,1.441125962449879,1,0,observed_structure,policy_path,observed_structure,0.6833333333333333,0.7169146708283236,0.4270635910457556,0.022024178761345468,0.0037260707562721753
nonlinear_interaction,6,0.13476138353505346,0.025113453117477928,0.13616114551540354,0.025377014409867667,0.0040162219488471046,1.017833284989882,0.02493421771611249,1.441125962449879,1,0,observed_structure,policy_path,observed_structure,0.665625,0.7265987890422544,0.4368654797962093,0.01912257858385982,0.0015899888938875123
nonlinear_interaction,7,0.13550223622305652,0.024348140161345982,0.13873948515454262,0.02615831412018464,0.0026710847307942257,0.7944595125266306,0.02493421771611249,1.441125962449879,1,0,observed_structure,policy_path,observed_structure,0.6697916666666667,0.7219373468429954,0.4329157422918603,0.003428563602429421,0.0009171418080594416
nonlinear_interaction,8,0.12598352935910218,0.02463718572816183,0.12834916466564408,0.02153113074231704,0.002479161379620289,0.7912001883478733,0.02493421771611249,1.441125962449879,1,0,observed_structure,policy_path,observed_structure,0.6510416666666666,0.7429795198590128,0.45313966763492275,0.012384559888678802,0.0026881378744715557
nonlinear_interaction,9,0.13053239819725823,0.02407817956720647,0.1331394183978799,0.022456662240939472,0.003338494931192972,1.1094911838424522,0.02493421771611249,1.441125962449879,1,0,observed_structure,policy_path,observed_structure,0.6541666666666667,0.7589370649209888,0.45596866417666687,0.005329040436521813,0.0017672338885438275
nonlinear_interaction,10,0.1371542955364185,0.021000938908113574,0.13852694552080702,0.0231357986378946,0.002764410708758924,1.4036128694515289,0.02493421771611249,1.441125962449879,1,0,observed_structure,policy_path,observed_structure,0.6614583333333334,0.7231318107251224,0.43325216032276365,0.010242142112681993,0.002620853376321447
nonlinear_interaction,11,0.12671622861778398,0.02151746560281547,0.1287956459932268,0.02178134001883615,0.0018150765040022584,0.984554850121214,0.02493421771611249,1.441125962449879,1,0,observed_structure,policy_path,observed_structure,0.6583333333333333,0.7486410270035527,0.45072562677570355,0.006832640465841112,0.0021515783605453474
nonlinear_interaction,12,0.13865788156119196,0.026216141388803932,0.14054689217470873,0.028267614594870386,0.0033065997818868893,1.2227689906370214,0.02493421771611249,1.441125962449879,1,0,observed_structure,policy_path,observed_structure,0.6625,0.779835704059843,0.4618949004268329,0.00621149501788673,0.0010101942281611409
nonlinear_interaction,13,0.13077456062349335,0.02003209712760379,0.13203843860563794,0.0246252468468343,0.0032210804910823717,1.0098359055286694,0.02493421771611249,1.441125962449879,1,0,observed_structure,policy_path,observed_structure,0.6520833333333333,0.7794579460349842,0.46463234928558317,0.011549628340848501,0.003001426120904497
nonlinear_interaction,14,0.1298168881552589,0.020549482394161062,0.13098730187067315,0.02279884444295068,0.0017747113029201208,0.8710986508895583,0.02493421771611249,1.441125962449879,1,0,observed_structure,policy_path,observed_structure,0.6229166666666667,0.7919114403999171,0.47485676935070237,0.004741160063618977,0.002391890645519589
nonlinear_interaction,15,0.12909825163964098,0.020463221223977823,0.13048851017124108,0.023846930816509553,0.002737266924289071,1.0318927911052105,0.02493421771611249,1.441125962449879,1,0,observed_structure,policy_path,observed_structure,0.6427083333333333,0.7605767621427308,0.45666155526387064,0.005902355622472641,0.0013548817354572663
nonlinear_interaction,16,0.13720891747990838,0.02049051757416247,0.13884240822911773,0.028292604863889896,0.002674990998754331,1.0412504156493698,0.02493421771611249,1.441125962449879,1,0,observed_structure,policy_path,observed_structure,0.6625,0.8060823855703523,0.47008397631148274,0.013787422437602866,0.0019199160336075207
nonlinear_interaction,17,0.13699652338135038,0.01790825063649893,0.13735817384662088,0.025166241066151365,0.0024712438106177484,0.8752812007437706,0.02493421771611249,1.441125962449879,1,0,observed_structure,policy_path,observed_structure,0.6625,0.734727807681437,0.44482794580375185,0.012644040399533733,0.0019700864432217894
nonlinear_interaction,18,0.14053977044906713,0.02395510326218028,0.1427349000766087,0.026871859418970634,0.002290364782214336,1.0941273082467242,0.02493421771611249,1.441125962449879,1,0,observed_structure,policy_path,observed_structure,0.6802083333333333,0.7108150569075536,0.4221028116751598,0.007475253180276117,0.0027189675598182084
nonlinear_interaction,19,0.12989271128221974,0.02162038889823045,0.13116934237154063,0.022239717827532247,0.002903317649710677,1.140601758992191,0.02493421771611249,1.441125962449879,1,0,observed_structure,policy_path,observed_structure,0.6645833333333333,0.7481567771360947,0.4463431773765688,0.009390363109062739,0.0014279826250881878
nonlinear_interaction,20,0.12958440899097198,0.02244531243595979,0.13197803341465264,0.021928731786851917,0.0021868648843964104,1.016046774181349,0.02493421771611249,1.441125962449879,1,0,observed_structure,policy_path,observed_structure,0.671875,0.7203079033560251,0.4308243086898782,0.016178706923296798,0.003681236776604214
nonlinear_interaction,21,0.13034815488234278,0.02079090114845145,0.13176739536680412,0.022422492081302866,0.0021644516876495982,1.0713054645907603,0.02493421771611249,1.441125962449879,1,0,observed_structure,policy_path,observed_structure,0.678125,0.7429934188833516,0.4395257218889595,0.012992396125151755,0.002486998346773046
nonlinear_interaction,22,0.13860937675436447,0.024252479125239167,0.1410865320347849,0.023460183133191516,0.002725668025431549,0.8430504867826378,0.02493421771611249,1.441125962449879,1,0,observed_structure,policy_path,observed_structure,0.6395833333333333,0.7708602943904437,0.46286121952406073,0.023677841773973626,0.0031792695344770856
nonlinear_interaction,23,0.13627443192375133,0.024366462408415866,0.1387221878885129,0.02299995394513506,0.0033135690023038777,0.7519444016650557,0.02493421771611249,1.441125962449879,1,0,observed_structure,policy_path,observed_structure,0.6552083333333333,0.7640032547918325,0.45389727267047586,0.009454823779976055,0.0007303787400662888
combined,0,0.13506290418117947,0.024282633409848584,0.13703259725374856,0.02945399160952166,0.0035618725976437667,1.7815226208026271,0.02493421771611249,1.441125962449879,1,1,unresolved,policy_and_cluster,unresolved,0.6458333333333334,0.7788479382908778,0.46589149948698283,0.014478934539856467,0.10490753570794764
combined,1,0.11806588108487816,0.01870398768920588,0.11925396930676377,0.028835332073148243,0.0021723105585662573,1.4334521354884389,0.02493421771611249,1.441125962449879,1,0,observed_structure,policy_path,unresolved,0.64375,0.7685165000722793,0.4589400472341404,0.01771052647785556,0.04205479180765771
combined,2,0.13081903897665836,0.018898423242493145,0.13180144110331715,0.024034791080558223,0.0029807286214946923,1.584178627076078,0.02493421771611249,1.441125962449879,1,1,unresolved,policy_and_cluster,unresolved,0.6375,0.7919390635138919,0.47065653308329625,0.021908274932575106,0.11357047538764313
combined,3,0.13102846345719435,0.019794716988043255,0.13211726809270996,0.027473275844854202,0.0029922334046465536,1.5861335273990207,0.02493421771611249,1.441125962449879,1,1,unresolved,policy_and_cluster,unresolved,0.6666666666666666,0.7887760483651509,0.46855691624657797,0.014919034688680131,0.09219131997048494
combined,4,0.1299897727440849,0.025739890846623786,0.1318305376397063,0.026679751489447394,0.002310675984159146,1.5930964168272932,0.02493421771611249,1.441125962449879,1,1,unresolved,policy_and_cluster,unresolved,0.6447916666666667,0.7963325807219602,0.4778006222415957,0.014023876522280954,0.11214192291365173
combined,5,0.12115989939324291,0.02055487689055825,0.12308075161178901,0.02362579999323921,0.0024895483206019294,1.2639692681366441,0.02493421771611249,1.441125962449879,1,0,observed_structure,policy_path,unresolved,0.6625,0.7187293189552261,0.4285951785226044,0.012294872267001829,0.030825226690570365
combined,6,0.12158859023456545,0.027118800222093245,0.12383983289120264,0.02493445397265285,0.0035440431677814157,1.8965404099759382,0.02493421771611249,1.441125962449879,1,1,unresolved,policy_and_cluster,unresolved,0.646875,0.7709509741742818,0.46365104318690636,0.01773449469912691,0.1026398734189559
combined,7,0.1176827051183926,0.022116457066968145,0.11908217222424322,0.0287292639507267,0.003152798383561745,1.4737950983320256,0.02493421771611249,1.441125962449879,1,1,unresolved,policy_and_cluster,unresolved,0.6208333333333333,0.808138553969874,0.48504836115315997,0.026762595847304144,0.14348892408244057
combined,8,0.1260139390561047,0.017959915709929088,0.12773358888923003,0.02802199406449864,0.002298656317084699,1.2166204857916594,0.02493421771611249,1.441125962449879,1,0,observed_structure,policy_path,unresolved,0.69375,0.6719624065168102,0.4058903031016298,0.010683438192306924,0.036772263373581894
combined,9,0.1228388088361748,0.021636038919371055,0.12398904977171868,0.02418870830296786,0.0026984746139539495,1.4120347450654052,0.02493421771611249,1.441125962449879,1,0,observed_structure,policy_path,unresolved,0.6729166666666667,0.7338001975891568,0.4382637181032076,0.01235554165221082,0.030211442107914384
combined,10,0.1255930369378392,0.019970023204859313,0.12738500926461718,0.026945861804112056,0.003058494014944401,1.785857906166587,0.02493421771611249,1.441125962449879,1,1,unresolved,policy_and_cluster,unresolved,0.6208333333333333,0.7921174910386886,0.4745837777645152,0.020190850688456132,0.11900732659557654
combined,11,0.12522575033254013,0.018519753356371207,0.12600853719824875,0.026122080875038617,0.002319016258822164,1.7250150958221457,0.02493421771611249,1.441125962449879,1,1,unresolved,policy_and_cluster,unresolved,0.6510416666666666,0.7813565177258004,0.4675470615819098,0.0018814223305393808,0.11976809370412286
combined,12,0.1286691321687996,0.02134965620489535,0.13088415931350178,0.025230112243425893,0.002706776435305911,1.4222239280406772,0.02493421771611249,1.441125962449879,1,0,observed_structure,policy_path,unresolved,0.634375,0.7745166149735151,0.47139841366547425,0.010443062643712683,0.02747048242927374
combined,13,0.12166382586313941,0.022491631923468168,0.1228965218251304,0.02464209384354399,0.0035136082010983677,1.1028069667739668,0.02493421771611249,1.441125962449879,1,0,observed_structure,policy_path,unresolved,0.6510416666666666,0.7301160916451169,0.4388493532898311,0.006101637144529076,0.03069015384709532
combined,14,0.11967056078037785,0.022358417848729294,0.12086842156712982,0.028934317905183336,0.0025084776294351007,1.803412096480254,0.02493421771611249,1.441125962449879,1,1,unresolved,policy_and_cluster,unresolved,0.64375,0.7795452232854431,0.46409090552652316,0.024136159467035647,0.13024565753234965
combined,15,0.1311258630091616,0.021173661723474336,0.13328462715950962,0.025368368228747537,0.0025174300444699878,1.483750224162994,0.02493421771611249,1.441125962449879,1,1,unresolved,policy_and_cluster,unresolved,0.6083333333333333,0.8102905760621884,0.48639553718226997,0.002608200187193081,0.1281706340611867
combined,16,0.12160516388019856,0.021434243328279333,0.12516317664363935,0.022665297081928375,0.002867096785537782,1.0469925556836255,0.02493421771611249,1.441125962449879,1,0,observed_structure,policy_path,unresolved,0.6458333333333334,0.7619566783266464,0.45470509846694446,0.003527391221662124,0.038718300245720205
combined,17,0.11541436378847046,0.0208399697092241,0.11748459033932862,0.025218617119081646,0.0029340023574019416,1.9872050672978148,0.02493421771611249,1.441125962449879,1,1,unresolved,policy_and_cluster,unresolved,0.640625,0.7937958414519144,0.47701098212634746,0.005578836218699678,0.13182631267799913
combined,18,0.1335474046105924,0.0174023697199487,0.13468805617281066,0.02771491136624034,0.002857238830361356,1.8082678194326653,0.02493421771611249,1.441125962449879,1,1,unresolved,policy_and_cluster,unresolved,0.64375,0.7917951826173232,0.4729407532837282,0.004694231824439422,0.11834357352766159
combined,19,0.12346639490133764,0.0202655089506411,0.12534943585467395,0.02597734455105742,0.0026618213322254346,1.350837804321134,0.02493421771611249,1.441125962449879,1,0,observed_structure,policy_path,unresolved,0.6572916666666667,0.7282397157407915,0.4352665433860692,0.011223727208271018,0.03182362851278494
combined,20,0.12873075079706964,0.022611681878503133,0.1302019340631762,0.02579778911989732,0.002224852105469184,1.9106005779600497,0.02493421771611249,1.441125962449879,1,1,unresolved,policy_and_cluster,unresolved,0.6302083333333334,0.8101207528934802,0.4808011653140472,0.02517040518704353,0.10392509031800931
combined,21,0.12871335253487967,0.026158800622917103,0.13149832207355627,0.02536463777981242,0.0027599071689523046,1.5316826756536919,0.02493421771611249,1.441125962449879,1,1,unresolved,policy_and_cluster,unresolved,0.6125,0.8268084637176936,0.4936098090049093,0.007060317129024916,0.12153462984353354
combined,22,0.13158914981516287,0.02455778935864676,0.13569893352572227,0.027068780506780486,0.002841367065036047,1.8607940597008574,0.02493421771611249,1.441125962449879,1,1,unresolved,policy_and_cluster,unresolved,0.615625,0.8331449717462889,0.5027478229409493,0.031182592421282414,0.1335241854205017
combined,23,0.12406690449627848,0.021913807512824485,0.12735204375940548,0.024381844976054005,0.002407344819689238,1.1417199395729136,0.02493421771611249,1.441125962449879,1,0,observed_structure,policy_path,unresolved,0.6927083333333334,0.7203068961130012,0.42923851997730345,0.01156387330259736,0.02910254216929215
