condition,replication,model_gap,base_oracle_error,structured_oracle_error,base_response_error,structured_response_error,base_oracle_max,structured_oracle_max,observed_model_gap,observed_base_logloss,observed_structured_logloss,base_converged_grad,structured_converged_grad,base_iterations,structured_iterations
additive,0,0.012187115765306143,0.012175496730920504,0.01666776436521883,0.005377544435173812,0.010322779762714007,0.020517049540352095,0.025998758514562355,0.01105386806757173,0.8917993607629631,0.8927486432500442,1.3403707818302173e-07,1.6662478170563154e-06,14,49
additive,1,0.011340078366143048,0.004780340032712074,0.011780761844597865,0.001684288212522254,0.006393088588315114,0.005885748964320045,0.013457889287078414,0.010396613652577774,0.9051371426406779,0.909386018073706,9.571814620312714e-08,3.3978899194523466e-07,14,45
additive,2,0.014929894873247314,0.011733932976723219,0.019317408461664274,0.0047818884663911486,0.011450837648906287,0.013351743946821908,0.023299902434600984,0.013689884534851919,0.8838149586780498,0.884547455224958,1.4857777843447053e-07,4.817709761380045e-07,14,53
additive,3,0.007681368969309438,0.013043302552847419,0.015074563628919763,0.00421867380073537,0.005442820225175142,0.014285488901039247,0.016785081600169616,0.00764763767136099,0.9156163367273727,0.9159384261606722,7.303698786791189e-08,1.0951581601826084e-06,14,45
additive,4,0.01213118800554867,0.015498235428106402,0.020080490388841483,0.0066564600623880595,0.013111621322892212,0.019663979901438856,0.021879551623804724,0.010364373296151575,0.8942295031291171,0.8954334190167299,8.01039500051377e-08,2.9300572773316685e-07,14,43
additive,5,0.007896819054513388,0.006947520107140496,0.01049573038119733,0.0022633966402048422,0.00790477313499505,0.00961955643924763,0.013570380915399862,0.007183733343347555,0.8804373525896454,0.8801025954542477,1.1864288256187034e-07,7.749928147137394e-07,14,46
additive,6,0.009746310720365347,0.008751091339268068,0.013094140851828546,0.004141803841780766,0.009263452414880104,0.011753519819692002,0.015923674789512173,0.008491070322692144,0.9402679036085748,0.9414871342542244,8.322660637939162e-08,2.802816693752805e-07,14,49
additive,7,0.01601792515712964,0.011507041619729912,0.019531223076782928,0.003722186350637196,0.009430899968988245,0.014438974924013791,0.025817232555339503,0.014677834767532557,0.9285577762999977,0.9300232923875532,3.168252007476743e-07,3.998062686770066e-07,14,46
additive,8,0.009106975581297791,0.01356635253282295,0.01692835760868689,0.007926277186923117,0.010270366570334723,0.01595437054256886,0.019210053438688146,0.008467938735467372,0.9106835928150744,0.9100456640606073,3.399155574509505e-08,7.781703275331404e-07,14,53
additive,9,0.0118843253355201,0.014364791606432913,0.019094376991198272,0.0044333669777698115,0.009116744690219574,0.016307076409517153,0.021985856022444066,0.009952431528536912,0.9111836939742676,0.9151233992109921,5.2509717186704184e-08,4.78946653881267e-07,15,42
additive,10,0.008678164364520997,0.01436062815514662,0.01739179642291713,0.004722308669192955,0.008433611693967315,0.01724310405123646,0.022151735116420806,0.007633353081684371,0.9258125349003417,0.9256056761658872,2.0001716295216243e-07,3.838066277346749e-07,14,50
additive,11,0.01363096951277704,0.008633165959761742,0.015863836185076967,0.002751152974832809,0.009750368213803791,0.009690566104372458,0.021133976903743627,0.011843771261503995,0.9049232067345938,0.9049505026670173,1.7718472885853423e-07,1.1671645785748868e-07,14,59
additive,12,0.007306897677876529,0.009397097265517637,0.011244704177772553,0.0018868279619296913,0.004547323118411159,0.011234459474734093,0.013405336100487834,0.006567949117682965,0.966557198643553,0.9663259995755085,4.1416280358377855e-08,3.9534695112645e-06,14,55
additive,13,0.009755778322146212,0.0049192074766726025,0.010907006955944099,0.0014953103984859963,0.006432394979496512,0.0054092422994793995,0.014499205807461772,0.008617413793042981,0.9212346403022867,0.9231774931309726,1.0133538331635189e-07,1.5322910307152317e-06,14,51
additive,14,0.011109071159002202,0.016389565047800828,0.020978707594113553,0.003339166887005591,0.007783109452082283,0.018754956308083093,0.02395827808514037,0.010442893109689213,0.8889675872299824,0.8899679435891837,7.181685052074296e-08,5.567555242949542e-07,14,50
additive,15,0.011713663278201803,0.009543874055827177,0.01598756091972197,0.0043442901695184616,0.011503847571643994,0.011651719499781698,0.020397200085856722,0.01074667048946835,0.8843151493774724,0.8862978432268582,8.417034584530698e-08,1.0264941167272435e-06,13,59
additive,16,0.008434440109698235,0.009419679980923919,0.01222496835275544,0.0025637299503142707,0.006005571663738305,0.012533683825677568,0.013474461579169502,0.007364911900762526,0.9261329038124484,0.9269052490872679,4.4015487818968926e-08,1.120122943152108e-06,14,54
additive,17,0.008058170261089199,0.014903298575020393,0.01801762395752198,0.006362093398415597,0.009142879175274144,0.019704903349688718,0.021168883810862994,0.007219362934623737,0.9249272339482765,0.9248679435481245,4.908052755794173e-08,4.409180948151202e-07,15,62
additive,18,0.012785849229195286,0.013864371093040428,0.01836036946113117,0.007146288055262028,0.009404996420102708,0.01919539968056128,0.02092465549708495,0.01233622621285328,0.928901047501672,0.9290013803256056,7.640760173838971e-08,4.7148967201112607e-07,14,56
additive,19,0.00699015476516492,0.007804948568457561,0.010667215334635967,0.00282672067167688,0.0068717399692443705,0.00928613214497424,0.012793414023426812,0.0059061311140564616,0.8931738725852405,0.8924538434294641,3.3936952491373136e-08,1.9234840846382077e-06,14,53
additive,20,0.010002831108561178,0.01372179584540422,0.01677909933455303,0.004151121479565336,0.006996293312893799,0.015277053261781498,0.019635219755150195,0.008403616053648198,0.9199820426184875,0.9193217280172095,3.746662448453515e-08,1.4422670423197526e-06,14,41
additive,21,0.010595481671313568,0.016046543993500563,0.019449516563515304,0.007737871617087686,0.012952808007921332,0.018227561860684027,0.024877140593645906,0.008398088886857601,0.9083899766727491,0.9087556166716603,1.1360416447234742e-07,1.1609272689544058e-06,14,43
additive,22,0.00758985519005909,0.014544282563166568,0.016398521375210275,0.0034336375467807424,0.004741451960960149,0.017158493021472408,0.019100094352385282,0.007119432143560579,0.9112047841044022,0.9135702450040083,1.3732647789158493e-07,3.482619007486441e-07,14,54
additive,23,0.009070669780330299,0.01149892853077586,0.014432012672465978,0.003700075595700022,0.0060115201157702365,0.012437797991040373,0.016220132413706637,0.008811449991476306,0.890488647367138,0.8932755329369435,8.396571767345091e-08,3.1814118183898774e-06,14,38
nonlinear,0,0.09270102920904409,0.09820685204740702,0.015172204340422038,0.06277948203853975,0.008551224408186172,0.11524042153014265,0.01847984912300433,0.08186801933497531,0.903846846787822,0.8104740762186033,2.286315169223183e-08,3.3778427031421225e-07,14,47
nonlinear,1,0.0933989525474365,0.09552801827230087,0.01113097794667359,0.06346391834985943,0.007745550617802984,0.12210947391489499,0.014916949784867089,0.08283818499789718,0.9201711657496524,0.8315969914566802,2.4733261040350667e-07,1.3026896439197796e-07,14,53
nonlinear,2,0.09542210455506114,0.09847919312438771,0.01672393645100824,0.06260878535921144,0.009811413873908,0.11504535946529534,0.02042752894843967,0.08272287278610384,0.871497516366903,0.8215143378777009,2.6426730884870388e-08,1.6689684578799426e-07,14,42
nonlinear,3,0.0972642619054154,0.10078167925673594,0.014078896533758557,0.06362382872810021,0.007486084710014327,0.12206814574510932,0.01824907245312292,0.08591633285158284,0.8905975280288393,0.7983215949679855,2.779262540204483e-07,2.6858446105734756e-06,14,38
nonlinear,4,0.10127382728921815,0.10094827242923249,0.014156829600981555,0.06355569066025193,0.0076804387564300075,0.11406728501035818,0.015151748156398484,0.08956110401025959,0.9097942533717273,0.8345811524557988,2.5312749017398876e-08,1.070733377874205e-06,15,49
nonlinear,5,0.09940249506049732,0.09702806080604917,0.01357277385258774,0.06202951542820529,0.008819708601070354,0.11659736298802703,0.020569641080837222,0.08741146742183137,0.8600647284171584,0.8010957920112453,3.9895428700898426e-07,2.765910240981945e-07,14,57
nonlinear,6,0.10025421761768243,0.09547440954926172,0.010793739017489474,0.061270503123883234,0.00697201450197688,0.1134508039420538,0.01252553342622159,0.08948264512125412,0.8724273629590452,0.8136343791949112,1.255264921270387e-07,1.9829780880461383e-06,14,51
nonlinear,7,0.09973849034369779,0.09825530776130253,0.01618088181190624,0.06278152474333162,0.01114342662875225,0.1203216143448743,0.019549676087819406,0.08880549642444209,0.8746740878019275,0.8010407920035589,4.952702163207694e-08,6.328458688173487e-07,14,50
nonlinear,8,0.09677732430097535,0.0994566698098719,0.014227131781357689,0.0627673709522832,0.007858112370347932,0.12104903454543817,0.017961251201446517,0.08691644967106166,0.9221931260927964,0.8249223857320502,1.0733571149284301e-07,8.299468113274756e-07,14,48
nonlinear,9,0.09721335280101219,0.10018892612191278,0.015345816174656397,0.06449536538131453,0.010060995663170142,0.12133445306022858,0.02132835961731176,0.08477732282767697,0.9113529850425659,0.8205334062251394,1.0398462739762311e-07,7.559225523683902e-07,15,51
nonlinear,10,0.10022986129516818,0.10201932207868065,0.014996460714816973,0.06490751884931673,0.009370159434562942,0.11998954482969595,0.019772917414913223,0.08720962201427263,0.8743616528250875,0.7808685349337365,8.321860072276139e-08,7.373965176354609e-07,14,43
nonlinear,11,0.10579607271143252,0.1001291971967969,0.012771808960177652,0.06520495883713576,0.005612292189165493,0.12109035932337352,0.01526935206076485,0.09178698874413528,0.8958102657838789,0.81584593287022,1.1004486925652798e-07,6.700500412536848e-07,15,46
nonlinear,12,0.10104829977926563,0.09762432387925418,0.014579452771118153,0.06246524907719217,0.007601414294594976,0.11757460126854621,0.017758498423418877,0.08956072187993962,0.8868490735185431,0.7936806847629969,7.585463696209958e-08,4.708912789304614e-07,15,45
nonlinear,13,0.0935464350922692,0.09854567646149172,0.012823076563066787,0.06350283901386432,0.0062815488420714955,0.12286535299500913,0.01396682047190053,0.07978970133157341,0.9054874502870541,0.8262055541784823,7.744826969894106e-08,5.996486946204796e-07,14,46
nonlinear,14,0.09671329944748003,0.09556168245057443,0.009077789806997184,0.0629314266312948,0.004812820835366454,0.12017560907310518,0.010560997902834855,0.0844905552303795,0.8825273315977642,0.7936458779154087,7.883390870004961e-08,5.883636971861796e-07,14,50
nonlinear,15,0.11388520386529644,0.10488447806638374,0.019028589600948206,0.06498118148482182,0.014089226120021043,0.12523026656298392,0.023423458207433277,0.10152240431456594,0.8793955514253233,0.8030406430584172,5.4830294996584955e-08,2.7098361795842773e-07,15,44
nonlinear,16,0.09304855628947802,0.09910578516799998,0.010583399258099218,0.06377376100170391,0.0063563564837392636,0.11991597055437223,0.012512374035584625,0.08122028210219473,0.9190309736106321,0.8342256029872837,9.251339776108342e-08,3.3471969515872077e-07,14,47
nonlinear,17,0.094411900080173,0.09794136461771466,0.014145269012253556,0.06390657281862595,0.007673833028296648,0.12482904038157261,0.016538861084727543,0.08025489411154191,0.8948216745179527,0.8111871648995694,2.358617994880144e-08,4.757298187430892e-07,14,46
nonlinear,18,0.10300397755644736,0.09959371905422244,0.011043651841902582,0.062291661166361374,0.0062508300875383956,0.1189710016434732,0.012778812713254038,0.09282672652523255,0.8872970836889447,0.8072990642552685,2.8978986427305106e-08,1.8066938003767716e-06,14,51
nonlinear,19,0.10226968004015807,0.0994833509799833,0.01478782490887339,0.06382536928941529,0.011377249887886095,0.11348619524397496,0.01722750172073569,0.08952746613192779,0.8803382363449094,0.8023924058985746,4.121203300798122e-08,2.5296027823671274e-07,14,50
nonlinear,20,0.10141746327064181,0.10011474253885604,0.013502029512556583,0.06254655190527555,0.0058307547421466675,0.11914522685171024,0.0179139639389752,0.09125614305752389,0.8838309855908101,0.8059501579061752,7.881281935742928e-08,1.789717817961842e-07,14,46
nonlinear,21,0.09779859624663861,0.09446293568103742,0.014215112388340159,0.06124119884992168,0.006852448874999957,0.11102002720056951,0.01922466083821835,0.08710004905776339,0.8619131011002844,0.8008758030947588,7.622113441460316e-08,1.3436453574587745e-07,15,48
nonlinear,22,0.09146220771759846,0.09272293139625865,0.013488647669563533,0.06165882471442566,0.009222728276508232,0.12319743278350063,0.01873078569986179,0.07921048072679443,0.9076201629644028,0.8137719108870363,9.328898226623143e-08,1.317211541630595e-06,14,41
nonlinear,23,0.08900664968902967,0.10330208093228133,0.016500645146851643,0.06437821190025629,0.010074762877638829,0.13156036386796002,0.02071535407108296,0.07875085388578533,0.8616842625019152,0.7746911217271013,1.1826896416128763e-07,2.4503203933742444e-06,14,52
threshold,0,0.02325597996030896,0.02091336322213723,0.012272281712673382,0.01907801131367419,0.006261192083330662,0.02697268034222945,0.014062930674028746,0.019871614433170395,0.8864789859635881,0.8865344374587933,5.167171386816563e-08,7.656063348209175e-07,14,60
threshold,1,0.016727594191774303,0.019087488554124055,0.01778411655709862,0.01746752554065094,0.010068359038945929,0.025343369584968804,0.021234018927942588,0.014363125401734326,0.8506627206799661,0.8490689468224465,5.344326967722437e-08,8.167126839574493e-07,14,43
threshold,2,0.013334890419959966,0.021479356974009895,0.014046465954284156,0.018987135701959118,0.009566644546354405,0.02841107292448022,0.017637831522316127,0.010721431500137251,0.875846400523383,0.8733773897368287,1.5585784469865187e-07,1.0344021354732674e-06,14,51
threshold,3,0.017056691109150358,0.019525449759568665,0.0102071873529883,0.018325998893053263,0.006188234620459072,0.022855638347455364,0.012723774018008966,0.014074400713699912,0.8343583974084829,0.8340962703731241,8.432437183627031e-08,9.03188766427214e-07,15,59
threshold,4,0.010380274578801054,0.01994654564501569,0.013669942927146754,0.017812969990706518,0.008711428105282859,0.022875373814148503,0.01481458436572087,0.008963995612676882,0.846180402055691,0.8432531981239462,5.1435744454343506e-08,2.472547344362067e-06,15,53
threshold,5,0.019120968988112354,0.01959420930624059,0.011725876496488118,0.01673457786148254,0.005894422979338498,0.024298061543553,0.01410425933627019,0.016595855487457605,0.8839877868523179,0.8837019550720273,9.82220335674468e-08,4.711901322602297e-07,14,54
threshold,6,0.01581810580688969,0.018424314083519838,0.011346758944769707,0.017361004300907132,0.00826907402967094,0.024829094818421726,0.012530573704449106,0.013068108003887392,0.8713770853401945,0.8699022643222167,7.818767974385188e-07,5.619866086866722e-07,15,58
threshold,7,0.016061203706961028,0.020657879923275925,0.014880863606273116,0.018241668453557628,0.008830056761654543,0.02583891947869984,0.017257183966779995,0.013512557868196908,0.8309052434247298,0.8248409008452474,1.6091568357814133e-07,5.627816351926554e-07,15,49
threshold,8,0.02552328956366006,0.02135949054915269,0.018973243772665786,0.017686988983250117,0.009226122440535379,0.02742523676011452,0.02532804290387785,0.02087488591715682,0.8536486841286587,0.8523458924910011,8.963554490684124e-08,7.021442503233911e-07,15,59
threshold,9,0.024188377763287635,0.02173419942235882,0.019397848999110748,0.016964269617683592,0.010379205456629481,0.02674428291120572,0.02300451083395363,0.020785357268634102,0.8474538371432662,0.8466223334772371,4.506363843225555e-08,3.050398768082404e-06,14,48
threshold,10,0.02120750093227075,0.019669603554381392,0.012664584188113384,0.017968770488943932,0.005488624298453485,0.02381333452620702,0.015699741585827563,0.017970290639152012,0.8545448998956366,0.8543808432854656,5.224208714132202e-07,1.1301355437869803e-06,14,48
threshold,11,0.021096044759879227,0.023120718495989942,0.020738438717929762,0.01711490561812273,0.010817101621330875,0.028928754696329217,0.02538370460394381,0.018505925718869574,0.8524105971182294,0.8567829404401546,1.9426552419596517e-07,9.261993424819178e-07,14,49
threshold,12,0.021702913292504632,0.022415075495728878,0.019701059285763687,0.020602442021436008,0.008581187290617033,0.027949602619198863,0.024104137122685415,0.019931191028010282,0.8991879740136107,0.8969844164412206,8.910285195947148e-08,1.2142263171521854e-06,15,41
threshold,13,0.01843994227137056,0.023267436070073904,0.017346679392782866,0.018185914991903744,0.006896765810858197,0.02745753306466805,0.02036022600562452,0.015124018927633978,0.8664888305847922,0.8620160323832186,1.128339176722495e-07,4.207293032225265e-07,14,51
threshold,14,0.01906263844444529,0.019285985879223703,0.01592850916600935,0.016500564786714148,0.008749164909158747,0.027583081591245815,0.019986797915301616,0.016823002892307603,0.839591113520207,0.8417835464505264,6.424521099683035e-08,1.3653006233541975e-06,15,47
threshold,15,0.01338389928926256,0.02113732102028716,0.013762660205257597,0.01692743152405161,0.006851642704675764,0.025339629527782688,0.015277336710444454,0.011215861006090084,0.8432519803676196,0.840578364485752,3.8620855497147576e-07,5.642201513873621e-07,14,49
threshold,16,0.02418993870807954,0.01806952975474972,0.013506124524376798,0.017032933400592417,0.00960623852736888,0.02549151311650943,0.016988424947230137,0.02037488526135967,0.848551848241141,0.8499197671951698,1.3103681748255058e-07,4.461964659126325e-07,14,57
threshold,17,0.016554175244013605,0.020286516082489756,0.018045504963378898,0.01689395834652342,0.008886882891430895,0.02882779798802586,0.021044292850395906,0.014752405839169829,0.8568987329775133,0.8558931767144109,5.9330015490582574e-08,3.363233602838328e-07,15,45
threshold,18,0.012591299522541502,0.019979095856211788,0.016479241890995797,0.016779584105928298,0.010722657169426941,0.02578817552905803,0.019210063732528652,0.009866232949377024,0.8836933118781486,0.8833913399843726,1.72366616407911e-07,6.450904473353494e-07,14,50
threshold,19,0.022646879428790543,0.019828586979021116,0.01246470122379736,0.01751408380937257,0.0059797319669390205,0.022660974521372088,0.0140829551796834,0.019166827105966806,0.8982519053450453,0.8968980721454373,5.344999114728459e-08,7.641053488197775e-07,14,46
threshold,20,0.018211794487520923,0.019746904556076115,0.01249594455925612,0.016532075658214813,0.006018700351518166,0.024803624913653396,0.014289349608046174,0.01567472053586042,0.8401732837899575,0.8376140486136204,1.0558581136396305e-07,3.190917922807346e-06,14,50
threshold,21,0.021107972140512344,0.01867617848595195,0.015829911852619904,0.01707595335660578,0.01152682720828656,0.026220238631326512,0.01843172030000222,0.017844995393315608,0.8527579563718273,0.8567991798160842,1.0114713062367485e-07,4.555933565195526e-07,15,45
threshold,22,0.011536033731524849,0.024374639536935458,0.017980280599492516,0.017957297702052937,0.010558783307934064,0.031109169495121373,0.022236608428913687,0.009249509906841123,0.8899356400538089,0.8893290841279047,1.5536038419931755e-07,1.0739894170056093e-06,14,50
threshold,23,0.022443556990467076,0.018759911368440012,0.013475302631319623,0.018271793062445817,0.005889578186467988,0.023817939117334597,0.016439345348340295,0.01882487325217105,0.8807443974233374,0.8765930267367726,6.128905668850888e-08,3.5524004444418026e-07,14,48
interaction,0,0.09299001888427551,0.09266866761468252,0.01656990627084566,0.03844364885554937,0.006969475061157925,0.10110278988680091,0.01843281966750138,0.08791921218550479,0.908217344880913,0.8308294555034396,3.223146940111669e-08,6.089840445661066e-07,12,42
interaction,1,0.0935152633519893,0.09183931672713024,0.018428141274141864,0.03941017678289848,0.010736633284074058,0.10355309217617926,0.02558105217595396,0.08764747940668352,0.9138334663643942,0.848126854839915,5.444067871600549e-07,7.10392784140511e-07,15,46
interaction,2,0.09421471875227128,0.08980713630855199,0.010512724890392277,0.037496869809550123,0.004721253060861231,0.10379701728982664,0.01291024284824435,0.08932484375738932,0.9219109378049406,0.8447013464343284,1.2174217575738238e-07,1.2985718730166066e-06,13,50
interaction,3,0.0825627962881777,0.08573476817463886,0.020666308344681254,0.036447660378853414,0.009107504389409193,0.09562013091901646,0.022085303829770718,0.07728497297698564,0.8877432172290953,0.8161721110406847,1.2677360844838385e-07,9.370672792670859e-07,15,52
interaction,4,0.09184298703670674,0.08975224453613433,0.014970327578729209,0.037767714206185236,0.006624758804604256,0.09820113726856056,0.018371009071458975,0.08606530083427799,0.922136740412927,0.8608887979467689,1.2767308182892734e-08,7.090417079337303e-07,13,48
interaction,5,0.10179317941439227,0.09539913402993941,0.01801761838537952,0.040726960913743,0.009437189450408088,0.10560309629311056,0.019539500001444558,0.0955306578117914,0.8852438892123652,0.794222191498172,6.370854454033036e-08,6.238524462947833e-07,14,52
interaction,6,0.08899190008861677,0.09147928496059897,0.013651672517882763,0.039804819286335356,0.0068590741893911995,0.10004387422368145,0.017502836237908343,0.08325501571402799,0.9312270337406424,0.8549215728018801,6.203168754148006e-08,2.915627217449109e-07,13,41
interaction,7,0.08729763716448817,0.08733820402038477,0.016328661534508584,0.03799355344921512,0.006727465721760187,0.09722607952520579,0.019175396056369292,0.08189608042256578,0.8996940443571655,0.8500552956874976,6.381384275536703e-07,1.3292291525734631e-06,14,51
interaction,8,0.08849489607682183,0.09298084138911858,0.018133668249454928,0.03842203947515785,0.00748571400501899,0.10169855380930279,0.021705612930124154,0.08455479720511365,0.8727966402461136,0.8120677856260071,5.893585652708491e-08,1.2694428471775967e-06,14,45
interaction,9,0.09284976648433584,0.08682332324441257,0.018928550160052404,0.03773354023552967,0.008247237419909976,0.09760257126295824,0.023222348163961362,0.08653667970454701,0.9057920276278438,0.8259584302777652,1.070717502274813e-07,5.642368495751733e-07,15,42
interaction,10,0.0876163062704012,0.08988117031665832,0.0103231697784041,0.0376684208851665,0.005947047154214856,0.09899512009266839,0.012402729106805517,0.08306208786739927,0.9150672165597313,0.8317895014955987,1.0833987422649311e-07,3.741437673376955e-07,14,45
interaction,11,0.08761353623678098,0.09488730425785946,0.013982034166083932,0.03964670752500364,0.00779150646183756,0.10833494691155941,0.015483030925585508,0.08298287562576541,0.9022546356297634,0.8246155592665955,6.872509415831347e-09,8.035084299819932e-07,15,47
interaction,12,0.09110752122583417,0.090717640682273,0.008394673674691678,0.03855211953483161,0.005075136648223998,0.0999006207944437,0.011720598919815414,0.0860602099338574,0.9144618012053297,0.8436790683572418,4.8244941242957945e-08,2.055301171307016e-06,14,49
interaction,13,0.08628814606561011,0.08983579953709062,0.017511331800150617,0.03765190280291491,0.010412638428394228,0.09805506911879781,0.019183523159867318,0.0821217132049784,0.9008326488110309,0.8288157964594132,1.1605624387878676e-07,1.204253860971128e-06,13,51
interaction,14,0.08278476634145238,0.08773076913530195,0.013977141633019101,0.03820567969861381,0.007968390065293691,0.0977576584244796,0.018173581284702697,0.07822197398986684,0.8632918957138884,0.7941337084245492,3.5003891895929104e-08,1.3264500327539761e-06,14,52
interaction,15,0.096919723074258,0.09164287836071361,0.011823932115184982,0.03898763987921076,0.005509978912327305,0.10152062170722724,0.01336188884023571,0.09199369372298485,0.9030619110855697,0.8381383342982551,8.198369484370893e-08,2.7285091666875093e-07,14,47
interaction,16,0.08775519332493344,0.09074332549113409,0.01717371340249991,0.03904534598778781,0.01240414786202381,0.09871702346440997,0.024126126562225063,0.08267219444715994,0.909654170339988,0.8420986132131402,1.9573936920424216e-08,2.820609533513127e-06,12,47
interaction,17,0.08151979369776646,0.08649851490461063,0.011307911666566844,0.039211699045642874,0.0072482812051196605,0.09633656066697814,0.013631250746193604,0.07550313898606466,0.9211085154189139,0.848956132963777,2.27090024870584e-08,1.069695532580467e-06,13,58
interaction,18,0.09436870232717659,0.09261650756128764,0.01807013739322534,0.03976314278176344,0.010601792663598605,0.10156803963229874,0.020774848428686134,0.08985056905719628,0.914407382910675,0.8582333839135039,2.6924972780376435e-07,1.1032169573008859e-06,13,38
interaction,19,0.09756150741806219,0.09095431426255302,0.014810188373112756,0.0381804892322386,0.005803231515609216,0.09983954093981665,0.01593865880457946,0.09286345070304255,0.8745098656943869,0.8060229147461829,7.067476998935934e-08,2.953761823134555e-07,13,47
interaction,20,0.09077165353295293,0.09263697832877131,0.013699085447075886,0.038116400491049224,0.009832166288252092,0.1011233776253536,0.015633458168041073,0.08621446075092364,0.9135252306118502,0.8365027662088723,2.337382066087794e-08,7.98970518795742e-07,15,54
interaction,21,0.09076161444782699,0.0933086316396358,0.014300691237974552,0.03981694515861826,0.006329893614866828,0.10347091290147452,0.018790782812121522,0.08555163278366758,0.9197136647651037,0.8454548969614332,1.3395829300086749e-07,1.7920134989954318e-06,14,54
interaction,22,0.08320161941645524,0.09088660473737482,0.0167622847772788,0.038831076808160093,0.008012443804533982,0.10045539984882011,0.02057703560116326,0.0781043970047702,0.9314220572171941,0.8592879609667037,4.1410525966028135e-07,8.693697894463729e-07,14,46
interaction,23,0.09202782150785681,0.0911221497530764,0.013134451673589141,0.03958810939334664,0.008783303952472055,0.10181032470033419,0.016462321493293252,0.08655989585756739,0.8958039063871299,0.8318998497667527,2.4048019460286936e-07,1.954942919186675e-06,13,51
heterogeneity,0,0.007861568123599179,0.011922035055541099,0.01119086730292388,0.007817124496108309,0.006463594198368414,0.02216872752153448,0.02170546508693194,0.006657045342058953,0.8908321778981563,0.8902924236814592,2.9848682249608224e-08,4.296703351034845e-07,15,58
heterogeneity,1,0.005695437922015322,0.012499814736748004,0.012757618024539086,0.0058050242509484935,0.005398866228621758,0.017885579526096113,0.016389103531103903,0.005035800496110015,0.9181609152315761,0.9189960418889409,4.2289273900146095e-08,4.379430242929459e-06,14,46
heterogeneity,2,0.01642680064534179,0.012634810700866202,0.021707775717457665,0.005985072420877532,0.015079283756631515,0.01734837274901405,0.02953683987443245,0.014504787667040537,0.9217491296866884,0.919215904145423,1.3154149874547699e-08,7.904334733213354e-07,14,54
heterogeneity,3,0.003477881020669196,0.017237966386989163,0.01771640234511766,0.007625717469718534,0.008548520916784529,0.020844992704317795,0.02138807998067139,0.003146432492414541,0.9079191389190219,0.9079848473074944,1.592911476100997e-07,1.228059059063527e-06,14,45
heterogeneity,4,0.0062904273813110916,0.014416341836741295,0.01521407109576358,0.009328505381689335,0.00969449552455732,0.01825604933483983,0.021789957211891104,0.005619754029100698,0.9406665473658199,0.940502835401236,6.580556290207646e-08,1.9010924784216838e-06,14,49
heterogeneity,5,0.011622247338554095,0.019616278095592687,0.02221594343670862,0.006475200996727462,0.009851353887696264,0.02652415530789392,0.030436764931345367,0.010068115928805474,0.9258504547257526,0.9260859106023343,7.661611755953573e-08,9.861921960079766e-08,14,45
heterogeneity,6,0.013883767902854779,0.013871888026682953,0.018469345802508925,0.00676760678347262,0.009075768783218557,0.022635123180003575,0.024539847663474557,0.012232405991627811,0.904632104196618,0.905654729900587,8.801527940597176e-08,2.489632685601605e-07,14,54
heterogeneity,7,0.012789700177536993,0.015704646385502063,0.019695800874627845,0.0038717699367028114,0.004287296662848925,0.01707934990737773,0.021372325765078505,0.012420810220605809,0.9142731702812225,0.9133345304025019,1.1580544900642261e-08,1.4992393488960296e-07,14,51
heterogeneity,8,0.011559445462316398,0.01198334704816362,0.016098965553674977,0.005080677684552222,0.00898848889511283,0.014228305188780021,0.02047794642943269,0.010097248012031716,0.9333830187088561,0.9349817325007203,4.3690006518311807e-08,2.5398572701761746e-07,14,44
heterogeneity,9,0.012131760020083242,0.013480305150013576,0.01696702924191984,0.00767996795010702,0.009814888711933943,0.018335513967028972,0.022975977999191308,0.01055593319697206,0.9053579723600279,0.9076809925882451,4.8433204826879486e-08,2.676090365635716e-06,14,61
heterogeneity,10,0.007467753179592543,0.008425265139785533,0.01238684223836107,0.004535566814409236,0.007504675942907572,0.011978025312028738,0.017506237416290645,0.0065082142077518305,0.9345249198690986,0.9361673765773699,1.248437524951733e-08,1.5259597718129654e-07,14,47
heterogeneity,11,0.00828103253071375,0.01251864043062522,0.014106742001115367,0.003813383938747133,0.008064109028485138,0.014670917629430087,0.016434965330878678,0.007413619803831204,0.9513390000748676,0.9519477789128697,1.6963105168470768e-07,4.6253839600392363e-07,15,45
heterogeneity,12,0.009845282583387311,0.011066285510819946,0.013829972046328833,0.005449319567443193,0.007108327206637895,0.012874684673636822,0.015680460786808664,0.00835793683646578,0.9212480222829548,0.9225730780278654,3.214767802054439e-08,4.411090977289025e-07,14,47
heterogeneity,13,0.0070681158684274764,0.021220757643355594,0.02247459968571562,0.0032574217318835728,0.0055180880983861005,0.02415156033459203,0.02549855495465977,0.006467468528412407,0.9156705238227593,0.915397309318592,9.094949170306986e-08,7.982228009620346e-07,14,49
heterogeneity,14,0.006322711264790111,0.01578169761775428,0.0173560439720939,0.005753987399077971,0.007819386658884788,0.019364356702027092,0.022580587171545256,0.0057408457649538195,0.925308860714637,0.9259150237725469,1.1232020935721381e-07,1.7560496870405891e-06,14,37
heterogeneity,15,0.0158483868380163,0.019379908058154007,0.02685178976499173,0.0051769437006625,0.014112385217935668,0.021528508782954592,0.03122821516818769,0.013173521020312008,0.9537056450577379,0.9574873363353329,1.302703433015513e-07,2.010720916751659e-07,13,50
heterogeneity,16,0.009874344094927517,0.011064835427789571,0.013247039441271726,0.005000035409218461,0.006256610855709948,0.014592099922433866,0.018827457563909213,0.00909761988242786,0.939009142585981,0.940026570739937,3.142479884068929e-08,2.4126307407587354e-06,14,44
heterogeneity,17,0.010258222275369896,0.015584402319322907,0.02014573541190635,0.008637374590258783,0.01259280121075341,0.02047297485738639,0.02798809684490465,0.00972134959454596,0.8871692308555351,0.8850235629836597,8.11031205631696e-08,1.4406100642172016e-07,14,58
heterogeneity,18,0.01020443093802839,0.01914215320239569,0.02264289212079785,0.006195226237546086,0.009422808524356332,0.023578407319397587,0.02706040373418978,0.009117714849700169,0.9312127917274069,0.930293268480556,1.7140207821824977e-07,9.837542870729063e-07,14,54
heterogeneity,19,0.010349551274010183,0.009071447130242391,0.013531339336271129,0.004848372055055579,0.006868194958620619,0.010347096942968268,0.01637895744681456,0.009757823429245516,0.9321622350810059,0.9349283686288989,1.306924660885258e-07,1.2703400376724033e-06,14,53
heterogeneity,20,0.005081923620140313,0.013104836063788719,0.012987768503977143,0.00612565848097518,0.0051059331917980896,0.017355937473624364,0.014995378320795304,0.004633134589195246,0.919201015389789,0.918097871888657,5.802719535885799e-09,1.1282367147829477e-06,14,47
heterogeneity,21,0.009310618974764616,0.013167998575551183,0.015786329369935473,0.006923239138583975,0.00861531060103081,0.018960600751322533,0.020631769042439983,0.008389572175214632,0.9187066759188272,0.9182561964915659,6.36159470432504e-08,6.929706839449068e-07,14,46
heterogeneity,22,0.012402729683069451,0.01585767015192614,0.019276635500183225,0.007500192886389932,0.008052497745198953,0.02301387491029901,0.024135494557041105,0.012044953422993821,0.8674234746835322,0.8673248677231371,1.517965687778365e-07,3.696200705107346e-07,14,60
heterogeneity,23,0.010773057069731376,0.011766778477770369,0.013764473994923384,0.007727667224577097,0.007354307083760612,0.01729158520446565,0.01571152617233275,0.009879687201093194,0.915948950211739,0.9172003839025926,4.1368099060938666e-08,1.542038809124747e-06,14,47
nonlinear_threshold,0,0.09703962264856261,0.09126960665270034,0.010089444766315762,0.06294007507557405,0.0067373224992655955,0.11991610257920154,0.011815744675020445,0.08524532047448619,0.8613892049815917,0.7807842040403007,4.628005931018057e-08,5.876240285681037e-07,15,46
nonlinear_threshold,1,0.09536781413438765,0.09482208996182652,0.01368110905229035,0.06440520428517518,0.009262316414284247,0.12013177616816562,0.01775545715345305,0.08360267317816601,0.8213103796420195,0.7283613437247212,1.3665907790181946e-07,4.13767786215896e-07,15,47
nonlinear_threshold,2,0.09297590497644886,0.09694741288898324,0.014588587875818496,0.06420412136461098,0.008587663244980347,0.11358307487458755,0.018303384697951133,0.08170114114707511,0.8758841537302189,0.7898044550157061,5.572025846048954e-07,4.87835994283738e-07,15,50
nonlinear_threshold,3,0.0915386642939508,0.09892965746641544,0.014107547477219382,0.06535522552213717,0.008944196612837185,0.1230233577096858,0.020689522225206015,0.08176782712503042,0.8562736149396885,0.7576476135708099,8.767103863417886e-08,1.1622075817918978e-07,14,51
nonlinear_threshold,4,0.10749877020633473,0.10410238730804283,0.01246228936411114,0.06754235660279631,0.008349301900239279,0.12465776137312404,0.013644166802357489,0.09624223357194402,0.903447050914712,0.8143553586659439,1.8270816597295778e-08,1.0201476120503096e-06,15,45
nonlinear_threshold,5,0.1021994968778011,0.09683110060098064,0.0169332941639751,0.06459890014167874,0.012111551519322441,0.12663951422627748,0.018847841613226293,0.08869289945154649,0.8550809675323513,0.800845373818946,3.176919765603657e-07,3.42690201119095e-07,14,42
nonlinear_threshold,6,0.09735688599803545,0.09630046141683252,0.00869028043541697,0.06485396495716998,0.006364881535376189,0.12000308626637227,0.010233068368894628,0.0875341623177995,0.8643440397496062,0.7741196792223567,3.719627471434955e-08,2.6020225326865183e-07,14,45
nonlinear_threshold,7,0.09229710915870838,0.09453097908665872,0.014638145667771187,0.06499079189787534,0.008072513584947264,0.12309729637883254,0.01757045729880749,0.0810765536701882,0.8548017759464218,0.8031682255367915,5.816172179643874e-07,5.921764496896479e-07,12,43
nonlinear_threshold,8,0.08851998425097782,0.09374847112949009,0.013292220328241575,0.0649143850510565,0.007832400893783467,0.1221045446268471,0.01763847285127673,0.07751937624233805,0.8772333749688889,0.7776609199487136,2.666055337465856e-07,7.550902754971086e-07,14,51
nonlinear_threshold,9,0.10187037318098839,0.09525098995700253,0.013008458963548028,0.06345577986892811,0.008387494747629452,0.1168994075977628,0.015413618962652807,0.09251107953098481,0.8273538608185741,0.7376205039925678,2.719680628389138e-07,3.992826604148165e-07,15,48
nonlinear_threshold,10,0.09364931636064477,0.0942388808088242,0.008688756859884232,0.06503378549949061,0.007017575916654205,0.1220154644561427,0.009593628335421388,0.08186827994340896,0.8568553253566982,0.7827357926632209,9.022892149071222e-08,5.797989761321173e-07,14,44
nonlinear_threshold,11,0.10598562064440302,0.09768707222262163,0.01079645283629896,0.06537005163485758,0.007688604219666931,0.1258160215407688,0.015006995920682338,0.09594319655629485,0.8883736157939649,0.7658784808815704,7.900371113848991e-08,3.808786026442449e-07,15,44
nonlinear_threshold,12,0.10239779542160106,0.0954125703089615,0.01559972356211801,0.06467428879655553,0.00868641750568138,0.11984431772693899,0.02216720127675149,0.09254391289409093,0.83371984403268,0.7366847818238604,5.217228226442588e-07,3.749614550965612e-07,14,42
nonlinear_threshold,13,0.09096999992228844,0.09407403556405511,0.016715864233407516,0.06401724659047735,0.00865476939473168,0.11551722610553199,0.019456399152712946,0.08032652218766595,0.8176922864218139,0.7413947592039302,1.1179858111514838e-07,4.5075899853517544e-07,15,47
nonlinear_threshold,14,0.09216743613512321,0.09328283692175338,0.012996152245652329,0.06517684532281007,0.009039062345249715,0.12578406994894945,0.014442501583040683,0.08152012838202176,0.8613159288049929,0.7847402169890223,7.080854590445522e-08,6.23149284340041e-07,15,46
nonlinear_threshold,15,0.08872011714509544,0.09418965974807127,0.012820123441532515,0.06489893563420164,0.011138498191630156,0.1136974658192572,0.015463358215693206,0.07842165912117584,0.8102826965410489,0.7279457244834409,3.6365875862509264e-08,1.5022050381079116e-07,15,47
nonlinear_threshold,16,0.09300743507254283,0.09625734138137174,0.011220612387646055,0.06513912105220437,0.007345411794447371,0.12259252469179785,0.01494201203196645,0.08220469588594623,0.8232881433188122,0.75506258374059,3.989238079452127e-08,2.314353638876868e-07,15,40
nonlinear_threshold,17,0.09767691594851796,0.09938302624727426,0.017736315015964142,0.06544589904229055,0.009305207258764658,0.12058788882940996,0.01943247927446733,0.08553753584711785,0.8484180552580225,0.7755269548727789,2.1197926419448893e-07,3.7509711138777446e-06,14,49
nonlinear_threshold,18,0.09554824560029954,0.09554532064352225,0.012214004040069408,0.06597225678563512,0.008508556574932536,0.12071831345138927,0.01312410111913641,0.08424680586533356,0.848455951641479,0.7610914549653044,1.8494321757313477e-07,8.429623723216748e-07,15,42
nonlinear_threshold,19,0.09297263653986637,0.09713136116583963,0.014588906635369313,0.06646048783242292,0.012317568910070334,0.1195382702519516,0.016103477321536705,0.08186168742165836,0.8347298111380667,0.7537735540676199,1.9946395372438634e-07,4.3378076435881933e-07,15,45
nonlinear_threshold,20,0.08601086203618394,0.09268075741678354,0.018033216358141625,0.06424345597635579,0.011173156113738859,0.12422006447423764,0.022276392049623544,0.07337523076972267,0.844948906505604,0.7546188594734833,1.2696005864592315e-07,2.8765359790070173e-07,15,59
nonlinear_threshold,21,0.09355983056347822,0.09747288755651015,0.01668141081024281,0.06527577940805264,0.010673762332093587,0.125419234025629,0.019793491101176987,0.08341469478721077,0.8621899230444624,0.7768773102030693,1.1245258814364043e-07,7.077222938564175e-07,14,57
nonlinear_threshold,22,0.09797939897336916,0.09793348285978015,0.013935015900887677,0.06526562382843555,0.009537602866372135,0.12846203663004002,0.018760052662401997,0.08619891034638971,0.8803728566565228,0.8217172780406569,1.5081743398571122e-07,5.624648787206412e-07,15,46
nonlinear_threshold,23,0.09269909046735972,0.09512943278117149,0.01261073834048817,0.06483899342219884,0.006783300134515655,0.1200994298618583,0.01563640366908455,0.0819057359160836,0.8369774523726463,0.7732205199445775,1.2441765807538882e-07,8.752469201722506e-07,15,48
nonlinear_interaction,0,0.1315069109064082,0.12668072461299917,0.013189785535366112,0.07333308173764684,0.008028357956856856,0.1468389282377089,0.014956970974061365,0.12176175589733806,0.8810403849044787,0.7868413001424249,6.817773537197945e-08,7.776449870005317e-07,14,47
nonlinear_interaction,1,0.12358885852168824,0.12666237032153335,0.012501696715698736,0.0704039906698465,0.008087957740232412,0.14936380718191858,0.014156807656947512,0.11563395743338453,0.8701737669222918,0.7283804199260544,5.6471445956615164e-08,7.83274477901422e-07,14,39
nonlinear_interaction,2,0.13051575858368905,0.13079167096198305,0.011913518585231075,0.07341574807007735,0.008185169731779691,0.15054160300935804,0.015456249858876456,0.12015103812914228,0.8868151279986746,0.7544884213826226,1.7877640389341726e-08,7.60348812122889e-08,15,46
nonlinear_interaction,3,0.1258484841983484,0.12803159413765458,0.012953291992894732,0.07181604096368609,0.006762278002059211,0.15530526559680918,0.016198938839585283,0.1156446692450521,0.8812262327552893,0.7336191874692681,6.921847141847567e-08,1.7897807935942007e-06,14,29
nonlinear_interaction,4,0.12706460566785982,0.1257114307484485,0.016418118285252192,0.07114067344723982,0.00870996921740575,0.15143051192026233,0.020503243605890478,0.11745885341146957,0.8905025414509371,0.7476080625191499,4.413043060245026e-08,5.208658850211836e-07,14,48
nonlinear_interaction,5,0.13046043093913068,0.12713031035487457,0.010417198544676954,0.07158492242193515,0.007386877859699831,0.15147248175243025,0.012183758209235467,0.12002215465318472,0.9039428566384845,0.7740371098731418,1.5839340311709716e-07,5.115929230186484e-07,14,55
nonlinear_interaction,6,0.1284549113877854,0.12466841385167676,0.012357713905869436,0.07207291951503225,0.008328424684467152,0.15280594396849267,0.0178277675021748,0.11698607414826342,0.8817032798702464,0.7375458957990949,5.653984690341413e-08,7.318360375824966e-07,14,51
nonlinear_interaction,7,0.12503576859524776,0.12884214067987898,0.009823152078037144,0.07203281267158627,0.005656535180206662,0.14972585560253981,0.012251148371774377,0.11579331282207168,0.869478928585792,0.7211311737854761,1.5249926431560755e-07,1.8422013273113763e-06,13,50
nonlinear_interaction,8,0.13734541913046983,0.13303031828885448,0.020696203923120677,0.07241962746719406,0.013381171239079637,0.14872061559756064,0.023017054656654715,0.1268915915493002,0.886640239351626,0.732226946105358,2.3810893861372483e-08,2.0626972637354055e-06,14,43
nonlinear_interaction,9,0.1288691162006484,0.12737809534430733,0.009840274156652918,0.07229750320713998,0.0056772740111049385,0.14996057629579818,0.010879207986330585,0.11635933161986799,0.8776539453883242,0.7543655346438504,5.885443842880162e-08,1.00944690004177e-06,14,55
nonlinear_interaction,10,0.1303356186247852,0.1326502212804891,0.013119033812814759,0.07266480176621652,0.007895246035698147,0.14910727389081052,0.014673836920426519,0.12100287916527033,0.8996669145773725,0.7423848496929428,3.443429558732769e-07,2.806119173551615e-06,13,40
nonlinear_interaction,11,0.12439278540530561,0.1324817436882898,0.01798009459931216,0.07517610774090695,0.010713342847055983,0.15787986759163392,0.02211030009582252,0.11330050691644922,0.8892132398581026,0.7453333615033839,1.0449926413883155e-07,2.5152590079344835e-07,14,45
nonlinear_interaction,12,0.13320958726965182,0.12732969911825356,0.013716970326388626,0.07155311904675467,0.007669923807944453,0.1431804769081207,0.01732802830875003,0.12145637803450442,0.893334202215322,0.7450472225793485,2.6562137480284692e-08,4.839061233984435e-07,14,45
nonlinear_interaction,13,0.13062683087966404,0.12617891126873337,0.013052466698304793,0.07369590077974972,0.008932188493435649,0.15154485294198586,0.01483567966342715,0.11951645512730455,0.8804099917369949,0.7543920680093978,7.820721769280156e-08,6.542254732169175e-07,13,46
nonlinear_interaction,14,0.12226446922915973,0.12541096935598922,0.01420133161356657,0.06981721235105776,0.009215125062951987,0.14829971415610177,0.019180650398228066,0.11303634891015016,0.8696124442348425,0.7318818121479244,1.5285930475425957e-07,1.6743077616878364e-06,14,44
nonlinear_interaction,15,0.13000108068148764,0.13302744002787695,0.009715441490525167,0.07169755840354658,0.007571944311082015,0.15330315915060083,0.011818629667526566,0.12219629927970198,0.9001270501744716,0.7592787090795405,9.582922152871374e-08,1.0957227245490461e-06,14,40
nonlinear_interaction,16,0.12939533469136347,0.1264063005182357,0.018871672802339708,0.07114305752063577,0.01399174307697313,0.14978535085065287,0.02160415823515165,0.11927906276479759,0.894792038618796,0.7623635010729444,7.886896976044139e-08,1.2053332238981269e-06,15,41
nonlinear_interaction,17,0.12207456588237088,0.126969725463852,0.013532235515868709,0.07367622543608329,0.008995568745337327,0.15691251429557762,0.017939298495891483,0.11187263002544541,0.8895453389145808,0.7469775415005773,7.469564810430596e-08,1.696620947443236e-07,14,46
nonlinear_interaction,18,0.12995200188804523,0.13267775401641124,0.008692394062474062,0.07484695787761134,0.004670020653280928,0.16407938821328932,0.009373975826495858,0.11967090346186657,0.9094991463691924,0.751779803834508,1.2890006782448078e-07,4.7406332912139425e-06,14,38
nonlinear_interaction,19,0.1271484072352822,0.12734410649424746,0.011957067750237051,0.07260529258679382,0.005708511132784401,0.1528342292622464,0.017960237966914323,0.11554694769215691,0.8958344170822429,0.766749845952141,1.4800332133490558e-07,6.172783788355651e-07,14,44
nonlinear_interaction,20,0.13067698659316987,0.12749034848516472,0.015332045144057524,0.07238128056426352,0.011474418641582676,0.14975994160022787,0.019048531373941413,0.12018621218889404,0.9231537910852258,0.7847707878022446,2.4369077404910386e-07,6.380769767707316e-07,13,44
nonlinear_interaction,21,0.12421144788248238,0.1288330695287644,0.015874181274118795,0.07375972234008338,0.011194621429122633,0.150446081625866,0.02201878603236682,0.11329101613152158,0.8960578420079073,0.7561609443818711,2.381693536530156e-07,5.925304009141586e-07,14,38
nonlinear_interaction,22,0.1199217164037266,0.12639431811915666,0.01740255097852305,0.07127725322886853,0.009383086692768423,0.14445738433973185,0.019270667919880736,0.10983069558662595,0.8890014662751858,0.7419568017506624,1.2788061381336334e-07,7.620366507029436e-07,14,46
nonlinear_interaction,23,0.12487880994436511,0.12834551614437922,0.010923487471847316,0.07264483540018819,0.006462707350894981,0.1537601932715172,0.014769416268682129,0.11383251806400882,0.8896577250204166,0.722770043062777,1.033745834069311e-07,7.860117168680787e-07,13,46
combined,0,0.11797225954114261,0.1237964882805588,0.015397450028498334,0.07353997062016035,0.009195033529303932,0.15068272552865103,0.01863185868995808,0.10770630602628245,0.8920596502534958,0.743852275045804,1.1303061676291295e-07,1.4927796497725496e-06,14,48
combined,1,0.12090981395235184,0.12362938663684907,0.014110973495940272,0.07074351321993468,0.008977188680841588,0.1526100894008365,0.018480782472626175,0.11197002843896918,0.8837289392710649,0.7270723687123052,6.79812911624474e-08,4.7146465060135014e-07,14,39
combined,2,0.11264529395420451,0.11755010186995511,0.015018633193433736,0.07132743193827905,0.010127248054400436,0.14632399058537796,0.01820188519823782,0.10322601155860013,0.878207070878405,0.7804314610377266,3.6928527070642647e-07,9.799864838517646e-07,14,42
combined,3,0.12475855660692321,0.12586729728353901,0.01318122714715281,0.07237212442296825,0.009302032641299782,0.14748852158467812,0.015930386451513776,0.1144939176268213,0.8643435510908923,0.7400423203480201,5.5357465318737337e-08,5.614780472703315e-07,14,50
combined,4,0.13138310775699857,0.12176985483371332,0.018174020006089583,0.06960553784414793,0.011871740466430821,0.14542005383002662,0.02134452180990157,0.12293879054519476,0.8500596226884338,0.7098726326867765,6.113280586481432e-08,3.063890685661491e-07,15,44
combined,5,0.11856892163730016,0.11667773678765604,0.015337698339175013,0.06951344841317396,0.008640329630040161,0.13983125789358267,0.018133544937775026,0.11042631114516133,0.8549358848064242,0.733027685932722,1.208466392393394e-07,1.326158517270823e-07,15,50
combined,6,0.11727390129946519,0.12423761427290361,0.021118392141219876,0.07232265736801122,0.011972088380247001,0.1497925954866971,0.024049200135132617,0.10672780962005095,0.8852390149277729,0.7637897175718364,1.9454328904137778e-07,9.884694558362093e-07,14,43
combined,7,0.1204130855385407,0.11871994914020889,0.014871083391168898,0.07167043321823992,0.009489902054638623,0.14465761594002824,0.016037140267071863,0.10951943888311415,0.8512128734488846,0.7147951986364046,2.916607951507222e-08,5.544448281637193e-07,15,44
combined,8,0.12017973800602083,0.11763121185029261,0.01278204878515577,0.07040564305405234,0.00855434990137508,0.14779065044690173,0.017556655957798536,0.10963637223730902,0.8747485034892591,0.7718661704405465,3.862224189283333e-08,3.433572901602805e-07,14,45
combined,9,0.12479481710603725,0.12232980508347552,0.010631132264189878,0.07387666655074412,0.007418960824516735,0.15224752890944795,0.012616633515310966,0.11419985893982362,0.8967699224544484,0.758521294372409,6.98187953643032e-08,1.844116282084308e-07,14,47
combined,10,0.11753669326444041,0.11960204940431618,0.01014243572515008,0.07029214572713822,0.00650282660419396,0.14752880536769453,0.011945065166534789,0.10916240609777002,0.8750062166063486,0.7502979311302691,1.2457986524013528e-07,7.89947806667361e-07,14,41
combined,11,0.12109614763277336,0.11763508505326659,0.017858516147694528,0.070914732114714,0.00946818773726086,0.15319746080892288,0.019586554092164293,0.11331065565855927,0.8611635865077562,0.7161940308809416,1.8093503645974377e-06,2.0305640953811703e-07,15,50
combined,12,0.1193963612916657,0.12387750026577955,0.012938796133667645,0.07162729202983908,0.008130292416929339,0.14394947491851715,0.01546098427976039,0.10942980258556459,0.8391556681702976,0.7132778377981237,3.386189285919808e-08,9.530204122081432e-06,14,39
combined,13,0.12408252911497428,0.12429130036963704,0.014775672790307972,0.07096326593295621,0.009883125327085846,0.1469687147578386,0.01773440973099648,0.11521106622540903,0.8840555984797651,0.7282325377016845,1.6905535088170606e-07,5.234834123624349e-07,14,37
combined,14,0.12281705692822593,0.12333908296581858,0.009316227290865578,0.07328371941676075,0.006967715928294792,0.14993242839873955,0.010116261365216168,0.11163760257538102,0.8483902310326795,0.7134998668104565,3.4074865724236045e-08,1.2565918958976812e-06,14,44
combined,15,0.13129513111191385,0.12665927302879004,0.016178721556986755,0.07299603026843786,0.01169561076449598,0.15372527350096934,0.018910579057523063,0.12106137283552769,0.8502012788760642,0.7121296920669302,3.82683952839186e-08,4.6874926064262084e-07,14,50
combined,16,0.11321991120643461,0.11805173826848916,0.014676740189220562,0.07211688855500048,0.009765383078614156,0.146203042092122,0.01592630797458393,0.10279583875761696,0.8487398124697524,0.729726539252071,1.4860789807058516e-08,2.408706959588819e-06,15,47
combined,17,0.12465587188963125,0.12204807939462856,0.016897012553014675,0.07292373203585374,0.010696689797133035,0.14667748723987906,0.01885195896281447,0.11384624383032153,0.8528597529494775,0.7311685569254329,2.703818974662017e-07,6.692259114607791e-07,14,50
combined,18,0.11816346351318043,0.12160192073572478,0.015675973811303714,0.07090466587949558,0.009845008220217345,0.14527085778891383,0.019552963936560447,0.10807527387395943,0.8412132479140157,0.7098812195004477,5.202812924411104e-08,1.3951739693770539e-06,15,55
combined,19,0.1155672146048346,0.11979774304850349,0.011761272916865316,0.06940304941411753,0.007539804414238178,0.1461879531358729,0.01286100962152221,0.10618865946048432,0.873331741463878,0.7487422906719812,5.050736364407317e-08,2.5558557948051437e-06,15,56
combined,20,0.12382948068247408,0.12045417529947694,0.010386358667689504,0.0711023732662888,0.008074352444510064,0.15158087608876397,0.01389525377537522,0.11296323543493209,0.8550484397201497,0.722150953338102,5.817337426659505e-08,4.4045853888144155e-07,14,53
combined,21,0.13621428308592326,0.131439761246643,0.014658944539607699,0.07389727378585267,0.01107916438362736,0.16228221372531804,0.02036267773034271,0.12608091813687675,0.8987444319734623,0.7154278381665643,7.189290442095398e-08,6.194681268915144e-07,14,36
combined,22,0.12718659580950106,0.1272089657499098,0.013824684952252598,0.07161263556693816,0.008961288160233212,0.1527940929475663,0.01718849339584095,0.11844763796692688,0.893396537588193,0.7184001494294908,2.1514754707180686e-08,1.341462642142938e-06,14,39
combined,23,0.12109665145287901,0.12434987689210482,0.01571486560499842,0.07224279682692325,0.011156685032841528,0.1557841454137151,0.01691478274142927,0.11350794823981189,0.8866843027580845,0.7165441902460615,1.0331791299887302e-08,4.135525547758036e-07,15,42
