structured_gain,library_gap,flex_gain,cluster_score,base_loss,structured_loss,expanded_loss,flex_loss,replication
4.03635682603154e-05,0.0004462543746406311,-0.08427716011171982,1.124325343384247,0.9200532806595647,0.9200129170913044,0.9195666627166638,1.0043304407712845,0
-0.005814341256928257,-0.0016596798150269043,-0.0685596081398766,0.9923430570158807,0.9221139712909031,0.9279283125478314,0.9295879923628583,0.9906735794307797,1
-0.0037238278308694417,-0.006692481169127573,-0.0585511881684172,0.9387937018806164,0.900829169608802,0.9045529974396714,0.911245478608799,0.9593803577772192,2
-0.00010877011410226345,-0.005158578552224902,-0.06274097754552099,1.1980335265335584,0.9038066806912454,0.9039154508053476,0.9090740293575725,0.9665476582367664,3
-0.000472366227028842,0.0006265239131640898,-0.06911037899655592,1.1424614734550589,0.9116090035321459,0.9120813697591748,0.9114548458460107,0.9807193825287018,4
0.0032575138041410767,-0.003230658283919996,-0.035434355527493855,1.0813913392945738,0.8813411710506424,0.8780836572465013,0.8813143155304213,0.9167755265781362,5
-0.00015899452925038915,-0.005896729069648776,-0.0544761789563345,0.9199876191435606,0.912990898472157,0.9131498930014074,0.9190466220710561,0.9674670774284915,6
0.002151128886419218,-0.006827950530797211,-0.07315137449416653,0.8014150689148194,0.9012691294159723,0.899118000529553,0.9059459510603503,0.9744205039101388,7
0.0013808629698285335,-0.004869601566346637,-0.06596872655236441,0.947953153017296,0.8853815887831545,0.884000725813326,0.8888703273796726,0.951350315335519,8
0.005042224113849025,-0.01490644526348317,-0.07532303410070018,1.1118947146774016,0.9168155044477131,0.9117732803338641,0.9266797255973472,0.9921385385484133,9
9.587352881301747e-05,-0.006037594208757491,-0.06784535528370672,1.0627160176016144,0.9217280464745393,0.9216321729457263,0.9276697671544838,0.989573401758246,10
0.001932289400009335,-0.006546139168610132,-0.07289372251382009,0.6136913348156785,0.9097585939394518,0.9078263045394425,0.9143724437080526,0.9826523164532719,11
0.0012283724481952918,-0.004754843269445308,-0.09026411199256845,0.869437476506718,0.9314221365422946,0.9301937640940993,0.9349486073635446,1.021686248534863,12
-0.0015975592179339193,0.004243394716337501,-0.07820487577217528,1.144125727682323,0.9188157421883539,0.9204133014062879,0.9161699066899504,0.9970206179605292,13
0.0006267926241837474,-0.008133149068461298,-0.033988324878121756,1.0072971639042458,0.9177375102136467,0.9171107175894629,0.9252438666579242,0.9517258350917684,14
0.0023635647143649408,-0.002589287579108146,-0.05737766810855238,1.0064348737173856,0.9079447274935539,0.905581162779189,0.9081704503582971,0.9653223956021063,15
-0.0025273561406472522,-0.001794895119442863,-0.08332747528820139,1.0964153797432203,0.9242690876809505,0.9267964438215978,0.9285913389410406,1.007596562969152,16
0.0002223872150395323,-0.003313593433325268,-0.06082810866847366,0.9178041571996153,0.9023523739859792,0.9021299867709397,0.905443580204265,0.9631804826544529,17
-0.0024627711870395252,0.0005884315660354966,-0.05358961849352328,0.6264051585313104,0.9153754772982665,0.917838248485306,0.9172498169192705,0.9689650957917898,18
-0.002319628004532115,-0.0026431045369126327,-0.0839069475608496,0.9545361717235905,0.8953370894840565,0.8976567174885887,0.9002998220255013,0.9792440370449061,19
0.0025277736359926584,-0.007617898750124419,-0.030922674930558114,0.8581177841754016,0.9020881568549691,0.8995603832189765,0.9071782819691009,0.9330108317855272,20
0.0009171631787913137,-0.009054158147646651,-0.0776732518314125,1.157008698714483,0.918715091700646,0.9177979285218547,0.9268520866695014,0.9963883435320585,21
-0.0024196325914066508,0.0011324389027277393,-0.06673656755011548,0.8760920697452805,0.9145904816840239,0.9170101142754306,0.9158776753727028,0.9813270492341394,22
0.001367272176730605,0.00021449969802933566,-0.04290523397949264,0.841409493312034,0.8905470362177997,0.8891797640410691,0.8889652643430398,0.9334522701972924,23
-2.31789768526669e-05,-0.014095893268944337,-0.05476165637113051,1.060069836013411,0.9428268696829065,0.9428500486597592,0.9569459419287035,0.997588526054037,24
-0.0012833829871329305,-0.006536476951413905,-0.0608499096262598,1.0320863412923917,0.8952250011046433,0.8965083840917762,0.9030448610431902,0.9560749107309031,25
0.0014398628698674143,-0.009995218721087107,-0.06880915520388331,0.8944817005744314,0.9035033282293551,0.9020634653594877,0.9120586840805748,0.9723124834332384,26
-0.00015536265006510508,-0.005578123691001635,-0.05574569187709899,0.9035231984900794,0.9290248300785938,0.9291801927286589,0.9347583164196606,0.9847705219556928,27
0.00018767278634823636,-0.0030722202374802166,-0.06747148981105466,0.784541726698409,0.9330404494361186,0.9328527766497704,0.9359249968872506,1.0005119392471733,28
0.00036472434255208075,-0.0015141177331507993,-0.0954534805530104,1.1372578844168468,0.9243513802675122,0.9239866559249601,0.9255007736581109,1.0198048608205226,29
-0.0033246475309193224,-0.004857255045722653,-0.07971726090879605,0.9154947763374198,0.9365268305574853,0.9398514780884046,0.9447087331341273,1.0162440914662814,30
0.006132988693342445,-0.006004542811346658,-0.06274409769001332,0.8921336017737354,0.9299448681252921,0.9238118794319496,0.9298164222432963,0.9926889658153054,31
0.004320636136882605,-0.00796384151075158,-0.09541406345240433,0.9761136759412222,0.9364716589566664,0.9321510228197838,0.9401148643305354,1.0318857224090707,32
-0.0023669758221293025,-0.005581286416850073,-0.07027087240450114,1.1996363681900495,0.910803698176463,0.9131706739985923,0.9187519604154424,0.9810745705809641,33
-0.0002687416313701396,0.004816753923008066,-0.038372768698303084,1.04254669724411,0.8910369785050288,0.891305720136399,0.8864889662133909,0.9294097472033319,34
0.005199267047870881,-0.004202535985883715,-0.07188307252507664,0.9533612932209109,0.9247422408737516,0.9195429738258807,0.9237455098117644,0.9966253133988282,35
-0.003817465063067349,0.002460991708309046,-0.04753139240921411,1.0454578640477488,0.9172054593832221,0.9210229244462894,0.9185619327379804,0.9647368517924362,36
0.002015647815843735,0.0010541777305990152,-0.07200367750142378,0.9724002170396236,0.9282893542215284,0.9262737064056846,0.9252195286750856,1.0002930317229521,37
-0.0009345518041703471,0.001990456336682156,-0.05713168474917707,0.929635475454861,0.907727122550577,0.9086616743547473,0.9066712180180652,0.964858807299754,38
0.004560879570921661,-0.005152180115147398,-0.0904888509508679,1.2358281176483787,0.9292604556661632,0.9246995760952416,0.929851756210389,1.0197493066170311,39
-0.0034386341633818596,-0.005776449881891077,-0.057817446285307605,0.9910893301215863,0.8942746130987461,0.897713247262128,0.903489697144019,0.9520920593840537,40
0.002144686769030346,-0.0012984924244279217,-0.05774302308757906,0.864991542176307,0.9290672269837288,0.9269225402146984,0.9282210326391264,0.9868102500713078,41
-0.003961134053379167,-0.001247504748845274,-0.07455322036711265,1.1767214642560606,0.9198884369722141,0.9238495710255933,0.9250970757744386,0.9944416573393268,42
-0.0005601301605636655,0.000888893271749458,-0.05205482536347128,0.8853131501356636,0.9012949378294048,0.9018550679899685,0.900966174718219,0.9533497631928761,43
0.0016466203090186315,-0.0023801790490289854,-0.08496585348041474,0.8203115357746154,0.9143196406200812,0.9126730203110626,0.9150531993600916,0.9992854941004959,44
0.001739015523161469,0.0012964893127975774,-0.057197615026591375,1.1006519591121013,0.9429631135171339,0.9412240979939724,0.9399276086811749,1.0001607285437253,45
0.0017569217860329278,-9.838806589457239e-05,-0.045244216904335666,0.9008824793406708,0.9041672964318523,0.9024103746458194,0.902508762711714,0.949411513336188,46
0.0011553572636644471,-0.005528474472981437,-0.0649382472815978,1.219913946434491,0.9428899835745883,0.9417346263109239,0.9472631007839053,1.0078282308561861,47
0.0031129903454807373,-0.005205763279600095,-0.053473019223413076,0.8937492371858665,0.8892736106664234,0.8861606203209427,0.8913663836005428,0.9427466298898365,48
0.0008915152752343447,-0.013102571600347779,-0.05694884008743817,1.1415978073757145,0.8984910386775787,0.8975995234023444,0.9107020950026922,0.9554398787650169,49
-0.0012789712430920641,-0.0013449608712998717,-0.07309936240372095,0.9992673961298112,0.9244465911987826,0.9257255624418746,0.9270705233131745,0.9975459536025035,50
-0.0012241309373319798,0.0007193488906398482,-0.03572549062124486,1.1181734648818522,0.9230293649501706,0.9242534958875026,0.9235341469968628,0.9587548555714155,51
-0.003011683693034062,-0.000871714067995355,-0.06667432453871514,0.8681708474213784,0.9067352553374516,0.9097469390304856,0.910618653098481,0.9734095798761667,52
0.0014824971646707485,-0.004362674634229791,-0.059402881542600317,0.8654553616220865,0.9181269665328393,0.9166444693681686,0.9210071440023984,0.9775298480754396,53
0.00011791448557540996,-0.006209925471570732,-0.05807510544505312,0.7577127007522634,0.9076776800822149,0.9075597655966395,0.9137696910682103,0.9657527855272681,54
0.0012827884634046827,-0.0073302637502661305,-0.06729092920939683,1.0881055722548136,0.8858731216981622,0.8845903332347576,0.8919205969850237,0.9531640509075591,55
-0.0012342027260854316,-0.0009096477765176969,-0.056534685209009394,0.890817036450575,0.9302846244517615,0.931518827177847,0.9324284749543646,0.9868193096607709,56
-0.002543049626921645,-0.004004211012174963,-0.06486810995146197,1.152131938808727,0.916207432005671,0.9187504816325927,0.9227546926447676,0.981075541957133,57
0.0028418091574630155,-0.002764555338120811,-0.046210325994360035,0.8547506295821425,0.9223819795582016,0.9195401704007385,0.9223047257388594,0.9685923055525616,58
-0.0013077155319205502,-0.003040972931562802,-0.05956659831739075,0.8784456130389109,0.9188209116063492,0.9201286271382697,0.9231696000698325,0.9783875099237399,59
0.0014520447278153492,-0.004855234838198941,-0.050515195579091676,0.9203223066004446,0.9078015391961327,0.9063494944683174,0.9112047293065163,0.9583167347752244,60
0.000753130737511265,-0.005664570423460358,-0.044778926714599265,1.2755222006549192,0.9246403164983276,0.9238871857608163,0.9295517561842767,0.9694192432129268,61
0.0026807987280681456,-0.0017736499935403494,-0.05925441770664963,0.9459627902566907,0.8894651509569821,0.8867843522289139,0.8885580022224543,0.9487195686636317,62
-0.0008267382572348936,-0.003707755454935846,-0.045701242476074544,0.7638731680291349,0.9252720536260635,0.9260987918832984,0.9298065473382342,0.970973296102138,63
0.000958055266279012,-0.004795653390650467,-0.06411286549384043,0.8558004110157352,0.886800790009729,0.88584273474345,0.8906383881341005,0.9509136555035694,64
-0.00010913190610661871,-0.002417505812793319,-0.05975581311842004,0.8930145857158323,0.9146478523147205,0.9147569842208271,0.9171744900336204,0.9744036654331405,65
-0.00019260637003226666,-0.0027197856260046116,-0.06057534617810112,0.8842910693214581,0.8959121296432845,0.8961047360133167,0.8988245216393214,0.9564874758213856,66
-0.00252020549446208,-0.007550832381617467,-0.08205488011350204,0.6138980027054322,0.9126898933390754,0.9152100988335374,0.9227609312151549,0.9947447734525774,67
0.001886533343697594,-0.007800092552202598,-0.09063842783707954,1.010668926632038,0.9051066693400807,0.9032201359963831,0.9110202285485857,0.9957450971771602,68
-0.0006163504240336293,-0.010047204063727166,-0.05398322086030061,0.7416966254237711,0.8866076301384854,0.887223980562519,0.8972711846262462,0.940590850998786,69
0.0002373662686602218,-0.007488535587909184,-0.06335971850374855,0.7835423930878298,0.9203572170349322,0.920119850766272,0.9276083863541812,0.9837169355386808,70
-0.004945002752919425,-0.004812492632291776,-0.05890247370990087,0.9026355501965672,0.9044630857279954,0.9094080884809148,0.9142205811132066,0.9633655594378963,71
0.0003618329505312712,-0.00590246880540779,-0.06163762522814331,1.0225611501861196,0.9155085427175794,0.9151467097670481,0.9210491785724559,0.9771461679457227,72
-0.0009028717856217616,-0.009887140426473096,-0.09364048556731452,1.1524091680998292,0.9159017916232115,0.9168046634088333,0.9266918038353064,1.009542277190526,73
0.0032874696952219784,-0.005404458639120868,-0.03867575390563571,0.6636517057319947,0.9089720924357195,0.9056846227404975,0.9110890813796184,0.9476478463413552,74
-0.0022166590363577043,-0.004937106312959405,-0.051917649036917535,0.9526296220965366,0.9423837170400958,0.9446003760764535,0.9495374823894129,0.9943013660770134,75
-0.004070631277873771,0.0006180770564909732,-0.08400549352260334,1.3550556614975597,0.9336614049460188,0.9377320362238926,0.9371139591674016,1.0176668984686221,76
0.0013235805161191383,0.0016248434648357124,-0.08401438521161475,1.134531094987961,0.9135266205066918,0.9122030399905726,0.9105781965257369,0.9975410057183065,77
-0.0012939733920618313,-0.016223491520795053,-0.0878171389737239,1.046829261415769,0.9128315504171696,0.9141255238092314,0.9303490153300265,1.0006486893908935,78
-0.00242813886760862,-0.0005834445473230643,-0.07427589293151926,1.000329782278163,0.9253983989405653,0.9278265378081739,0.928409982355497,0.9996742918720846,79
0.0018612201133779704,-0.011548751727667672,-0.07455381177400333,1.0147010453301897,0.8863299505387197,0.8844687304253417,0.8960174821530094,0.960883762312723,80
-0.0015757377930717409,-0.0034075646611737564,-0.050801042784763606,1.14708850939543,0.9050393098464642,0.9066150476395359,0.9100226123007097,0.9558403526312278,81
-0.0014294706314352812,-0.0034765351480607887,-0.053145842952047606,0.6858238452486157,0.9022940389296513,0.9037235095610866,0.9072000447091474,0.9554398818816989,82
-0.0035706570641900193,-0.004840443129589089,-0.09198937331742607,0.8919297859894254,0.9482450258777847,0.9518156829419747,0.9566561260715638,1.0402343991952108,83
-0.0018218755609014092,-0.0020438321388146496,-0.08684068223409447,0.8038019022174999,0.9226291160215941,0.9244509915824956,0.9264948237213102,1.0094697982556886,84
0.001134459432568069,-0.003836781394206956,-0.0545253230511642,0.8339978212203767,0.8890295587723881,0.88789509933982,0.891731880734027,0.9435548818235523,85
0.0015258180607961025,-0.006425114816151378,-0.07973674390480678,0.9984965586555671,0.9188655771568043,0.9173397590960082,0.9237648739121596,0.9986023210616111,86
0.0013497612495787514,-0.002953541508908586,-0.0713423843781642,0.9661563396710944,0.9174363917412662,0.9160866304916875,0.9190401720005961,0.9887787761194304,87
0.004591922193736053,-0.008040254030654004,-0.07154468224759636,0.8324661936214278,0.9199246345351889,0.9153327123414529,0.9233729663721069,0.9914693167827853,88
0.0012433648950455067,-0.010880321079486222,-0.07719866607411063,0.9930636873649876,0.9052760159132485,0.904032651018203,0.9149129720976892,0.9824746819873591,89
0.002756877519444756,-0.002871783615023271,-0.05893776238677806,0.9460640203156759,0.9155203486814169,0.9127634711619721,0.9156352547769954,0.9744581110681949,90
0.0038817691218117067,-0.005739057827636951,-0.06464708864327329,0.9262734464726977,0.907031803294427,0.9031500341726153,0.9088890920002523,0.9716788919377003,91
-0.0019660847826915573,-0.01021817454026741,-0.09792410622703107,1.0051415257436096,0.9208137984478173,0.9227798832305089,0.9329980577707763,1.0187379046748484,92
-0.0013147808166750208,0.0015017149892249115,-0.06863454179646289,1.0030033163707157,0.9157896305252705,0.9171044113419455,0.9156026963527206,0.9844241723217334,93
-0.0018601762135792566,-0.008506910626321584,-0.0910193301852601,0.870896351875094,0.9064451955500625,0.9083053717636418,0.9168122823899634,0.9974645257353226,94
0.0009367467591907541,-0.0012572588826941233,-0.057590232740955094,0.840927392788476,0.9191582579598198,0.918221511200629,0.9194787700833231,0.9767484907007749,95
-0.002726066489916801,-0.0006552768899947825,-0.06007409932339691,1.1563102421230613,0.9108321772506492,0.913558243740566,0.9142135206305608,0.9709062765740462,96
0.002359885225750924,-0.008325610299480202,-0.06949444571437291,0.9901659306088635,0.9017044223044238,0.8993445370786729,0.9076701473781531,0.9711988680187967,97
0.0019582783151300687,0.001472406087734135,-0.07366324735248442,0.9778348035107546,0.9269105326471,0.9249522543319699,0.9234798482442358,1.0005737799995844,98
-0.0012322875236518982,-0.0038102721506625414,-0.06226391847412138,0.9163203650220079,0.9004648202325296,0.9016971077561815,0.905507379906844,0.962728738706651,99
