condition,replication,model,accuracy,logloss,brier,share_rmse,decision_regret
additive,0,MNL,0.521875,0.9534519232779345,0.5766366800328202,0.02768318198285535,0.012213487335253289
additive,0,Structured_MNL,0.5239583333333333,0.9460604497120196,0.571954426250601,0.015663786175244904,0.006237763355797219
additive,1,MNL,0.5666666666666667,0.911363183686422,0.5449628455350777,0.024343089445138653,0.010988564018141545
additive,1,Structured_MNL,0.56875,0.9109685329058658,0.5443977431933664,0.014821035847959439,0.0073292631550041345
additive,2,MNL,0.51875,0.9549682968518584,0.5754379608213356,0.0487293702361841,0.013707545427941089
additive,2,Structured_MNL,0.5260416666666666,0.9499215807457678,0.5713651949608848,0.038052563745866276,0.007547049150588767
additive,3,MNL,0.55625,0.9308801755555751,0.5584687027709828,0.02554683444732765,0.008420179053655398
additive,3,Structured_MNL,0.5572916666666666,0.9269066932237323,0.5553908445923128,0.019799166987310945,0.007488570370257218
additive,4,MNL,0.5447916666666667,0.9435981519363188,0.5669412079721075,0.028214294093149093,0.010355510988033004
additive,4,Structured_MNL,0.5479166666666667,0.9412485256759234,0.5652464052819748,0.021703594051856644,0.005970538843354183
additive,5,MNL,0.5322916666666667,0.9378302519329488,0.5642327736992837,0.028173045799616863,0.010796704039066785
additive,5,Structured_MNL,0.5302083333333333,0.935002389809095,0.562698566179644,0.015444894194443093,0.005695118684489623
additive,6,MNL,0.5197916666666667,0.9612953488099053,0.5784191303149169,0.039049514767562264,0.010944436484454053
additive,6,Structured_MNL,0.528125,0.9589166680255374,0.576165829320619,0.02794798872131835,0.006011687563200946
additive,7,MNL,0.5416666666666666,0.9393412067582572,0.5643458461083024,0.018058643719181394,0.010872988489362112
additive,7,Structured_MNL,0.553125,0.9386722147954295,0.5633966766577156,0.011412563203730528,0.0073486903804336375
additive,8,MNL,0.5208333333333334,0.9717073401029199,0.5851332865525727,0.020439715723662752,0.012156503688698254
additive,8,Structured_MNL,0.534375,0.9721297746557157,0.5842631695562595,0.009406455224162774,0.007581226206987338
additive,9,MNL,0.5427083333333333,0.9244912480951866,0.5584554169010147,0.018720126986214915,0.010957517623299162
additive,9,Structured_MNL,0.546875,0.9180169066645453,0.5548007697810022,0.009609134586966352,0.007926958311250825
additive,10,MNL,0.5291666666666667,0.9389767432440477,0.5674343862880302,0.02542883667459119,0.011186903263757014
additive,10,Structured_MNL,0.5395833333333333,0.9343176600904414,0.5643679380031583,0.018524149967456546,0.0056062982661152765
additive,11,MNL,0.5208333333333334,0.9604667052027672,0.5768246446572848,0.00410041821636188,0.00975018412610531
additive,11,Structured_MNL,0.51875,0.9629623091139687,0.5798571011268611,0.007496264699347821,0.005861740102917832
additive,12,MNL,0.553125,0.9270008068189775,0.5553877847313752,0.020360611046046542,0.008900409478696332
additive,12,Structured_MNL,0.5645833333333333,0.9258764176945272,0.5539996543882507,0.01340338189706707,0.007504989055149285
additive,13,MNL,0.515625,0.9605366996804314,0.5822410438004051,0.023249244223293088,0.009396886861691477
additive,13,Structured_MNL,0.515625,0.9552912778244885,0.5795304416765642,0.014554125029433491,0.004265066715141761
additive,14,MNL,0.5364583333333334,0.9350996078700224,0.5638770105930618,0.006077406207596049,0.010423106086042978
additive,14,Structured_MNL,0.5322916666666667,0.9354213152294153,0.5638604081352071,0.0064018458787908385,0.008965482030488829
additive,15,MNL,0.515625,0.9555762030066842,0.578089930330625,0.012644464333558668,0.0075872862067326
additive,15,Structured_MNL,0.5114583333333333,0.9578765474511372,0.5770904512399629,0.002664479911743732,0.005659866405570683
additive,16,MNL,0.509375,0.9801331721291007,0.59449045717737,0.024300540979378612,0.010858218149138116
additive,16,Structured_MNL,0.515625,0.9766649170876011,0.5922980581521354,0.017158261270620395,0.00699956145350847
additive,17,MNL,0.5395833333333333,0.9429318140462863,0.5675949974992565,0.01367810080638363,0.009632544248203454
additive,17,Structured_MNL,0.5427083333333333,0.9448212540117205,0.5682711723826425,0.004757536722770408,0.006926244076830419
additive,18,MNL,0.5479166666666667,0.9469081877106154,0.5711564970435294,0.012665745539902502,0.012641186831464707
additive,18,Structured_MNL,0.5291666666666667,0.9471728847867316,0.5711006654992467,0.008814049933700262,0.006886690206105108
additive,19,MNL,0.5375,0.9632996471473189,0.5777358027638673,0.024641612685125408,0.01228247627923521
additive,19,Structured_MNL,0.540625,0.9599071820160759,0.5765330326002484,0.013983080004874261,0.008029925985926565
additive,20,MNL,0.5375,0.950531416446507,0.5719682298095738,0.031742662881758144,0.01139674546753684
additive,20,Structured_MNL,0.5510416666666667,0.9463517419162589,0.5700843423957819,0.02296817284223212,0.00742568292716389
additive,21,MNL,0.5520833333333334,0.9298992288700583,0.561775074342151,0.023804415639359873,0.011013553434850146
additive,21,Structured_MNL,0.5552083333333333,0.9266295497429666,0.5595404636271976,0.015668853109122277,0.006072899402403917
additive,22,MNL,0.5291666666666667,0.930558024169063,0.5605219342182857,0.020971651593812087,0.010448615367984849
additive,22,Structured_MNL,0.5322916666666667,0.9312499723878992,0.5601283107816244,0.010351638256864635,0.00916837198847159
additive,23,MNL,0.5427083333333333,0.9357429822106267,0.5661384985198873,0.03097399035694269,0.010768345172662569
additive,23,Structured_MNL,0.5395833333333333,0.9328130586137401,0.5646886637040845,0.01913134460229301,0.005442513868310266
nonlinear,0,MNL,0.5208333333333334,0.9858579400290833,0.5892887867938004,0.07314638162739438,0.171184395426939
nonlinear,0,Structured_MNL,0.5833333333333334,0.864577864792522,0.5206586531919309,0.02248989411139499,0.0075179267261324305
nonlinear,1,MNL,0.5135416666666667,0.980605441931982,0.5889484075174736,0.07394108769170314,0.15103575082691129
nonlinear,1,Structured_MNL,0.5895833333333333,0.8555209613960083,0.5148097986216588,0.027345233988392406,0.006617275031070948
nonlinear,2,MNL,0.5458333333333333,0.9391412258715874,0.5656004496821073,0.048543239321835206,0.13690767907423232
nonlinear,2,Structured_MNL,0.5916666666666667,0.8442881668919334,0.5059141117770072,0.004004550672560892,0.005919830159009649
nonlinear,3,MNL,0.5635416666666667,0.93604088334186,0.5527034099096518,0.06072554531077857,0.1438189093203509
nonlinear,3,Structured_MNL,0.6208333333333333,0.8167425283398373,0.4864825159660927,0.01755131844761221,0.006385624807547069
nonlinear,4,MNL,0.5177083333333333,0.9768514932898918,0.5888487077720226,0.061245250563307325,0.1946374925616342
nonlinear,4,Structured_MNL,0.5916666666666667,0.8467911231128727,0.5102580554002434,0.012278376240017676,0.007413511509842064
nonlinear,5,MNL,0.5635416666666667,0.9322279670242882,0.5604184441624116,0.057202301549658933,0.1651177274008764
nonlinear,5,Structured_MNL,0.6322916666666667,0.797481899367451,0.47953171813009093,0.010310402922460367,0.005986659414953945
nonlinear,6,MNL,0.5395833333333333,0.9718862466105092,0.580088202077047,0.06180044767650059,0.15939388889569492
nonlinear,6,Structured_MNL,0.615625,0.8400272804916042,0.5034685915859005,0.018102763957501482,0.007758213017485945
nonlinear,7,MNL,0.5583333333333333,0.954097696068548,0.5723061406324418,0.06759051144482511,0.15625701002388812
nonlinear,7,Structured_MNL,0.5947916666666667,0.8614694216377691,0.5164021748787577,0.017650083741015492,0.005066509272462262
nonlinear,8,MNL,0.5552083333333333,0.9455449121752969,0.5699023332352259,0.06171988289043035,0.15241198989434404
nonlinear,8,Structured_MNL,0.5729166666666666,0.8672929631340274,0.5249061600226205,0.012148726154965452,0.006004951332905809
nonlinear,9,MNL,0.5645833333333333,0.9221099684526979,0.5541300265479012,0.05979020765155463,0.14716447901168575
nonlinear,9,Structured_MNL,0.625,0.8111428488021334,0.4857177748762906,0.015995419164819447,0.005224808271742254
nonlinear,10,MNL,0.5583333333333333,0.9363152985292363,0.5598961030092535,0.04157427331099868,0.14027880028734552
nonlinear,10,Structured_MNL,0.596875,0.8335675742359746,0.5025473914395439,0.006662390936680676,0.003698114636814046
nonlinear,11,MNL,0.5666666666666667,0.9431213263210639,0.5635038376497602,0.0648437392420283,0.16086612381390047
nonlinear,11,Structured_MNL,0.6239583333333333,0.8282616782065275,0.49384319989366726,0.012672104148320327,0.006728039795832586
nonlinear,12,MNL,0.5416666666666666,0.9615245001640946,0.5732623061562551,0.07019493511982801,0.16323819474593915
nonlinear,12,Structured_MNL,0.6052083333333333,0.8371500440279795,0.499815080865986,0.02631481884948216,0.00940684554238264
nonlinear,13,MNL,0.559375,0.93704082740094,0.5555799597432338,0.04474317125535175,0.19875775982846847
nonlinear,13,Structured_MNL,0.6354166666666666,0.8177364049540595,0.4849298716932281,0.01546385484239912,0.0054875803288313
nonlinear,14,MNL,0.5229166666666667,0.9898122651003542,0.5915195555990582,0.07701014119335464,0.13290687707325027
nonlinear,14,Structured_MNL,0.571875,0.8762207845649664,0.5260752195535991,0.03351897812931626,0.005224011372509526
nonlinear,15,MNL,0.5552083333333333,0.9339178011395667,0.5595903544132454,0.043764257637720384,0.16992487628694236
nonlinear,15,Structured_MNL,0.625,0.8181796154680188,0.49260809362869445,0.002166563988295376,0.004981908116391706
nonlinear,16,MNL,0.5458333333333333,0.955261281630298,0.5722209145362704,0.06558944968407522,0.14856249425827434
nonlinear,16,Structured_MNL,0.6,0.8311656448699709,0.5013520572783117,0.0168668109169175,0.0039487877050970515
nonlinear,17,MNL,0.575,0.9332855502842666,0.555311150319532,0.06239757135382835,0.13849344675049088
nonlinear,17,Structured_MNL,0.6364583333333333,0.7945496199019112,0.4762861885577304,0.008742458591783553,0.006360349571307809
nonlinear,18,MNL,0.54375,0.9564709712630375,0.5704508723186076,0.04003578514473944,0.15347914390486983
nonlinear,18,Structured_MNL,0.5979166666666667,0.8634192832467278,0.5172936585456452,0.01586690964211899,0.006543660186745415
nonlinear,19,MNL,0.5770833333333333,0.917149138283298,0.5447614491994538,0.04407459930061948,0.17740719412652986
nonlinear,19,Structured_MNL,0.6364583333333333,0.8101045079352374,0.4828742033747292,0.009612730119042479,0.00801411311923922
nonlinear,20,MNL,0.5572916666666666,0.941894206175716,0.5629018848942439,0.05899958716764085,0.1528501812811939
nonlinear,20,Structured_MNL,0.603125,0.8150904968632718,0.4925761983579323,0.01635060455878879,0.005993195082988669
nonlinear,21,MNL,0.5489583333333333,0.9314067914021753,0.5591676896677327,0.045975349709267685,0.14622271282342952
nonlinear,21,Structured_MNL,0.6125,0.8288094140842251,0.49854220374689884,0.015465964519519199,0.004045774254912738
nonlinear,22,MNL,0.578125,0.9373974852557871,0.5545702307108651,0.05525063570992993,0.13905798057332966
nonlinear,22,Structured_MNL,0.634375,0.8177624282501715,0.48608196303610923,0.016927014482661283,0.003693481311660673
nonlinear,23,MNL,0.5354166666666667,0.988228479870415,0.5848421467922286,0.07232112607829486,0.13764321416634856
nonlinear,23,Structured_MNL,0.5895833333333333,0.8677520700914971,0.5191259478000043,0.02843694460454938,0.008277787433551988
threshold,0,MNL,0.5614583333333333,0.9085011769160835,0.5479521676271283,0.0234610180449581,0.020080902989980397
threshold,0,Structured_MNL,0.559375,0.8970400221683209,0.5440001369967699,0.01135358897102025,0.011361651953991503
threshold,1,MNL,0.5739583333333333,0.8989754147812786,0.5448110702227377,0.03551569099902624,0.02490386438903244
threshold,1,Structured_MNL,0.56875,0.8903248859122074,0.5394298252812869,0.02176202342441052,0.012715850274808349
threshold,2,MNL,0.5447916666666667,0.9233780911675983,0.5569112772805153,0.02598487025447842,0.028051112389208366
threshold,2,Structured_MNL,0.553125,0.9167562226988876,0.5521238631662118,0.01009201549015754,0.01162783724526708
threshold,3,MNL,0.5375,0.9108856383612569,0.5498448811694939,0.03276874782862415,0.027219734706291743
threshold,3,Structured_MNL,0.559375,0.895058334808338,0.5415752534232693,0.017953218390268547,0.01179480241120295
threshold,4,MNL,0.5552083333333333,0.902963952919751,0.5462365314736707,0.013293731276757478,0.026891873912577604
threshold,4,Structured_MNL,0.5604166666666667,0.8963275636366163,0.5445073722311792,0.0006213436946698164,0.007417110793459094
threshold,5,MNL,0.5510416666666667,0.9029687372459395,0.5453284678020514,0.03003079876006627,0.02223625705739923
threshold,5,Structured_MNL,0.571875,0.8911859424948197,0.5388063717011556,0.015192190368073115,0.007035500187218334
threshold,6,MNL,0.5520833333333334,0.9131569390394112,0.5508208855271799,0.030210691606362933,0.019103640471694352
threshold,6,Structured_MNL,0.5677083333333334,0.9037386561554926,0.5446938463583202,0.014011733305010448,0.008445538066004761
threshold,7,MNL,0.5645833333333333,0.8998586164781901,0.5445237860167896,0.02789842561364381,0.02714299418317046
threshold,7,Structured_MNL,0.5614583333333333,0.8952223391915742,0.5419227022357341,0.01617032406912922,0.01036054839571564
threshold,8,MNL,0.5635416666666667,0.9079215407504382,0.5464104649259343,0.03189064229987516,0.02199410792765893
threshold,8,Structured_MNL,0.5666666666666667,0.8978521716258904,0.539931224764323,0.022447638248580884,0.007320455550142229
threshold,9,MNL,0.571875,0.8839463861038591,0.5340004219870733,0.04851697772047958,0.021613098269414266
threshold,9,Structured_MNL,0.5927083333333333,0.8737498709082839,0.5255992901130363,0.03199572351818652,0.00821531895165065
threshold,10,MNL,0.5395833333333333,0.910911172038785,0.5482223373929973,0.03349478001685518,0.026445813186327428
threshold,10,Structured_MNL,0.5572916666666666,0.8965865703974759,0.5390864263691509,0.01918829033589785,0.009104608905277586
threshold,11,MNL,0.5302083333333333,0.9345311755310629,0.5681333957149005,0.04249515541566644,0.024885402932743845
threshold,11,Structured_MNL,0.5395833333333333,0.9270303180814474,0.563774489547648,0.030318714862634884,0.008672571156519511
threshold,12,MNL,0.5520833333333334,0.9046768786191091,0.5466353854248229,0.04337002686916236,0.02325698265187502
threshold,12,Structured_MNL,0.565625,0.8867001540150904,0.5365072467530474,0.03123333681763736,0.008889261294040905
threshold,13,MNL,0.5427083333333333,0.9217014184910242,0.5565201565770466,0.030668215249384845,0.03235585142537519
threshold,13,Structured_MNL,0.5458333333333333,0.9130580962328827,0.5521139010738492,0.014988207898793142,0.010613254964960527
threshold,14,MNL,0.5427083333333333,0.9404797287575938,0.5673548322426595,0.03520036495115355,0.026039584955017334
threshold,14,Structured_MNL,0.5479166666666667,0.9337606791791276,0.5632753962762599,0.021988303618800165,0.008727790600731944
threshold,15,MNL,0.5447916666666667,0.9371065617137916,0.5679578070024764,0.03738760670259743,0.02463816482140328
threshold,15,Structured_MNL,0.54375,0.9258156677089775,0.5616362516596937,0.020432612913077054,0.01022428796047432
threshold,16,MNL,0.5864583333333333,0.8966153299239527,0.5387798673296406,0.017304668518724406,0.029314005882895774
threshold,16,Structured_MNL,0.584375,0.8922892884806629,0.5357088471621023,0.007586860918530225,0.010158870541840139
threshold,17,MNL,0.5510416666666667,0.9131553957888479,0.5504731385401189,0.04110962508081833,0.01741555211659996
threshold,17,Structured_MNL,0.5572916666666666,0.9053021014316163,0.5471505470921593,0.03238345142617341,0.007289343611450927
threshold,18,MNL,0.5666666666666667,0.9081247479296708,0.5455599812965775,0.031894278659770396,0.014888059975115319
threshold,18,Structured_MNL,0.5677083333333334,0.898755492378982,0.5413479829958336,0.018813269991235244,0.0053370546957911815
threshold,19,MNL,0.565625,0.9085108743076932,0.5486670387365427,0.03260783210702415,0.02239675240877002
threshold,19,Structured_MNL,0.5645833333333333,0.8949026104345208,0.5417765207097066,0.022592924609915813,0.009952444001072055
threshold,20,MNL,0.5385416666666667,0.9327477775059789,0.567003562147047,0.042711739890364954,0.02234864919314363
threshold,20,Structured_MNL,0.546875,0.9218964612946162,0.5596592368017971,0.029769023117633762,0.00955187715301427
threshold,21,MNL,0.55,0.9234042196512289,0.5602310290192001,0.035969849426667054,0.02106374496192197
threshold,21,Structured_MNL,0.5510416666666667,0.9161701735146796,0.5562262105263682,0.02059915257319554,0.0101207461693672
threshold,22,MNL,0.5354166666666667,0.9236478422686152,0.559798049537702,0.034314808422924,0.022688434538080154
threshold,22,Structured_MNL,0.5364583333333334,0.919682001932097,0.5565292311463149,0.02176520797758899,0.007315971660357466
threshold,23,MNL,0.53125,0.9322988304563247,0.5641124209245646,0.03474224595748998,0.024384184685836092
threshold,23,Structured_MNL,0.54375,0.9282680618078573,0.5620905613196739,0.018415062599177336,0.010358396960075369
interaction,0,MNL,0.5604166666666667,0.936636065752693,0.5590433050971849,0.02708935263632485,0.11470134824267139
interaction,0,Structured_MNL,0.5854166666666667,0.8540761724323201,0.5136626120135088,0.017461209897364143,0.003770479398441941
interaction,1,MNL,0.56875,0.9459496470617782,0.5607640403322282,0.007829757222500398,0.1042510850852163
interaction,1,Structured_MNL,0.590625,0.8668630020160474,0.5170292708828707,0.006882747216603861,0.0067803007900386425
interaction,2,MNL,0.55625,0.9460495045472598,0.5619461636558031,0.01980401629756072,0.11306428064315013
interaction,2,Structured_MNL,0.5979166666666667,0.8396904527560349,0.5039156729000431,0.014469336853951888,0.004573072117319767
interaction,3,MNL,0.575,0.9206928220696385,0.5471887399048796,0.01627964695198387,0.10009402756065035
interaction,3,Structured_MNL,0.6104166666666667,0.8390490699908123,0.500865580517494,0.003511367100704,0.0050747209680015275
interaction,4,MNL,0.5166666666666667,0.987509570539377,0.5888506932536788,0.026955381675208365,0.12451548721559527
interaction,4,Structured_MNL,0.5802083333333333,0.880838909950896,0.5283577947169804,0.019140906099757916,0.002919142656369103
interaction,5,MNL,0.540625,0.9460234844050189,0.5676954237348201,0.004957149535586417,0.1043569531876329
interaction,5,Structured_MNL,0.5958333333333333,0.872213877472489,0.5212136735714081,0.014879846294694408,0.003737098513521885
interaction,6,MNL,0.5541666666666667,0.9411412629753101,0.5613858876739317,0.01594948693890088,0.12207533803986595
interaction,6,Structured_MNL,0.596875,0.8705549639943067,0.5193071988859382,0.005387461393059539,0.005278505617273448
interaction,7,MNL,0.553125,0.9314302180732672,0.5550552283891033,0.019030064146588355,0.10783932728054668
interaction,7,Structured_MNL,0.6083333333333333,0.8409107652892689,0.49997162367371406,0.016808447281309893,0.004829493284087421
interaction,8,MNL,0.5625,0.9329036229121374,0.5609074271771632,0.012587821988259616,0.11050982085039358
interaction,8,Structured_MNL,0.6114583333333333,0.845757553181817,0.5090673968023752,0.004885721408434014,0.007472791825435461
interaction,9,MNL,0.540625,0.9452770193722736,0.562618352280691,0.023919783431127235,0.12103918012503133
interaction,9,Structured_MNL,0.5822916666666667,0.8728563368990213,0.5216627770502836,0.01495945996766408,0.005997075394206122
interaction,10,MNL,0.5614583333333333,0.9332981810970646,0.5541409430530568,0.041822198478220815,0.12179355397971278
interaction,10,Structured_MNL,0.6208333333333333,0.8340678710835967,0.4982062066449019,0.02729842440287883,0.005880865688663195
interaction,11,MNL,0.5958333333333333,0.9024770644190578,0.5338506428049724,0.007843938313742065,0.10272061578241347
interaction,11,Structured_MNL,0.6229166666666667,0.8169063870820312,0.4856210010455024,0.005678761223811151,0.007327537287890355
interaction,12,MNL,0.55625,0.9468431322970167,0.5615303466267091,0.015525065056587852,0.08938047381425006
interaction,12,Structured_MNL,0.5895833333333333,0.8719139982300891,0.5198268265139483,0.009742535239649682,0.004939102087755981
interaction,13,MNL,0.5572916666666666,0.9415799141683069,0.566909156892464,0.030489878248512074,0.11989763827215512
interaction,13,Structured_MNL,0.5833333333333334,0.8772119813526307,0.5289452910638259,0.025216663290965953,0.005755687062459462
interaction,14,MNL,0.5572916666666666,0.9505292302295248,0.5646634233013114,0.042441745956227274,0.11641590891121568
interaction,14,Structured_MNL,0.6083333333333333,0.8478965727347629,0.5060068577138931,0.03240887480413268,0.00762651332200144
interaction,15,MNL,0.540625,0.9467260488760274,0.5624133438156006,0.016334860064310244,0.09822287028809588
interaction,15,Structured_MNL,0.5739583333333333,0.8805158640464517,0.5266154774135939,0.010699405688889324,0.005863281827114202
interaction,16,MNL,0.56875,0.9169694386820306,0.5411050273970945,0.011993746923419205,0.10772891247389374
interaction,16,Structured_MNL,0.60625,0.8334079967459289,0.49461702885330067,0.0024154652792796488,0.006118433411654395
interaction,17,MNL,0.5708333333333333,0.9314158856951091,0.5526047108441149,0.003458423077644892,0.11225725725818636
interaction,17,Structured_MNL,0.5895833333333333,0.8338896867646859,0.5018329990472769,0.012847088689326429,0.004578490722192849
interaction,18,MNL,0.5364583333333334,0.9536724302768919,0.5729022137438202,0.02968751414302451,0.11491261495794168
interaction,18,Structured_MNL,0.55625,0.8976785294763512,0.5398508365041187,0.019497953847008583,0.006038150748835506
interaction,19,MNL,0.54375,0.9337188993044392,0.5548441109012533,0.015313793649846568,0.10966735888482833
interaction,19,Structured_MNL,0.578125,0.8506138634762699,0.512041245720869,0.014845108709110377,0.00537557199661179
interaction,20,MNL,0.578125,0.923150550345947,0.5494055177375496,0.012722733396641121,0.11364101729369681
interaction,20,Structured_MNL,0.6104166666666667,0.8514621733894843,0.5080040942813336,0.0028717008780173602,0.004666087050271863
interaction,21,MNL,0.5614583333333333,0.928844658178124,0.5535647870184294,0.004665894600078024,0.11085007209758606
interaction,21,Structured_MNL,0.6052083333333333,0.8603256768173779,0.5107138724099877,0.007798078650257994,0.004244638062023607
interaction,22,MNL,0.5625,0.9480261125393203,0.5638322531042659,0.010520461286066264,0.1123699082377819
interaction,22,Structured_MNL,0.6,0.8751991058487476,0.5201534512213036,0.006646675058778554,0.0030748293685918314
interaction,23,MNL,0.5520833333333334,0.9658611237744209,0.571285906049269,0.018030132792974,0.11744546915037879
interaction,23,Structured_MNL,0.5885416666666666,0.8731908508589876,0.5168586174139193,0.008580556612195658,0.007351896462936015
heterogeneity,0,MNL,0.5489583333333333,0.9604627867880827,0.5738563745921605,0.016011125616512648,0.017894215227815456
heterogeneity,0,Structured_MNL,0.5458333333333333,0.9553340331703806,0.5716012963386394,0.0026744290711303203,0.006898206340809131
heterogeneity,1,MNL,0.5041666666666667,1.0094866931184716,0.6077709165910631,0.016747682328481468,0.0159997528152646
heterogeneity,1,Structured_MNL,0.5010416666666667,1.0019852414901558,0.6031269073245132,0.005221680324375949,0.0060484544737166735
heterogeneity,2,MNL,0.5177083333333333,0.9719092926382039,0.5849994946139613,0.015922659843707346,0.013458938818357472
heterogeneity,2,Structured_MNL,0.5104166666666666,0.9666063045890377,0.5824455076336047,0.005580797516205877,0.005747699692268932
heterogeneity,3,MNL,0.5385416666666667,0.9452969674351964,0.5667097754358352,0.023477243509824972,0.017700911876859755
heterogeneity,3,Structured_MNL,0.55,0.9414654845127298,0.5635639340799955,0.014978491002790204,0.007938586559357426
heterogeneity,4,MNL,0.55,0.9581730781255914,0.5749262748385076,0.016692406216026117,0.013375883798152494
heterogeneity,4,Structured_MNL,0.5427083333333333,0.956116035271751,0.5743182408509326,0.013332352184646921,0.006203792974853817
heterogeneity,5,MNL,0.5385416666666667,0.9652874042606145,0.5789309318442993,0.017242355643915745,0.017621989065416604
heterogeneity,5,Structured_MNL,0.5354166666666667,0.9613405796004255,0.5768065124144327,0.010455763004662394,0.008073542529688175
heterogeneity,6,MNL,0.5,0.97578056850009,0.5863903976899273,0.022342142021081673,0.018771819433752866
heterogeneity,6,Structured_MNL,0.5104166666666666,0.971444768214128,0.5828885926360216,0.013993042791935403,0.00739353910089732
heterogeneity,7,MNL,0.5458333333333333,0.937197832628041,0.5633790057006548,0.01554147525890627,0.01405305112918493
heterogeneity,7,Structured_MNL,0.55625,0.930773591662374,0.5589924912657754,0.01496430547274482,0.006527864887410623
heterogeneity,8,MNL,0.5354166666666667,0.9702960091774583,0.5799428966556374,0.03619333956794391,0.017565408814196683
heterogeneity,8,Structured_MNL,0.534375,0.9674367144571716,0.5776395207846863,0.026654470098769326,0.008783102343384485
heterogeneity,9,MNL,0.5447916666666667,0.9509118824732306,0.567717822693874,0.025720273194690984,0.01552037143549022
heterogeneity,9,Structured_MNL,0.5479166666666667,0.9413859400642898,0.5623546323860615,0.01747345304646268,0.005194327452500869
heterogeneity,10,MNL,0.5125,0.9702087176117187,0.5844169895480523,0.010848316419100994,0.017886103311685518
heterogeneity,10,Structured_MNL,0.5291666666666667,0.9628265294950686,0.5804235959903508,0.005946233014207447,0.007201150610138189
heterogeneity,11,MNL,0.5395833333333333,0.9401236234690317,0.5648244294247947,0.02169427088268417,0.014799565819695588
heterogeneity,11,Structured_MNL,0.5458333333333333,0.9391492802016003,0.5643743661601387,0.01663276605297283,0.007088695525049474
heterogeneity,12,MNL,0.49583333333333335,0.9862564501082308,0.5948658576268556,0.02463105081405419,0.016086972431646692
heterogeneity,12,Structured_MNL,0.503125,0.9840687613746828,0.5936073896322356,0.01871409734123201,0.0075071233832328865
heterogeneity,13,MNL,0.515625,0.9548854688448621,0.5730455882162218,0.012761980580124463,0.01857584675082745
heterogeneity,13,Structured_MNL,0.5364583333333334,0.9451699412904316,0.567019116967814,0.009365826874029773,0.008969063579837027
heterogeneity,14,MNL,0.521875,0.9594360654370852,0.5746390446826909,0.011569876857673085,0.021729662817391946
heterogeneity,14,Structured_MNL,0.5239583333333333,0.956588109670331,0.5733133709078027,0.0024034020970188346,0.01267455972671683
heterogeneity,15,MNL,0.51875,0.9737866375719463,0.5847920485422269,0.015838818500460358,0.018942039792647743
heterogeneity,15,Structured_MNL,0.5229166666666667,0.9696885600526135,0.5823679536668612,0.005680062288891015,0.010704928808403739
heterogeneity,16,MNL,0.553125,0.9539407957940929,0.5706386413205619,0.01526662568720944,0.014045691923720087
heterogeneity,16,Structured_MNL,0.5572916666666666,0.9482708074497675,0.5670223744655452,0.0047711176611281245,0.0070430601770032535
heterogeneity,17,MNL,0.5541666666666667,0.9458450950249399,0.5684488275128666,0.01098974887934373,0.017411724373538322
heterogeneity,17,Structured_MNL,0.5489583333333333,0.944503339915628,0.5678373408671463,0.009387298351291507,0.00902570118990955
heterogeneity,18,MNL,0.521875,0.9608494239291541,0.5784776612594188,0.012638281365356782,0.014575366215060007
heterogeneity,18,Structured_MNL,0.5322916666666667,0.9575044105452623,0.5754795791375393,0.0036236406408160517,0.008518212261357598
heterogeneity,19,MNL,0.540625,0.9523254378241245,0.5716295078716768,0.029842792462529858,0.018463604597948543
heterogeneity,19,Structured_MNL,0.5552083333333333,0.9444251589981131,0.5656726817345249,0.018763779962091377,0.009303272789068624
heterogeneity,20,MNL,0.5416666666666666,0.95054732280133,0.5684236784311896,0.025281586380731837,0.016344978107211864
heterogeneity,20,Structured_MNL,0.553125,0.9485570818818488,0.5665464730720955,0.022276283399067655,0.007026401830455052
heterogeneity,21,MNL,0.5447916666666667,0.955932922284669,0.5744277738829662,0.023620679205971454,0.01901370925514868
heterogeneity,21,Structured_MNL,0.5395833333333333,0.9511322604509973,0.5714068804243932,0.013702374518084844,0.0064749279430074596
heterogeneity,22,MNL,0.5239583333333333,0.955823564622074,0.5768093491521633,0.048793135149319565,0.015066575367727682
heterogeneity,22,Structured_MNL,0.5229166666666667,0.9498569706490598,0.572657923012604,0.03576096360382132,0.006908281640228866
heterogeneity,23,MNL,0.5270833333333333,0.9568905433079776,0.5762539969985444,0.02809808974155244,0.017975102221575213
heterogeneity,23,Structured_MNL,0.5260416666666666,0.9496451900319066,0.570806689710899,0.018201869691047024,0.009271935893896186
nonlinear_threshold,0,MNL,0.5635416666666667,0.8972032385850244,0.5423079859792632,0.06129595272095909,0.1552996323557344
nonlinear_threshold,0,Structured_MNL,0.6083333333333333,0.7934833144951114,0.4823423362061591,0.014498794705330479,0.00774801155335564
nonlinear_threshold,1,MNL,0.5416666666666666,0.9184640319014244,0.5569320800629487,0.061841042852085366,0.1860060660613176
nonlinear_threshold,1,Structured_MNL,0.596875,0.7999711828211706,0.4847353972721224,0.018513680769241207,0.010518910162420802
nonlinear_threshold,2,MNL,0.5458333333333333,0.9397074072937678,0.5677522864566424,0.07265478247974311,0.1739563018156827
nonlinear_threshold,2,Structured_MNL,0.6125,0.8318376443391031,0.49733306753376166,0.023613585963096033,0.0077978667860949735
nonlinear_threshold,3,MNL,0.5833333333333334,0.8977209327541964,0.5413861025116558,0.05784607928084666,0.18963033906005336
nonlinear_threshold,3,Structured_MNL,0.6333333333333333,0.7829421752482415,0.474150673918892,0.010583285684098307,0.008690636773346147
nonlinear_threshold,4,MNL,0.5572916666666666,0.9394740295209373,0.565162838663723,0.08269079151826163,0.17693437094555486
nonlinear_threshold,4,Structured_MNL,0.6052083333333333,0.8235775731131226,0.499936321587061,0.034170322674188965,0.008596413729242386
nonlinear_threshold,5,MNL,0.578125,0.9071691927540778,0.5421265620132092,0.06826419409628842,0.16780831248256875
nonlinear_threshold,5,Structured_MNL,0.634375,0.7740801118048682,0.46727991303549693,0.02143647541604547,0.006853584575402937
nonlinear_threshold,6,MNL,0.55625,0.9114565566903141,0.5460153757843609,0.05764984102048716,0.16182875733323093
nonlinear_threshold,6,Structured_MNL,0.615625,0.8046608649523019,0.4818783293727791,0.0128217948033424,0.01096004724385355
nonlinear_threshold,7,MNL,0.5822916666666667,0.8991433935336368,0.5404861880919718,0.05477464946688543,0.20888605611506186
nonlinear_threshold,7,Structured_MNL,0.63125,0.7921164243078527,0.4751097248287877,0.006973350187066328,0.009295351056971053
nonlinear_threshold,8,MNL,0.5541666666666667,0.9324275977181176,0.5581288490971074,0.0784646922384724,0.14372986399527518
nonlinear_threshold,8,Structured_MNL,0.6020833333333333,0.8347462201614406,0.5020949983915212,0.03299800578596929,0.010471945548918527
nonlinear_threshold,9,MNL,0.559375,0.9318171325720604,0.5571970463490887,0.06754876988003938,0.16692884916199496
nonlinear_threshold,9,Structured_MNL,0.6239583333333333,0.8123257438159439,0.49166016195082957,0.015868854151507506,0.005941837725659558
nonlinear_threshold,10,MNL,0.534375,0.9325239826213331,0.5629991459863156,0.060841467319121004,0.19232403630932873
nonlinear_threshold,10,Structured_MNL,0.590625,0.8278497664713318,0.500288331001324,0.013497140630247937,0.008043992086263682
nonlinear_threshold,11,MNL,0.546875,0.92689408710113,0.5555022866039167,0.06753404837714723,0.16670568274481362
nonlinear_threshold,11,Structured_MNL,0.6145833333333334,0.7965607467890335,0.4759544866087038,0.020019159416223446,0.010827573421872254
nonlinear_threshold,12,MNL,0.5552083333333333,0.9293319978011847,0.5598938860227645,0.06332484953523017,0.18883116264002692
nonlinear_threshold,12,Structured_MNL,0.6177083333333333,0.8137495708797312,0.49108305921897705,0.01559661772019829,0.00832091583237513
nonlinear_threshold,13,MNL,0.553125,0.9235027554547557,0.5537227896090866,0.07435743238464025,0.17334769590270685
nonlinear_threshold,13,Structured_MNL,0.6375,0.7711179275850781,0.46423548062901787,0.024369050700859565,0.008354163921503791
nonlinear_threshold,14,MNL,0.5802083333333333,0.8949806174206036,0.5363576995231054,0.048398357226963104,0.15371322616170394
nonlinear_threshold,14,Structured_MNL,0.6302083333333334,0.7909883533250122,0.47622837293491854,0.0055850312302132285,0.00975915824784346
nonlinear_threshold,15,MNL,0.5760416666666667,0.9019664484206494,0.5432082420296541,0.06727533550303401,0.15187137856180405
nonlinear_threshold,15,Structured_MNL,0.6270833333333333,0.7940025456509484,0.4813186639957466,0.019230440933851973,0.006938510554442495
nonlinear_threshold,16,MNL,0.5572916666666666,0.9453746317600865,0.5648182064087277,0.06433664515434022,0.1686059625027881
nonlinear_threshold,16,Structured_MNL,0.6041666666666666,0.8318468957881181,0.49740214903735935,0.015568969507700576,0.00879023101474675
nonlinear_threshold,17,MNL,0.5635416666666667,0.9202165669970923,0.5525637800072829,0.05492402825282702,0.14900046944010695
nonlinear_threshold,17,Structured_MNL,0.6125,0.8246407368334975,0.49690648777066176,0.013796617938053177,0.006401918755636281
nonlinear_threshold,18,MNL,0.58125,0.8885938678614554,0.5349054067760668,0.053039657609603615,0.18223677291018486
nonlinear_threshold,18,Structured_MNL,0.6364583333333333,0.7889529944906088,0.47992458335638827,0.006841676518861128,0.008715854554505615
nonlinear_threshold,19,MNL,0.578125,0.9101203740940457,0.5422702475110797,0.05965406602595599,0.16695072046756324
nonlinear_threshold,19,Structured_MNL,0.6260416666666667,0.775360872547634,0.46744429850045593,0.009570196398583492,0.00734436446264629
nonlinear_threshold,20,MNL,0.5322916666666667,0.9497580618868623,0.5749071066194614,0.04078154589039199,0.14186642462296978
nonlinear_threshold,20,Structured_MNL,0.5625,0.8495957404800156,0.5182821020331091,0.0052493780233270745,0.011909554138536393
nonlinear_threshold,21,MNL,0.5833333333333334,0.8952111499326648,0.5377903471761027,0.04828152614649299,0.18968533212396962
nonlinear_threshold,21,Structured_MNL,0.6385416666666667,0.7868302946327426,0.4699672007961418,0.01913454874952005,0.011056849504159695
nonlinear_threshold,22,MNL,0.5604166666666667,0.9354932719384867,0.5563795753727696,0.08637678854978528,0.18009976741354333
nonlinear_threshold,22,Structured_MNL,0.640625,0.7934852854161931,0.47215713798408615,0.03495962240503152,0.009063153015274014
nonlinear_threshold,23,MNL,0.5875,0.9163323109814256,0.5466788703484871,0.05273084472341497,0.14668896766374243
nonlinear_threshold,23,Structured_MNL,0.6385416666666667,0.7849864256003121,0.4688410773839537,0.005039288374682868,0.005116715330461876
nonlinear_interaction,0,MNL,0.5614583333333333,0.9482811190286802,0.5606560025513221,0.05598907488119147,0.22991393362202447
nonlinear_interaction,0,Structured_MNL,0.6416666666666667,0.7815410068624667,0.464603633040905,0.015519026531304408,0.005200334567764642
nonlinear_interaction,1,MNL,0.5677083333333334,0.9350332517410462,0.5513829986588126,0.03222341902702571,0.24020425791254746
nonlinear_interaction,1,Structured_MNL,0.646875,0.7560422127526821,0.4500569831022024,0.013494582944484702,0.003465793078509176
nonlinear_interaction,2,MNL,0.5802083333333333,0.9537078394900103,0.5638234465073954,0.045182936401181484,0.21822980250823273
nonlinear_interaction,2,Structured_MNL,0.6385416666666667,0.795774617698585,0.47477642993516106,0.005170439238289364,0.0038928274677488264
nonlinear_interaction,3,MNL,0.5625,0.9378669484892451,0.5595541298009806,0.05188300316725113,0.23212393239643206
nonlinear_interaction,3,Structured_MNL,0.6291666666666667,0.7981880731547931,0.4766194885875617,0.02019300425373604,0.004478224284286044
nonlinear_interaction,4,MNL,0.559375,0.9209226170669209,0.5528987340643045,0.037648385757322364,0.20250333535979728
nonlinear_interaction,4,Structured_MNL,0.640625,0.7675496474952157,0.46299578304910516,0.007539139561431386,0.003567270621818221
nonlinear_interaction,5,MNL,0.575,0.9060539748843809,0.5417961444539895,0.048814538102520795,0.23100868833089652
nonlinear_interaction,5,Structured_MNL,0.6302083333333334,0.7868430330268218,0.4746854723486685,0.011302679018908716,0.004005103351243752
nonlinear_interaction,6,MNL,0.5770833333333333,0.9287049037130212,0.5525284716525597,0.05837027366948146,0.2200667683478973
nonlinear_interaction,6,Structured_MNL,0.6447916666666667,0.7888024498115845,0.46931945651295737,0.01986529910180026,0.006778655693651504
nonlinear_interaction,7,MNL,0.58125,0.9226678408006315,0.5472213972689671,0.046177743183236496,0.2573498647785556
nonlinear_interaction,7,Structured_MNL,0.6677083333333333,0.759407061897433,0.4501814660995906,0.010428566644548809,0.00321402148103845
nonlinear_interaction,8,MNL,0.58125,0.9146087973779221,0.5420073081536826,0.06217290772349269,0.22551593250052465
nonlinear_interaction,8,Structured_MNL,0.6760416666666667,0.7345457180302085,0.4367294299117848,0.01790862749032543,0.00438380956752153
nonlinear_interaction,9,MNL,0.5385416666666667,0.9743608771319179,0.5771573576635781,0.06529267047355221,0.2822352653373519
nonlinear_interaction,9,Structured_MNL,0.6552083333333333,0.748788658856762,0.4500573036959299,0.01669836456650452,0.004720149562529277
nonlinear_interaction,10,MNL,0.540625,0.9690761264258463,0.580071388529598,0.06150233130416189,0.20587249191767504
nonlinear_interaction,10,Structured_MNL,0.6135416666666667,0.8011449939207613,0.479579605886852,0.01636444791612573,0.004244150807865157
nonlinear_interaction,11,MNL,0.56875,0.9237956129859508,0.5495342098086032,0.0400360535978979,0.21993929451862101
nonlinear_interaction,11,Structured_MNL,0.6572916666666667,0.7630218042904783,0.4522108369842615,0.0033071644718993985,0.004021982877272234
nonlinear_interaction,12,MNL,0.5677083333333334,0.9312102911098683,0.5571449065342922,0.05404548000096179,0.21072149418352826
nonlinear_interaction,12,Structured_MNL,0.6364583333333333,0.7707612450692624,0.46212111552906243,0.012706342145081073,0.005271261669981886
nonlinear_interaction,13,MNL,0.5604166666666667,0.9627692617588636,0.5713776952928126,0.04364905154751377,0.21148703892192028
nonlinear_interaction,13,Structured_MNL,0.6197916666666666,0.8141613708851465,0.48104971286512355,0.003812111975347176,0.007836116401487838
nonlinear_interaction,14,MNL,0.5583333333333333,0.9553847460653316,0.566870049616248,0.04536889913799344,0.22186883424980827
nonlinear_interaction,14,Structured_MNL,0.6114583333333333,0.7995585662993354,0.48331430067710696,0.006869241322756038,0.005011075690055775
nonlinear_interaction,15,MNL,0.5260416666666666,0.9669365358247658,0.5810047224995335,0.04022287299027009,0.23999584187400777
nonlinear_interaction,15,Structured_MNL,0.6177083333333333,0.8084673576134077,0.4839116357031722,0.004273559725613414,0.004270734798980352
nonlinear_interaction,16,MNL,0.5645833333333333,0.9417533610978216,0.5544366341352409,0.06299597699817833,0.2704619227495712
nonlinear_interaction,16,Structured_MNL,0.65,0.7481284062543083,0.4445565941168004,0.01745972345420409,0.0053138705528757825
nonlinear_interaction,17,MNL,0.5760416666666667,0.9400019069983692,0.5590214467955577,0.05741965562249442,0.21417380268118513
nonlinear_interaction,17,Structured_MNL,0.6510416666666666,0.7865005892852278,0.461952638130106,0.016397162709291018,0.005808668053826716
nonlinear_interaction,18,MNL,0.584375,0.922812818276166,0.5456965437761667,0.053480653328256605,0.23786633958450967
nonlinear_interaction,18,Structured_MNL,0.628125,0.7806906566499247,0.4672758473816975,0.009791441569226293,0.004231280488159922
nonlinear_interaction,19,MNL,0.56875,0.9356394593219665,0.5566174115134961,0.06047675507283517,0.2194315217237363
nonlinear_interaction,19,Structured_MNL,0.6395833333333333,0.7702316612732782,0.4580958939704403,0.013709265568419365,0.0032000056903186695
nonlinear_interaction,20,MNL,0.534375,0.9576997504269369,0.5721030033758997,0.060165072113750794,0.26536568410691225
nonlinear_interaction,20,Structured_MNL,0.6447916666666667,0.7962289045685,0.4718108902867455,0.016305972492881148,0.003526315274258183
nonlinear_interaction,21,MNL,0.565625,0.9400290738691625,0.5598106505268644,0.05374369448197397,0.2347029100847699
nonlinear_interaction,21,Structured_MNL,0.6416666666666667,0.7894473860493182,0.4684543901820423,0.01973219796628621,0.005322338062055093
nonlinear_interaction,22,MNL,0.5583333333333333,0.957062880010533,0.5720510437099509,0.06234671982832304,0.21286637833508973
nonlinear_interaction,22,Structured_MNL,0.6385416666666667,0.8076940102528387,0.4827099949872159,0.021982719757064034,0.0050902867033498535
nonlinear_interaction,23,MNL,0.525,0.9521519357922625,0.5704219747943562,0.05930928311542548,0.24677314041844772
nonlinear_interaction,23,Structured_MNL,0.6375,0.7687280374924074,0.4625127903763261,0.0159236138201916,0.005594541369329572
combined,0,MNL,0.5708333333333333,0.9393115904250092,0.5601092464248526,0.07442515691970308,0.28281191477969697
combined,0,Structured_MNL,0.634375,0.7764733102001175,0.46813462886553053,0.023204327959046193,0.008197486584553956
combined,1,MNL,0.5583333333333333,0.9222730934486424,0.5522446451189069,0.07056790244997446,0.24210598631531136
combined,1,Structured_MNL,0.659375,0.7390165082987447,0.44595346360384125,0.02283298005173126,0.006910417216891455
combined,2,MNL,0.5729166666666666,0.9374301145200694,0.5538134972755462,0.06959694067359615,0.2494575450382171
combined,2,Structured_MNL,0.64375,0.7494915051273627,0.4447469102491286,0.02020347579073159,0.007672131029957472
combined,3,MNL,0.5885416666666666,0.9200693988842643,0.542413965080614,0.03435460658858855,0.23653793440158047
combined,3,Structured_MNL,0.6302083333333334,0.7742995335969155,0.4595113571430206,0.016999181994050386,0.007030821081357552
combined,4,MNL,0.5770833333333333,0.9238581721121132,0.5474059186063756,0.06765461104296457,0.23789384060507685
combined,4,Structured_MNL,0.6614583333333334,0.7673342399629594,0.46175541427220507,0.02352906188995412,0.008263573084023602
combined,5,MNL,0.559375,0.9433707406530633,0.5624841128515798,0.062434567737554264,0.2619291050799043
combined,5,Structured_MNL,0.6510416666666666,0.7684790376497506,0.4603743782434061,0.023079604730330144,0.00717831127380198
combined,6,MNL,0.5927083333333333,0.9241656058630561,0.5472859917626517,0.0536065261040314,0.2544422584077661
combined,6,Structured_MNL,0.6708333333333333,0.7410272064222113,0.4429004199746492,0.009094389415438359,0.00777612217843698
combined,7,MNL,0.5979166666666667,0.9257041955614508,0.5470482267515735,0.05466176132153646,0.23173643028806037
combined,7,Structured_MNL,0.646875,0.7623511454639339,0.45188338128831845,0.005618141597886706,0.004957801833253954
combined,8,MNL,0.5760416666666667,0.9181013064335043,0.5475450246149737,0.05449526855937943,0.20288461274213285
combined,8,Structured_MNL,0.63125,0.7802111888731953,0.46827698096468556,0.012478051852116543,0.007593545789874561
combined,9,MNL,0.5708333333333333,0.9312748914102248,0.5520408491576994,0.036897620084988425,0.23601837403727505
combined,9,Structured_MNL,0.6479166666666667,0.7624374714333987,0.4554798505551744,0.006858931547517865,0.009828327660404399
combined,10,MNL,0.5708333333333333,0.9331666300067795,0.5559075019801533,0.03944276161764392,0.23433710469127153
combined,10,Structured_MNL,0.6416666666666667,0.7753741327614788,0.46625893818130604,0.0076833919169911405,0.00520976419556752
combined,11,MNL,0.559375,0.9273275769756241,0.551699046058216,0.0666624531347355,0.22627321808540315
combined,11,Structured_MNL,0.6395833333333333,0.7727172573185505,0.46202119921441265,0.029780391272637076,0.012244993175343352
combined,12,MNL,0.5739583333333333,0.9262614191511328,0.5500676914889244,0.053174426164127216,0.23842984013204588
combined,12,Structured_MNL,0.6447916666666667,0.7648574377692771,0.457620626125196,0.014453729858567264,0.007383294639501413
combined,13,MNL,0.575,0.90648600861014,0.5392037271648029,0.06256981975372437,0.24698997237191347
combined,13,Structured_MNL,0.6625,0.7400209138378064,0.44090936688666577,0.018402509723581307,0.008359795609254145
combined,14,MNL,0.5635416666666667,0.9381970331976297,0.5606535197624241,0.0512493577340312,0.27680665709846924
combined,14,Structured_MNL,0.6354166666666666,0.7575156761383186,0.46236303967103587,0.0059575443306279004,0.007894961532316981
combined,15,MNL,0.5822916666666667,0.9189374329705148,0.5485930180856096,0.05833954540370086,0.21991519287593436
combined,15,Structured_MNL,0.6510416666666666,0.7512627791917317,0.45324063599114256,0.01463750673298494,0.005768265931977843
combined,16,MNL,0.540625,0.9541724376664258,0.5700112479096503,0.07272131392736324,0.26805213819643353
combined,16,Structured_MNL,0.6552083333333333,0.7688995504091651,0.4572692476980956,0.025374542799179604,0.006715532078053919
combined,17,MNL,0.5385416666666667,0.9430474179286935,0.563155926084229,0.06524403389275225,0.29184667250997914
combined,17,Structured_MNL,0.640625,0.7632677567978621,0.45762775378580095,0.01840374015373876,0.00882698028694018
combined,18,MNL,0.5416666666666666,0.9517284096663983,0.5732633198620769,0.06966889819604323,0.2014409388532385
combined,18,Structured_MNL,0.6145833333333334,0.8030439783754393,0.4887377550243737,0.033167832959306004,0.007485074456602844
combined,19,MNL,0.5604166666666667,0.9210007561830827,0.5540783684992462,0.06181947826078833,0.2711306030426821
combined,19,Structured_MNL,0.646875,0.7477676880689792,0.4506549670876119,0.018123183929670775,0.010005153566679017
combined,20,MNL,0.5635416666666667,0.9314294547568583,0.5550254158971214,0.06246556473758937,0.24825237714593426
combined,20,Structured_MNL,0.6552083333333333,0.7460187904070874,0.44554502865666384,0.011720143250439682,0.0068622027265341995
combined,21,MNL,0.546875,0.9532982009304029,0.5655498440622744,0.06860970435733975,0.28615152041935765
combined,21,Structured_MNL,0.6427083333333333,0.736972437044423,0.4404159265432516,0.017149921645977107,0.008822143614791814
combined,22,MNL,0.5666666666666667,0.9484280444510913,0.563794151095118,0.07434905544934421,0.23515867608636457
combined,22,Structured_MNL,0.6552083333333333,0.7505202387369337,0.45276314612091567,0.03018268885885238,0.006061738152127603
combined,23,MNL,0.5708333333333333,0.9101430346529596,0.5439921329686865,0.0630500192556808,0.23770757397801842
combined,23,Structured_MNL,0.665625,0.7377930106175626,0.44281354334050077,0.022807253354157155,0.005760972237628639
