condition,rep,reject,pvalue
null,0,0,0.955
null,1,0,1.0
null,2,0,0.29
null,3,0,0.6
null,4,0,0.72
null,5,0,0.93
null,6,0,0.895
null,7,0,0.85
null,8,0,0.665
null,9,0,0.69
null,10,0,0.67
null,11,0,0.79
null,12,0,0.23
null,13,0,0.575
null,14,0,0.765
null,15,0,0.865
null,16,0,0.59
null,17,0,0.235
null,18,0,0.82
null,19,0,0.525
null,20,0,0.695
null,21,0,0.11
null,22,0,0.735
null,23,0,0.19
null,24,0,0.735
null,25,0,0.825
null,26,0,1.0
null,27,0,0.2
null,28,1,0.01
null,29,0,0.525
null,30,0,0.225
null,31,0,0.05
null,32,0,0.155
null,33,0,0.93
null,34,0,0.07
null,35,0,0.68
null,36,0,1.0
null,37,0,0.225
null,38,0,0.78
null,39,0,0.755
null,40,0,0.945
null,41,0,0.245
null,42,0,1.0
null,43,0,0.405
null,44,0,0.68
null,45,0,0.625
null,46,0,1.0
null,47,0,0.825
null,48,0,0.63
null,49,0,0.685
null,50,0,0.69
null,51,0,0.22
null,52,1,0.03
null,53,0,0.515
null,54,0,0.95
null,55,0,0.825
null,56,0,0.905
null,57,0,0.41
null,58,0,0.56
null,59,0,0.16
null,60,0,0.89
null,61,0,0.75
null,62,0,0.95
null,63,0,0.19
null,64,0,0.665
null,65,0,0.285
null,66,0,0.47
null,67,0,0.125
null,68,0,0.525
null,69,0,0.73
null,70,0,0.315
null,71,0,0.22
null,72,0,0.43
null,73,0,0.355
null,74,0,0.5
null,75,1,0.025
null,76,0,0.81
null,77,0,0.05
null,78,0,0.15
null,79,0,0.32
null,80,0,0.63
null,81,0,0.285
null,82,0,0.545
null,83,0,0.65
null,84,0,0.98
null,85,0,0.4
null,86,0,0.395
null,87,0,0.09
null,88,0,0.685
null,89,1,0.025
null,90,0,0.5
null,91,0,0.165
null,92,0,0.955
null,93,0,0.74
null,94,0,0.595
null,95,0,0.27
null,96,0,0.175
null,97,0,0.54
null,98,0,0.905
null,99,0,0.765
null,100,0,0.895
null,101,0,0.55
null,102,1,0.01
null,103,0,0.875
null,104,0,0.605
null,105,0,0.765
null,106,0,0.545
null,107,0,1.0
null,108,0,0.4
null,109,0,0.325
null,110,0,0.12
null,111,0,0.5
null,112,0,0.73
null,113,0,0.54
null,114,0,0.455
null,115,0,0.44
null,116,0,0.62
null,117,0,0.365
null,118,0,0.78
null,119,0,1.0
null,120,0,0.225
null,121,0,0.83
null,122,0,0.39
null,123,0,0.085
null,124,0,0.605
null,125,0,0.195
null,126,0,0.24
null,127,0,0.19
null,128,0,0.775
null,129,0,0.41
null,130,0,0.29
null,131,0,0.75
null,132,0,0.845
null,133,0,0.745
null,134,0,0.75
null,135,0,0.1
null,136,0,0.955
null,137,0,0.61
null,138,0,0.275
null,139,0,0.645
null,140,0,0.505
null,141,0,0.1
null,142,0,0.28
null,143,0,0.365
null,144,0,0.5
null,145,0,0.82
null,146,0,0.355
null,147,0,0.75
null,148,0,0.15
null,149,0,0.58
null,150,0,1.0
null,151,0,0.535
null,152,0,1.0
null,153,0,0.945
null,154,0,0.435
null,155,0,0.225
null,156,0,0.57
null,157,0,0.175
null,158,0,0.145
null,159,0,0.405
null,160,0,0.23
null,161,0,0.635
null,162,0,1.0
null,163,0,0.63
null,164,0,0.395
null,165,0,0.31
null,166,0,0.845
null,167,0,1.0
null,168,0,0.55
null,169,0,0.4
null,170,0,0.125
null,171,0,0.175
null,172,0,0.195
null,173,0,0.48
null,174,0,0.755
null,175,0,0.655
null,176,0,0.895
null,177,0,0.48
null,178,0,0.86
null,179,0,0.64
null,180,0,0.905
null,181,0,0.81
null,182,0,0.05
null,183,0,0.84
null,184,0,0.15
null,185,0,0.085
null,186,0,0.545
null,187,0,0.84
null,188,0,0.255
null,189,0,0.925
null,190,0,0.355
null,191,0,0.655
null,192,0,0.555
null,193,0,1.0
null,194,0,0.285
null,195,0,0.25
null,196,0,0.13
null,197,0,0.445
null,198,0,0.56
null,199,0,0.25
omitted,0,1,0.005
omitted,1,1,0.005
omitted,2,1,0.005
omitted,3,1,0.005
omitted,4,1,0.005
omitted,5,1,0.005
omitted,6,1,0.005
omitted,7,1,0.005
omitted,8,1,0.005
omitted,9,1,0.005
omitted,10,1,0.005
omitted,11,1,0.005
omitted,12,1,0.005
omitted,13,1,0.005
omitted,14,1,0.005
omitted,15,1,0.005
omitted,16,1,0.005
omitted,17,1,0.005
omitted,18,1,0.005
omitted,19,1,0.005
omitted,20,1,0.005
omitted,21,1,0.005
omitted,22,1,0.005
omitted,23,1,0.005
omitted,24,1,0.005
omitted,25,1,0.005
omitted,26,1,0.005
omitted,27,1,0.005
omitted,28,1,0.005
omitted,29,1,0.005
omitted,30,1,0.005
omitted,31,1,0.005
omitted,32,1,0.005
omitted,33,1,0.005
omitted,34,1,0.01
omitted,35,1,0.005
omitted,36,1,0.01
omitted,37,1,0.005
omitted,38,1,0.005
omitted,39,1,0.005
omitted,40,1,0.005
omitted,41,1,0.005
omitted,42,1,0.005
omitted,43,1,0.005
omitted,44,1,0.005
omitted,45,1,0.005
omitted,46,1,0.005
omitted,47,1,0.005
omitted,48,1,0.005
omitted,49,1,0.005
omitted,50,1,0.005
omitted,51,1,0.005
omitted,52,1,0.005
omitted,53,1,0.005
omitted,54,1,0.005
omitted,55,1,0.005
omitted,56,1,0.005
omitted,57,1,0.005
omitted,58,1,0.005
omitted,59,1,0.005
omitted,60,1,0.005
omitted,61,1,0.005
omitted,62,1,0.005
omitted,63,1,0.005
omitted,64,1,0.005
omitted,65,0,0.065
omitted,66,1,0.005
omitted,67,1,0.005
omitted,68,1,0.005
omitted,69,1,0.005
omitted,70,1,0.005
omitted,71,1,0.01
omitted,72,1,0.005
omitted,73,1,0.005
omitted,74,1,0.005
omitted,75,1,0.015
omitted,76,1,0.02
omitted,77,1,0.005
omitted,78,1,0.005
omitted,79,1,0.005
omitted,80,1,0.005
omitted,81,1,0.005
omitted,82,1,0.015
omitted,83,1,0.005
omitted,84,1,0.005
omitted,85,1,0.005
omitted,86,1,0.005
omitted,87,1,0.005
omitted,88,1,0.005
omitted,89,1,0.005
omitted,90,1,0.01
omitted,91,1,0.01
omitted,92,1,0.005
omitted,93,1,0.005
omitted,94,1,0.005
omitted,95,1,0.005
omitted,96,1,0.005
omitted,97,1,0.005
omitted,98,1,0.005
omitted,99,1,0.005
omitted,100,1,0.005
omitted,101,1,0.005
omitted,102,1,0.005
omitted,103,1,0.005
omitted,104,1,0.005
omitted,105,1,0.005
omitted,106,1,0.005
omitted,107,1,0.005
omitted,108,1,0.005
omitted,109,1,0.005
omitted,110,1,0.005
omitted,111,1,0.005
omitted,112,1,0.005
omitted,113,1,0.005
omitted,114,1,0.005
omitted,115,1,0.005
omitted,116,1,0.005
omitted,117,1,0.005
omitted,118,1,0.005
omitted,119,1,0.005
omitted,120,1,0.005
omitted,121,1,0.005
omitted,122,1,0.005
omitted,123,1,0.005
omitted,124,1,0.005
omitted,125,1,0.005
omitted,126,1,0.005
omitted,127,1,0.005
omitted,128,1,0.005
omitted,129,1,0.005
omitted,130,1,0.005
omitted,131,1,0.005
omitted,132,1,0.005
omitted,133,1,0.005
omitted,134,1,0.005
omitted,135,1,0.005
omitted,136,1,0.005
omitted,137,1,0.005
omitted,138,1,0.03
omitted,139,1,0.005
omitted,140,1,0.005
omitted,141,1,0.005
omitted,142,1,0.005
omitted,143,1,0.005
omitted,144,1,0.005
omitted,145,1,0.005
omitted,146,1,0.005
omitted,147,1,0.005
omitted,148,1,0.005
omitted,149,1,0.005
omitted,150,1,0.005
omitted,151,1,0.005
omitted,152,1,0.005
omitted,153,1,0.005
omitted,154,1,0.005
omitted,155,1,0.005
omitted,156,1,0.005
omitted,157,1,0.02
omitted,158,1,0.005
omitted,159,1,0.005
omitted,160,1,0.01
omitted,161,1,0.005
omitted,162,1,0.005
omitted,163,1,0.005
omitted,164,1,0.005
omitted,165,1,0.005
omitted,166,1,0.005
omitted,167,1,0.005
omitted,168,1,0.01
omitted,169,1,0.005
omitted,170,1,0.005
omitted,171,1,0.005
omitted,172,1,0.005
omitted,173,1,0.005
omitted,174,1,0.005
omitted,175,1,0.005
omitted,176,1,0.005
omitted,177,1,0.005
omitted,178,1,0.005
omitted,179,1,0.005
omitted,180,1,0.005
omitted,181,1,0.005
omitted,182,1,0.005
omitted,183,1,0.005
omitted,184,1,0.005
omitted,185,1,0.005
omitted,186,1,0.005
omitted,187,1,0.005
omitted,188,1,0.005
omitted,189,1,0.005
omitted,190,1,0.005
omitted,191,1,0.005
omitted,192,1,0.005
omitted,193,1,0.005
omitted,194,1,0.005
omitted,195,1,0.005
omitted,196,1,0.005
omitted,197,1,0.01
omitted,198,1,0.005
omitted,199,1,0.005
