noise_sd,rep,reject,pvalue,gap_mismatch
0.0,0,0,0.535,0.0
0.0,1,0,0.24,0.0
0.0,2,0,0.515,0.0
0.0,3,0,0.72,0.0
0.0,4,0,0.21,0.0
0.0,5,0,0.185,0.0
0.0,6,0,1.0,0.0
0.0,7,0,0.74,0.0
0.0,8,0,0.415,0.0
0.0,9,0,0.855,0.0
0.0,10,0,0.585,0.0
0.0,11,0,0.87,0.0
0.0,12,0,0.68,0.0
0.0,13,0,0.595,0.0
0.0,14,0,0.625,0.0
0.0,15,0,0.585,0.0
0.0,16,0,0.6,0.0
0.0,17,0,0.945,0.0
0.0,18,0,0.58,0.0
0.0,19,0,0.845,0.0
0.0,20,0,0.43,0.0
0.0,21,0,0.555,0.0
0.0,22,0,0.66,0.0
0.0,23,0,0.81,0.0
0.0,24,0,0.155,0.0
0.0,25,0,0.565,0.0
0.0,26,0,0.64,0.0
0.0,27,0,0.91,0.0
0.0,28,0,0.075,0.0
0.0,29,1,0.045,0.0
0.0,30,0,0.96,0.0
0.0,31,0,0.505,0.0
0.0,32,0,0.135,0.0
0.0,33,0,0.425,0.0
0.0,34,0,0.675,0.0
0.0,35,0,0.72,0.0
0.0,36,0,0.055,0.0
0.0,37,0,0.175,0.0
0.0,38,0,0.705,0.0
0.0,39,0,0.145,0.0
0.0,40,0,0.745,0.0
0.0,41,0,0.375,0.0
0.0,42,0,1.0,0.0
0.0,43,0,0.475,0.0
0.0,44,0,0.33,0.0
0.0,45,0,0.135,0.0
0.0,46,0,0.05,0.0
0.0,47,0,0.685,0.0
0.0,48,0,0.435,0.0
0.0,49,0,0.68,0.0
0.0,50,0,0.45,0.0
0.0,51,0,0.205,0.0
0.0,52,0,1.0,0.0
0.0,53,0,0.915,0.0
0.0,54,0,0.47,0.0
0.0,55,0,1.0,0.0
0.0,56,0,0.255,0.0
0.0,57,0,0.89,0.0
0.0,58,0,0.72,0.0
0.0,59,0,0.785,0.0
0.0,60,0,0.955,0.0
0.0,61,0,0.74,0.0
0.0,62,0,0.8,0.0
0.0,63,0,0.755,0.0
0.0,64,0,0.09,0.0
0.0,65,0,0.73,0.0
0.0,66,0,0.14,0.0
0.0,67,0,1.0,0.0
0.0,68,0,0.83,0.0
0.0,69,0,0.355,0.0
0.0,70,0,1.0,0.0
0.0,71,0,0.825,0.0
0.0,72,0,0.35,0.0
0.0,73,0,0.705,0.0
0.0,74,0,1.0,0.0
0.0,75,0,0.53,0.0
0.0,76,1,0.04,0.0
0.0,77,0,0.585,0.0
0.0,78,0,0.165,0.0
0.0,79,0,0.12,0.0
0.0,80,0,0.125,0.0
0.0,81,0,0.45,0.0
0.0,82,0,0.935,0.0
0.0,83,0,0.075,0.0
0.0,84,0,0.345,0.0
0.0,85,0,0.775,0.0
0.0,86,0,0.14,0.0
0.0,87,0,0.835,0.0
0.0,88,0,0.825,0.0
0.0,89,0,0.225,0.0
0.0,90,0,0.23,0.0
0.0,91,0,0.67,0.0
0.0,92,0,0.095,0.0
0.0,93,0,0.485,0.0
0.0,94,0,1.0,0.0
0.0,95,0,0.68,0.0
0.0,96,0,0.355,0.0
0.0,97,0,0.655,0.0
0.0,98,0,0.865,0.0
0.0,99,0,0.185,0.0
0.005,0,0,0.37,0.026236738092254575
0.005,1,0,0.24,0.003657664953596429
0.005,2,0,0.465,0.030394109374715983
0.005,3,0,0.775,0.005625543052430126
0.005,4,0,0.21,0.012572901824140503
0.005,5,0,0.185,0.020134592893324754
0.005,6,0,0.715,0.03238932812310358
0.005,7,0,0.64,0.00448313966285574
0.005,8,0,0.375,0.011219168528235901
0.005,9,0,0.855,0.011800036691105076
0.005,10,0,0.47,0.00827147251918281
0.005,11,0,0.865,0.025819739630043026
0.005,12,0,0.835,0.03288818408711647
0.005,13,0,0.795,0.004216063749022725
0.005,14,0,0.7,0.02577822906685956
0.005,15,0,0.39,0.02905749073150421
0.005,16,0,0.62,0.017741680713727392
0.005,17,0,0.745,0.02984136121124692
0.005,18,0,0.6,0.013849450398514707
0.005,19,0,0.54,0.021189345456384734
0.005,20,0,0.43,0.030871073065855015
0.005,21,0,0.495,0.015809734659304908
0.005,22,0,0.705,0.013721288774146023
0.005,23,0,0.81,0.006094891861769369
0.005,24,0,0.145,0.0003110156273273823
0.005,25,0,0.565,0.011797210538943226
0.005,26,0,0.555,0.02403815733675474
0.005,27,0,1.0,0.006642582863888524
0.005,28,0,0.11,0.0007213497545865977
0.005,29,0,0.055,0.024069835816499907
0.005,30,0,0.93,0.010975177408994341
0.005,31,0,0.47,0.007742184146652731
0.005,32,0,0.125,0.006986605151055203
0.005,33,0,0.58,0.0029487292966461354
0.005,34,0,0.85,0.036625253511078926
0.005,35,0,0.72,0.00360272924370042
0.005,36,0,0.08,0.047945268108438244
0.005,37,0,0.145,0.027164528302968227
0.005,38,0,0.4,0.023842828072263345
0.005,39,0,0.135,0.037960627378099465
0.005,40,0,0.795,0.03128228044327863
0.005,41,0,0.33,0.009707970164295476
0.005,42,0,1.0,0.008317829688766931
0.005,43,0,0.38,0.010690639832130033
0.005,44,0,0.24,0.03919512317491591
0.005,45,0,0.115,0.012925205579331411
0.005,46,1,0.04,0.018887057587798628
0.005,47,0,0.65,0.01402133715578735
0.005,48,0,0.475,0.01202575329761868
0.005,49,0,0.58,0.019472248072779585
0.005,50,0,0.61,0.0045890431455584135
0.005,51,0,0.16,0.032128939533911716
0.005,52,0,1.0,7.766211568394077e-05
0.005,53,0,0.915,0.01214486619233135
0.005,54,0,0.525,0.026343148977495456
0.005,55,0,1.0,0.019931935496271036
0.005,56,0,0.295,0.0010190152830835686
0.005,57,0,0.89,0.0031736856395681023
0.005,58,0,0.405,0.04630481279825305
0.005,59,0,0.905,0.011880521755440077
0.005,60,0,0.965,0.0058927948729845525
0.005,61,0,0.745,0.01670201941685523
0.005,62,0,0.665,0.02598485571305842
0.005,63,0,0.755,0.007035700225074937
0.005,64,0,0.09,0.028637926466989816
0.005,65,0,0.73,0.027889108106271987
0.005,66,0,0.125,0.0073614187192208025
0.005,67,0,1.0,0.006995342552921446
0.005,68,0,0.83,0.002880081545899582
0.005,69,0,0.34,0.021208180448862413
0.005,70,0,1.0,0.003351181927934599
0.005,71,0,0.655,0.025846753279089807
0.005,72,0,0.41,0.02539886416590953
0.005,73,0,0.82,0.002363238783999577
0.005,74,0,1.0,0.016658918489218744
0.005,75,0,0.53,0.03595959719825492
0.005,76,0,0.05,0.016034911646001904
0.005,77,0,0.58,0.0029988897776613843
0.005,78,0,0.18,0.015433681550516942
0.005,79,0,0.12,0.018451834648889998
0.005,80,0,0.125,0.0015128112562634577
0.005,81,0,0.365,0.015406674227713024
0.005,82,0,0.88,0.02533686241006672
0.005,83,0,0.08,0.0108204461206316
0.005,84,0,0.345,0.04131740762923308
0.005,85,0,0.775,0.003487580205319585
0.005,86,0,0.085,0.03692083500682508
0.005,87,0,0.81,0.010867948155371732
0.005,88,0,0.74,0.015947696456459326
0.005,89,0,0.225,0.01960349144968232
0.005,90,0,0.23,0.032192655663705994
0.005,91,0,0.705,0.020078056678013434
0.005,92,0,0.135,0.03132339610632928
0.005,93,0,0.485,0.020235183306166693
0.005,94,0,1.0,0.00729449869663612
0.005,95,0,0.68,0.0036758715507119177
0.005,96,0,0.395,0.012714219104965396
0.005,97,0,0.655,0.00698289747512959
0.005,98,0,0.765,0.01223730418436042
0.005,99,0,0.21,0.02077173167464097
0.01,0,0,0.4,0.05247347618450915
0.01,1,0,0.24,0.00731532990719308
0.01,2,0,0.495,0.06078821874943241
0.01,3,0,0.775,0.011251086104860253
0.01,4,0,0.115,0.02514580364828123
0.01,5,0,0.185,0.040269185786649286
0.01,6,0,0.58,0.06477865624620716
0.01,7,0,0.57,0.008966279325712145
0.01,8,0,0.335,0.022438337056472246
0.01,9,0,0.855,0.02360007338221015
0.01,10,0,0.275,0.016542945038365398
0.01,11,0,0.79,0.051639479260085386
0.01,12,0,0.985,0.06577636817423183
0.01,13,0,0.795,0.008432127498045894
0.01,14,0,0.7,0.051556458133718674
0.01,15,0,0.39,0.05811498146300864
0.01,16,0,0.62,0.035483361427454785
0.01,17,0,0.45,0.05968272242249406
0.01,18,0,0.67,0.02769890079703008
0.01,19,0,0.58,0.042378690912770356
0.01,20,0,0.395,0.06174214613170981
0.01,21,0,0.495,0.03161946931860937
0.01,22,0,0.61,0.02744257754829227
0.01,23,0,0.81,0.01218978372353896
0.01,24,0,0.16,0.0006220312546547646
0.01,25,0,0.565,0.023594421077886674
0.01,26,0,0.48,0.0480763146735097
0.01,27,0,0.965,0.013285165727777049
0.01,28,0,0.13,0.0014426995091734174
0.01,29,0,0.145,0.048139671633000036
0.01,30,0,1.0,0.02195035481798846
0.01,31,0,0.385,0.015484368293305018
0.01,32,0,0.125,0.013973210302110406
0.01,33,0,0.58,0.005897458593292049
0.01,34,0,0.85,0.07325050702215741
0.01,35,0,0.72,0.00720545848739973
0.01,36,0,0.15,0.09589053621687671
0.01,37,0,0.145,0.054329056605936454
0.01,38,0,0.415,0.04768565614452669
0.01,39,0,0.095,0.07592125475619804
0.01,40,0,0.79,0.06256456088655749
0.01,41,0,0.25,0.019415940328592063
0.01,42,0,0.82,0.01663565937753364
0.01,43,0,0.38,0.021381279664259845
0.01,44,0,0.16,0.0783902463498325
0.01,45,0,0.105,0.0258504111586626
0.01,46,1,0.04,0.037774115175595924
0.01,47,0,0.595,0.028042674311574256
0.01,48,0,0.355,0.024051506595237804
0.01,49,0,0.425,0.03894449614555984
0.01,50,0,0.52,0.009178086291117049
0.01,51,0,0.13,0.06425787906782432
0.01,52,0,1.0,0.00015532423136854767
0.01,53,0,0.915,0.024289732384662477
0.01,54,0,0.665,0.05268629795499091
0.01,55,0,1.0,0.03986387099254185
0.01,56,0,0.295,0.0020380305661675813
0.01,57,0,0.795,0.006347371279135761
0.01,58,0,0.14,0.09260962559650654
0.01,59,0,1.0,0.023761043510880153
0.01,60,0,0.965,0.011785589745969549
0.01,61,0,0.745,0.03340403883371068
0.01,62,0,0.665,0.051969711426116616
0.01,63,0,0.7,0.014071400450149651
0.01,64,0,0.09,0.05727585293397941
0.01,65,0,0.885,0.05577821621254353
0.01,66,0,0.165,0.014722837438441383
0.01,67,0,1.0,0.013990685105843115
0.01,68,0,0.83,0.005760163091799164
0.01,69,0,0.365,0.04241636089772571
0.01,70,0,1.0,0.006702363855869198
0.01,71,0,0.435,0.051693506558179614
0.01,72,0,0.38,0.05079772833181995
0.01,73,0,0.785,0.004726477567998488
0.01,74,0,0.885,0.03331783697843771
0.01,75,0,0.7,0.0719191943965094
0.01,76,0,0.05,0.032069823292003585
0.01,77,0,0.58,0.0059977795553218805
0.01,78,0,0.19,0.030867363101034773
0.01,79,0,0.155,0.03690366929777977
0.01,80,0,0.115,0.0030256225125275815
0.01,81,0,0.37,0.030813348455425604
0.01,82,0,0.73,0.05067372482013255
0.01,83,0,0.08,0.021640892241262977
0.01,84,0,0.41,0.08263481525846594
0.01,85,0,0.825,0.00697516041063917
0.01,86,0,0.13,0.07384167001365038
0.01,87,0,0.905,0.02173589631074302
0.01,88,0,0.665,0.03189539291291843
0.01,89,0,0.215,0.03920698289936464
0.01,90,0,0.17,0.06438531132741199
0.01,91,0,0.705,0.040156113356026646
0.01,92,0,0.225,0.06264679221265901
0.01,93,0,0.425,0.0404703666123325
0.01,94,0,0.94,0.014588997393272907
0.01,95,0,0.8,0.007351743101423613
0.01,96,0,0.39,0.02542843820993146
0.01,97,0,0.735,0.013965794950259625
0.01,98,0,0.765,0.024474608368721062
0.01,99,0,0.18,0.041543463349282383
0.02,0,0,0.215,0.10494695236901896
0.02,1,0,0.27,0.01463065981438616
0.02,2,0,0.35,0.12157643749886482
0.02,3,0,0.785,0.022502172209719618
0.02,4,0,0.08,0.05029160729656268
0.02,5,0,0.205,0.08053837157329946
0.02,6,0,0.4,0.12955731249241387
0.02,7,0,0.57,0.017932558651424735
0.02,8,0,0.315,0.04487667411294538
0.02,9,0,0.775,0.047200146764420525
0.02,10,0,0.325,0.03308589007673057
0.02,11,0,0.63,0.10327895852017055
0.02,12,0,0.96,0.13155273634846343
0.02,13,0,0.88,0.01686425499609201
0.02,14,0,0.79,0.10311291626743779
0.02,15,0,0.16,0.11622996292601728
0.02,16,0,0.86,0.07096672285490957
0.02,17,0,0.225,0.1193654448449879
0.02,18,0,0.67,0.05539780159406016
0.02,19,0,0.51,0.08475738182553938
0.02,20,0,0.255,0.12348429226341917
0.02,21,0,0.33,0.06323893863721919
0.02,22,0,0.61,0.05488515509658365
0.02,23,0,0.79,0.0243795674470777
0.02,24,0,0.175,0.0012440625093095292
0.02,25,0,0.4,0.04718884215577379
0.02,26,0,0.285,0.09615262934701896
0.02,27,0,0.965,0.02657033145555454
0.02,28,0,0.165,0.002885399018347279
0.02,29,0,0.16,0.0962793432659994
0.02,30,0,0.95,0.04390070963597714
0.02,31,0,0.26,0.030968736586609813
0.02,32,0,0.155,0.02794642060422059
0.02,33,0,0.595,0.011794917186584097
0.02,34,0,0.835,0.14650101404431548
0.02,35,0,0.72,0.014410916974800125
0.02,36,0,0.245,0.19178107243375275
0.02,37,0,0.055,0.10865811321187269
0.02,38,0,0.335,0.0953713122890536
0.02,39,0,0.06,0.15184250951239608
0.02,40,0,0.915,0.12512912177311564
0.02,41,0,0.205,0.03883188065718368
0.02,42,0,0.675,0.03327131875506817
0.02,43,0,0.285,0.04276255932851991
0.02,44,0,0.105,0.1567804926996661
0.02,45,0,0.07,0.05170082231732542
0.02,46,1,0.03,0.07554823035119296
0.02,47,0,0.695,0.056085348623148956
0.02,48,0,0.46,0.048103013190475385
0.02,49,0,0.485,0.07788899229111856
0.02,50,0,0.425,0.018356172582234098
0.02,51,0,0.11,0.12851575813564775
0.02,52,0,1.0,0.0003106484627364292
0.02,53,0,0.645,0.04857946476932562
0.02,54,0,0.74,0.10537259590998205
0.02,55,0,0.86,0.07972774198508348
0.02,56,0,0.275,0.0040760611323349405
0.02,57,0,0.72,0.012694742558272187
0.02,58,0,0.075,0.18521925119301308
0.02,59,0,0.89,0.04752208702176097
0.02,60,0,0.85,0.023571179491939098
0.02,61,0,0.745,0.06680807766742092
0.02,62,0,0.56,0.10393942285223368
0.02,63,0,0.675,0.02814280090029997
0.02,64,1,0.025,0.11455170586795882
0.02,65,0,0.965,0.11155643242508662
0.02,66,0,0.1,0.029445674876882766
0.02,67,0,1.0,0.02798137021168623
0.02,68,0,0.79,0.01152032618359855
0.02,69,0,0.185,0.08483272179545054
0.02,70,0,1.0,0.013404727711738618
0.02,71,0,0.38,0.103387013116359
0.02,72,0,0.205,0.10159545666364012
0.02,73,0,1.0,0.009452955135997643
0.02,74,0,0.815,0.0666356739568752
0.02,75,0,0.895,0.14383838879301836
0.02,76,1,0.045,0.06413964658400695
0.02,77,0,0.665,0.011995559110644427
0.02,78,0,0.135,0.0617347262020691
0.02,79,0,0.2,0.07380733859555977
0.02,80,0,0.115,0.006051245025054941
0.02,81,0,0.3,0.061626696910850765
0.02,82,0,0.755,0.10134744964026599
0.02,83,0,0.06,0.04328178448252573
0.02,84,0,0.5,0.16526963051693166
0.02,85,0,1.0,0.01395032082127834
0.02,86,0,0.05,0.14768334002730077
0.02,87,0,0.835,0.04347179262148648
0.02,88,0,0.49,0.06379078582583642
0.02,89,0,0.18,0.07841396579872861
0.02,90,0,0.075,0.1287706226548242
0.02,91,0,0.92,0.08031222671205351
0.02,92,0,0.43,0.12529358442531802
0.02,93,0,0.295,0.0809407332246661
0.02,94,0,0.89,0.029177994786546257
0.02,95,0,0.555,0.014703486202847449
0.02,96,0,0.72,0.050856876419862695
0.02,97,0,0.715,0.02793158990051925
0.02,98,0,0.59,0.04894921673744124
0.02,99,0,0.25,0.08308692669856499
0.05,0,0,0.085,0.2623673809225473
0.05,1,0,0.37,0.03657664953596562
0.05,2,0,0.135,0.30394109374716183
0.05,3,0,0.665,0.056255430524299266
0.05,4,1,0.025,0.12572901824140592
0.05,5,0,0.43,0.201345928933248
0.05,6,0,0.235,0.3238932812310351
0.05,7,0,0.755,0.04483139662856117
0.05,8,0,0.13,0.11219168528236123
0.05,9,0,0.705,0.11800036691105165
0.05,10,0,0.84,0.08271472519182654
0.05,11,0,0.155,0.2581973963004265
0.05,12,0,0.615,0.3288818408711591
0.05,13,0,0.81,0.042160637490230135
0.05,14,0,0.84,0.2577822906685938
0.05,15,1,0.045,0.29057490731504343
0.05,16,0,0.905,0.17741680713727437
0.05,17,0,0.065,0.29841361211247075
0.05,18,0,0.5,0.13849450398515017
0.05,19,0,0.12,0.21189345456384956
0.05,20,0,0.08,0.30871073065854837
0.05,21,0,0.285,0.15809734659304842
0.05,22,0,0.425,0.13721288774145934
0.05,23,0,0.54,0.06094891861769369
0.05,24,0,0.135,0.003110156273274045
0.05,25,0,0.155,0.11797210538943426
0.05,26,0,0.225,0.2403815733675465
0.05,27,0,1.0,0.06642582863888635
0.05,28,0,0.205,0.007213497545867753
0.05,29,0,0.525,0.24069835816499885
0.05,30,0,1.0,0.10975177408994297
0.05,31,0,0.135,0.07742184146652331
0.05,32,0,0.16,0.06986605151055114
0.05,33,0,0.525,0.02948729296646091
0.05,34,0,0.84,0.3662525351107888
0.05,35,0,0.795,0.036027292437000646
0.05,36,0,0.945,0.479452681084382
0.05,37,1,0.005,0.27164528302968205
0.05,38,1,0.035,0.23842828072263433
0.05,39,1,0.025,0.37960627378099066
0.05,40,0,0.325,0.3128228044327892
0.05,41,0,0.18,0.09707970164295898
0.05,42,0,0.365,0.0831782968876702
0.05,43,0,0.06,0.10690639832130033
0.05,44,1,0.03,0.39195123174916424
0.05,45,1,0.04,0.1292520557933141
0.05,46,1,0.02,0.18887057587798228
0.05,47,0,0.905,0.14021337155787283
0.05,48,0,1.0,0.12025753297618946
0.05,49,0,0.135,0.19472248072779652
0.05,50,0,0.535,0.04589043145558591
0.05,51,0,0.055,0.32128939533911893
0.05,52,0,0.95,0.000776621156840962
0.05,53,0,0.655,0.12144866192331305
0.05,54,0,0.87,0.2634314897749559
0.05,55,0,0.485,0.1993193549627098
0.05,56,0,0.31,0.010190152830837462
0.05,57,0,0.575,0.031736856395680135
0.05,58,1,0.005,0.4630481279825318
0.05,59,0,0.52,0.1188052175544021
0.05,60,0,0.62,0.05892794872984597
0.05,61,0,0.795,0.16702019416855274
0.05,62,0,0.105,0.25984855713058397
0.05,63,0,0.435,0.07035700225074959
0.05,64,1,0.01,0.2863792646698975
0.05,65,0,0.63,0.27889108106271676
0.05,66,0,0.095,0.07361418719220758
0.05,67,0,0.835,0.06995342552921624
0.05,68,0,0.76,0.028800815458996487
0.05,69,0,0.1,0.2120818044886268
0.05,70,0,0.935,0.03351181927934621
0.05,71,0,0.36,0.25846753279089785
0.05,72,0,0.08,0.2539886416590993
0.05,73,0,0.91,0.023632387839993108
0.05,74,0,0.46,0.16658918489218766
0.05,75,0,0.735,0.35959597198254634
0.05,76,0,0.1,0.16034911646001748
0.05,77,0,0.7,0.029988897776610512
0.05,78,1,0.025,0.15433681550517275
0.05,79,0,0.25,0.1845183464888991
0.05,80,0,0.12,0.015128112562637241
0.05,81,0,0.235,0.15406674227712758
0.05,82,0,0.4,0.2533686241006641
0.05,83,1,0.045,0.1082044612063151
0.05,84,0,0.39,0.41317407629232994
0.05,85,0,1.0,0.03487580205319696
0.05,86,1,0.01,0.3692083500682517
0.05,87,0,0.955,0.10867948155371643
0.05,88,0,0.195,0.15947696456459126
0.05,89,1,0.04,0.1960349144968221
0.05,90,1,0.01,0.32192655663706016
0.05,91,0,0.68,0.20078056678013367
0.05,92,0,0.915,0.31323396106329393
0.05,93,0,0.06,0.20235183306166427
0.05,94,0,0.755,0.07294498696636476
0.05,95,0,0.42,0.036758715507117845
0.05,96,0,0.38,0.12714219104965663
0.05,97,0,0.715,0.06982897475129812
0.05,98,0,0.245,0.12237304184360398
0.05,99,0,0.825,0.20771731674641236
