design,task,pool_index,candidate_gap,candidate_basis_A,candidate_basis_B,distance,hamming,raw_signature,candidate_gap_mismatch_at_beta0,min_eigenvalue,information_trace,odd_quadratic_total,odd_care_midpoint_interaction,odd_intelligence_cloud_interaction
structural_maximin,1,201,0.22000000000000008,"(2, 2, 2, 0)","(1, 2, 2, 0)",9,3,"(9, 3, 5, 2, 1)",0.0,1.6481718866025339,15.06310338240054,-1.0,0.5,-1.0
structural_maximin,2,59,0.35999999999999976,"(1, 2, 2, 0)","(4, 3, 2, 2)",14,5,"(14, 5, 8, 1, 4)",0.0,1.6481718866025339,15.06310338240054,0.0,0.0,1.0
structural_maximin,3,557,0.5599999999999999,"(2, 3, 2, 0)","(3, 2, 2, 1)",7,4,"(7, 4, 5, 1, 3)",0.0,1.6481718866025339,15.06310338240054,-1.0,0.5,1.0
structural_maximin,4,997,0.6600000000000001,"(4, 2, 2, 2)","(1, 2, 2, 2)",7,4,"(7, 4, 5, 3, 1)",0.0,1.6481718866025339,15.06310338240054,-2.0,0.0,-1.0
structural_maximin,5,764,0.8200000000000001,"(3, 2, 2, 1)","(2, 2, 2, 2)",4,4,"(4, 4, 4, 2, 2)",0.0,1.6481718866025339,15.06310338240054,-1.0,-0.5,-1.0
structural_random,1,769,0.22000000000000008,"(3, 2, 2, 1)","(2, 2, 2, 1)",9,3,"(9, 3, 5, 2, 1)",0.0,,,0.0,0.0,1.0
structural_random,2,455,0.38,"(1, 3, 2, 1)","(2, 3, 2, 2)",4,4,"(4, 4, 4, 1, 3)",0.0,,,-1.0,0.5,1.0
structural_random,3,264,0.6399999999999999,"(2, 2, 2, 1)","(1, 3, 2, 2)",7,4,"(7, 4, 5, 2, 2)",0.0,,,0.0,0.0,-1.0
structural_random,4,410,0.78,"(1, 3, 2, 0)","(1, 2, 2, 1)",6,3,"(6, 3, 4, 1, 2)",0.0,,,0.0,0.0,1.0
structural_random,5,920,1.0,"(3, 3, 2, 1)","(2, 2, 2, 2)",7,4,"(7, 4, 5, 2, 2)",0.0,,,1.0,-0.5,1.0
