condition,model,accuracy_mean,accuracy_sd,logloss_mean,brier_mean,share_rmse_mean,decision_regret_mean
additive,MNL,0.5346788194444445,0.014869980373198732,0.9452745152316597,0.5695112559367965,0.02306656326604181,0.010737495755083596
additive,Structured_MNL,0.5377170138888889,0.015686711367317804,0.9431333260075252,0.5679595970619727,0.01498909861938234,0.006831341604394491
nonlinear,MNL,0.5503472222222222,0.01836785150750109,0.9502995707339997,0.5679088901391594,0.058853311568152746,0.15573409676486957
nonlinear,Structured_MNL,0.6077690972222223,0.020412366373381386,0.8352126926944458,0.500920868009278,0.015956038238775647,0.0060957899167257395
threshold,MNL,0.5522135416666667,0.01454223148118248,0.9141861852811453,0.5523453731632862,0.033035116319703135,0.023806615417980535
threshold,Structured_MNL,0.5588975694444445,0.01356422023289097,0.9048947369371027,0.5470613639877038,0.019653092464158233,0.009275462229351416
interaction,MNL,0.5571180555555556,0.01606319920688478,0.9398635786496681,0.5595211518662248,0.01813553528380565,0.11123960498470377
interaction,Structured_MNL,0.5955295138888889,0.01583488016455715,0.8577954859121004,0.5126811419525996,0.012705574828660249,0.0053864069026540755
heterogeneity,MNL,0.5306423611111111,0.01716289319661525,0.960902274324009,0.5769298868802563,0.02074024817196681,0.016786636891679852
heterogeneity,Structured_MNL,0.5346354166666667,0.01681110981896824,0.9560531289599898,0.5738447238110256,0.012939937500392655,0.007771934654716341
nonlinear_threshold,MNL,0.5629774305555556,0.016412748645821332,0.9185368182331388,0.551645537708533,0.06270364117720902,0.17012233953298864
nonlinear_threshold,Structured_MNL,0.618359375,0.01881232721565091,0.8033212254812255,0.4840230981395106,0.016663995361968345,0.008646564999813887
nonlinear_interaction,MNL,0.5618055555555556,0.017208873586400747,0.9416054970703175,0.5602161529868421,0.052438227146928855,0.2312782698518351
nonlinear_interaction,Structured_MNL,0.6399305555555556,0.015763775830108098,0.7800936445621145,0.46539923722336746,0.013198112260238343,0.004685367421497019
combined,MNL,0.5674479166666666,0.015478632078661528,0.9312159569357972,0.5544744328568044,0.06033589139029921,0.2465962702992528
combined,Structured_MNL,0.6470052083333333,0.01282897601834798,0.7598813664376335,0.45571908164528885,0.01798927198397976,0.007617058747328141
