condition,rep,score_pvalue,saturated_lr_pvalue,score_reject,saturated_lr_reject
null,0,0.025,0.035,1,1
null,1,0.785,0.765,0,0
null,2,0.05,0.07,0,0
null,3,0.305,0.285,0,0
null,4,0.61,0.645,0,0
null,5,0.4,0.47,0,0
null,6,0.365,0.31,0,0
null,7,0.89,0.85,0,0
null,8,0.555,0.54,0,0
null,9,0.1,0.155,0,0
null,10,0.29,0.345,0,0
null,11,0.09,0.17,0,0
null,12,0.82,0.775,0,0
null,13,0.77,0.64,0,0
null,14,0.315,0.425,0,0
null,15,0.545,0.555,0,0
null,16,0.145,0.12,0,0
null,17,0.605,0.7,0,0
null,18,0.71,0.745,0,0
null,19,0.865,0.905,0,0
null,20,0.975,0.975,0,0
null,21,0.085,0.07,0,0
null,22,0.895,0.915,0,0
null,23,0.275,0.42,0,0
null,24,0.295,0.265,0,0
null,25,0.63,0.6,0,0
null,26,0.385,0.425,0,0
null,27,0.11,0.125,0,0
null,28,0.23,0.23,0,0
null,29,0.47,0.36,0,0
null,30,0.9,0.925,0,0
null,31,0.72,0.695,0,0
null,32,0.42,0.435,0,0
null,33,0.18,0.14,0,0
null,34,0.115,0.155,0,0
null,35,0.88,0.905,0,0
null,36,0.56,0.56,0,0
null,37,0.715,0.755,0,0
null,38,0.895,0.89,0,0
null,39,0.21,0.335,0,0
null,40,0.59,0.545,0,0
null,41,0.075,0.045,0,1
null,42,0.935,0.93,0,0
null,43,0.225,0.215,0,0
null,44,0.29,0.305,0,0
null,45,0.315,0.295,0,0
null,46,0.45,0.595,0,0
null,47,0.815,0.73,0,0
null,48,0.24,0.235,0,0
null,49,0.14,0.155,0,0
null,50,0.16,0.195,0,0
null,51,0.9,0.875,0,0
null,52,0.025,0.06,1,0
null,53,0.395,0.325,0,0
null,54,0.745,0.7,0,0
null,55,0.77,0.61,0,0
null,56,0.74,0.775,0,0
null,57,0.23,0.175,0,0
null,58,0.135,0.125,0,0
null,59,0.42,0.39,0,0
null,60,0.345,0.24,0,0
null,61,0.505,0.525,0,0
null,62,0.69,0.54,0,0
null,63,0.25,0.16,0,0
null,64,0.72,0.75,0,0
null,65,0.43,0.52,0,0
null,66,0.55,0.585,0,0
null,67,0.395,0.375,0,0
null,68,0.11,0.12,0,0
null,69,0.89,0.86,0,0
null,70,0.055,0.04,0,1
null,71,0.265,0.165,0,0
null,72,0.48,0.53,0,0
null,73,0.97,0.985,0,0
null,74,0.795,0.78,0,0
null,75,0.76,0.825,0,0
null,76,0.675,0.55,0,0
null,77,0.165,0.16,0,0
null,78,0.22,0.18,0,0
null,79,0.095,0.1,0,0
null,80,0.885,0.845,0,0
null,81,0.3,0.24,0,0
null,82,0.71,0.745,0,0
null,83,0.09,0.16,0,0
null,84,0.445,0.505,0,0
null,85,0.205,0.22,0,0
null,86,0.585,0.505,0,0
null,87,0.67,0.745,0,0
null,88,0.34,0.325,0,0
null,89,0.64,0.685,0,0
null,90,0.835,0.85,0,0
null,91,0.175,0.17,0,0
null,92,0.7,0.685,0,0
null,93,0.095,0.105,0,0
null,94,0.65,0.7,0,0
null,95,0.165,0.18,0,0
null,96,0.78,0.815,0,0
null,97,0.17,0.125,0,0
null,98,1.0,1.0,0,0
null,99,0.98,0.97,0,0
null,100,0.745,0.81,0,0
null,101,0.84,0.775,0,0
null,102,0.315,0.265,0,0
null,103,0.215,0.25,0,0
null,104,0.86,0.87,0,0
null,105,0.19,0.21,0,0
null,106,0.15,0.23,0,0
null,107,0.415,0.42,0,0
null,108,0.035,0.045,1,1
null,109,0.44,0.365,0,0
null,110,0.09,0.05,0,0
null,111,0.465,0.56,0,0
null,112,0.245,0.16,0,0
null,113,0.11,0.15,0,0
null,114,0.565,0.525,0,0
null,115,0.905,0.945,0,0
null,116,0.395,0.43,0,0
null,117,0.325,0.32,0,0
null,118,0.025,0.035,1,1
null,119,0.7,0.72,0,0
null,120,0.45,0.535,0,0
null,121,0.565,0.51,0,0
null,122,0.44,0.44,0,0
null,123,0.74,0.885,0,0
null,124,0.175,0.115,0,0
null,125,0.97,0.885,0,0
null,126,0.5,0.53,0,0
null,127,0.96,0.965,0,0
null,128,0.865,0.765,0,0
null,129,0.59,0.555,0,0
null,130,0.71,0.67,0,0
null,131,0.445,0.35,0,0
null,132,0.49,0.49,0,0
null,133,0.835,0.81,0,0
null,134,0.415,0.525,0,0
null,135,0.05,0.095,0,0
null,136,0.335,0.29,0,0
null,137,0.53,0.58,0,0
null,138,0.01,0.02,1,1
null,139,0.63,0.73,0,0
null,140,0.05,0.015,0,1
null,141,0.18,0.125,0,0
null,142,0.19,0.18,0,0
null,143,0.55,0.595,0,0
null,144,0.385,0.24,0,0
null,145,0.455,0.405,0,0
null,146,0.98,0.975,0,0
null,147,0.595,0.47,0,0
null,148,0.725,0.74,0,0
null,149,0.755,0.7,0,0
null,150,0.55,0.56,0,0
null,151,0.79,0.77,0,0
null,152,0.775,0.68,0,0
null,153,0.31,0.33,0,0
null,154,0.695,0.66,0,0
null,155,0.605,0.56,0,0
null,156,0.57,0.71,0,0
null,157,0.145,0.13,0,0
null,158,0.885,0.9,0,0
null,159,0.04,0.05,1,0
null,160,0.135,0.185,0,0
null,161,0.96,0.955,0,0
null,162,0.88,0.805,0,0
null,163,0.49,0.48,0,0
null,164,0.53,0.425,0,0
null,165,1.0,1.0,0,0
null,166,0.05,0.03,0,1
null,167,0.305,0.285,0,0
null,168,0.765,0.79,0,0
null,169,0.15,0.23,0,0
null,170,0.09,0.065,0,0
null,171,0.975,0.98,0,0
null,172,0.26,0.31,0,0
null,173,0.755,0.765,0,0
null,174,0.85,0.78,0,0
null,175,0.255,0.37,0,0
null,176,0.63,0.695,0,0
null,177,0.72,0.69,0,0
null,178,0.42,0.445,0,0
null,179,0.84,0.825,0,0
null,180,0.365,0.34,0,0
null,181,0.235,0.285,0,0
null,182,0.77,0.765,0,0
null,183,0.085,0.055,0,0
null,184,0.07,0.055,0,0
null,185,0.52,0.585,0,0
null,186,0.26,0.285,0,0
null,187,0.685,0.695,0,0
null,188,0.86,0.855,0,0
null,189,0.635,0.625,0,0
null,190,0.985,0.985,0,0
null,191,0.555,0.64,0,0
null,192,0.32,0.305,0,0
null,193,0.055,0.03,0,1
null,194,0.755,0.72,0,0
null,195,0.31,0.29,0,0
null,196,0.7,0.84,0,0
null,197,0.86,0.935,0,0
null,198,0.26,0.295,0,0
null,199,0.58,0.57,0,0
aligned,0,0.005,0.005,1,1
aligned,1,0.005,0.005,1,1
aligned,2,0.005,0.005,1,1
aligned,3,0.005,0.005,1,1
aligned,4,0.005,0.005,1,1
aligned,5,0.005,0.005,1,1
aligned,6,0.005,0.005,1,1
aligned,7,0.005,0.005,1,1
aligned,8,0.005,0.005,1,1
aligned,9,0.005,0.005,1,1
aligned,10,0.005,0.005,1,1
aligned,11,0.005,0.005,1,1
aligned,12,0.005,0.005,1,1
aligned,13,0.005,0.005,1,1
aligned,14,0.005,0.005,1,1
aligned,15,0.005,0.005,1,1
aligned,16,0.005,0.005,1,1
aligned,17,0.005,0.005,1,1
aligned,18,0.005,0.005,1,1
aligned,19,0.005,0.005,1,1
aligned,20,0.005,0.005,1,1
aligned,21,0.005,0.005,1,1
aligned,22,0.005,0.005,1,1
aligned,23,0.005,0.005,1,1
aligned,24,0.005,0.005,1,1
aligned,25,0.005,0.005,1,1
aligned,26,0.005,0.005,1,1
aligned,27,0.005,0.005,1,1
aligned,28,0.005,0.005,1,1
aligned,29,0.005,0.005,1,1
aligned,30,0.005,0.005,1,1
aligned,31,0.005,0.005,1,1
aligned,32,0.005,0.005,1,1
aligned,33,0.005,0.005,1,1
aligned,34,0.005,0.005,1,1
aligned,35,0.005,0.005,1,1
aligned,36,0.005,0.005,1,1
aligned,37,0.005,0.005,1,1
aligned,38,0.005,0.005,1,1
aligned,39,0.005,0.005,1,1
aligned,40,0.005,0.005,1,1
aligned,41,0.005,0.005,1,1
aligned,42,0.005,0.005,1,1
aligned,43,0.005,0.005,1,1
aligned,44,0.005,0.005,1,1
aligned,45,0.005,0.005,1,1
aligned,46,0.005,0.005,1,1
aligned,47,0.005,0.005,1,1
aligned,48,0.005,0.005,1,1
aligned,49,0.005,0.005,1,1
aligned,50,0.005,0.005,1,1
aligned,51,0.005,0.005,1,1
aligned,52,0.005,0.005,1,1
aligned,53,0.005,0.005,1,1
aligned,54,0.005,0.005,1,1
aligned,55,0.005,0.005,1,1
aligned,56,0.005,0.005,1,1
aligned,57,0.005,0.005,1,1
aligned,58,0.005,0.005,1,1
aligned,59,0.005,0.005,1,1
aligned,60,0.005,0.005,1,1
aligned,61,0.005,0.005,1,1
aligned,62,0.005,0.005,1,1
aligned,63,0.005,0.005,1,1
aligned,64,0.005,0.005,1,1
aligned,65,0.005,0.005,1,1
aligned,66,0.005,0.005,1,1
aligned,67,0.005,0.005,1,1
aligned,68,0.005,0.005,1,1
aligned,69,0.005,0.005,1,1
aligned,70,0.005,0.005,1,1
aligned,71,0.005,0.005,1,1
aligned,72,0.005,0.005,1,1
aligned,73,0.005,0.005,1,1
aligned,74,0.005,0.005,1,1
aligned,75,0.005,0.005,1,1
aligned,76,0.005,0.005,1,1
aligned,77,0.005,0.005,1,1
aligned,78,0.005,0.005,1,1
aligned,79,0.005,0.005,1,1
aligned,80,0.005,0.005,1,1
aligned,81,0.005,0.005,1,1
aligned,82,0.005,0.005,1,1
aligned,83,0.005,0.005,1,1
aligned,84,0.005,0.005,1,1
aligned,85,0.005,0.005,1,1
aligned,86,0.005,0.005,1,1
aligned,87,0.005,0.005,1,1
aligned,88,0.005,0.005,1,1
aligned,89,0.005,0.005,1,1
aligned,90,0.005,0.005,1,1
aligned,91,0.005,0.005,1,1
aligned,92,0.005,0.005,1,1
aligned,93,0.005,0.005,1,1
aligned,94,0.005,0.005,1,1
aligned,95,0.005,0.005,1,1
aligned,96,0.005,0.005,1,1
aligned,97,0.005,0.005,1,1
aligned,98,0.005,0.005,1,1
aligned,99,0.005,0.005,1,1
aligned,100,0.005,0.005,1,1
aligned,101,0.005,0.005,1,1
aligned,102,0.005,0.005,1,1
aligned,103,0.005,0.005,1,1
aligned,104,0.005,0.005,1,1
aligned,105,0.005,0.005,1,1
aligned,106,0.005,0.005,1,1
aligned,107,0.005,0.005,1,1
aligned,108,0.005,0.005,1,1
aligned,109,0.005,0.005,1,1
aligned,110,0.005,0.005,1,1
aligned,111,0.005,0.005,1,1
aligned,112,0.005,0.005,1,1
aligned,113,0.005,0.005,1,1
aligned,114,0.005,0.005,1,1
aligned,115,0.005,0.005,1,1
aligned,116,0.005,0.005,1,1
aligned,117,0.005,0.005,1,1
aligned,118,0.005,0.005,1,1
aligned,119,0.005,0.005,1,1
aligned,120,0.005,0.005,1,1
aligned,121,0.005,0.005,1,1
aligned,122,0.005,0.005,1,1
aligned,123,0.005,0.005,1,1
aligned,124,0.005,0.005,1,1
aligned,125,0.005,0.005,1,1
aligned,126,0.005,0.005,1,1
aligned,127,0.005,0.005,1,1
aligned,128,0.005,0.005,1,1
aligned,129,0.005,0.005,1,1
aligned,130,0.005,0.005,1,1
aligned,131,0.005,0.005,1,1
aligned,132,0.005,0.005,1,1
aligned,133,0.005,0.005,1,1
aligned,134,0.005,0.005,1,1
aligned,135,0.005,0.005,1,1
aligned,136,0.005,0.005,1,1
aligned,137,0.005,0.005,1,1
aligned,138,0.005,0.005,1,1
aligned,139,0.005,0.005,1,1
aligned,140,0.005,0.005,1,1
aligned,141,0.005,0.005,1,1
aligned,142,0.005,0.005,1,1
aligned,143,0.005,0.005,1,1
aligned,144,0.005,0.005,1,1
aligned,145,0.005,0.005,1,1
aligned,146,0.005,0.005,1,1
aligned,147,0.005,0.005,1,1
aligned,148,0.005,0.005,1,1
aligned,149,0.005,0.005,1,1
aligned,150,0.005,0.005,1,1
aligned,151,0.005,0.005,1,1
aligned,152,0.005,0.005,1,1
aligned,153,0.005,0.005,1,1
aligned,154,0.005,0.005,1,1
aligned,155,0.005,0.005,1,1
aligned,156,0.005,0.005,1,1
aligned,157,0.005,0.005,1,1
aligned,158,0.005,0.005,1,1
aligned,159,0.005,0.005,1,1
aligned,160,0.005,0.005,1,1
aligned,161,0.005,0.005,1,1
aligned,162,0.005,0.005,1,1
aligned,163,0.005,0.005,1,1
aligned,164,0.005,0.005,1,1
aligned,165,0.005,0.005,1,1
aligned,166,0.005,0.005,1,1
aligned,167,0.005,0.005,1,1
aligned,168,0.005,0.005,1,1
aligned,169,0.005,0.005,1,1
aligned,170,0.005,0.005,1,1
aligned,171,0.005,0.005,1,1
aligned,172,0.005,0.005,1,1
aligned,173,0.005,0.005,1,1
aligned,174,0.005,0.005,1,1
aligned,175,0.005,0.005,1,1
aligned,176,0.005,0.005,1,1
aligned,177,0.005,0.005,1,1
aligned,178,0.005,0.005,1,1
aligned,179,0.005,0.005,1,1
aligned,180,0.005,0.005,1,1
aligned,181,0.005,0.005,1,1
aligned,182,0.005,0.005,1,1
aligned,183,0.005,0.005,1,1
aligned,184,0.005,0.005,1,1
aligned,185,0.005,0.005,1,1
aligned,186,0.005,0.005,1,1
aligned,187,0.005,0.005,1,1
aligned,188,0.005,0.005,1,1
aligned,189,0.005,0.005,1,1
aligned,190,0.005,0.005,1,1
aligned,191,0.005,0.005,1,1
aligned,192,0.005,0.005,1,1
aligned,193,0.005,0.005,1,1
aligned,194,0.005,0.005,1,1
aligned,195,0.005,0.005,1,1
aligned,196,0.005,0.005,1,1
aligned,197,0.005,0.005,1,1
aligned,198,0.005,0.005,1,1
aligned,199,0.005,0.005,1,1
interaction,0,0.005,0.005,1,1
interaction,1,0.005,0.005,1,1
interaction,2,0.005,0.005,1,1
interaction,3,0.005,0.005,1,1
interaction,4,0.005,0.005,1,1
interaction,5,0.005,0.005,1,1
interaction,6,0.005,0.005,1,1
interaction,7,0.005,0.005,1,1
interaction,8,0.005,0.005,1,1
interaction,9,0.005,0.005,1,1
interaction,10,0.005,0.005,1,1
interaction,11,0.005,0.005,1,1
interaction,12,0.005,0.005,1,1
interaction,13,0.005,0.005,1,1
interaction,14,0.005,0.005,1,1
interaction,15,0.005,0.005,1,1
interaction,16,0.005,0.005,1,1
interaction,17,0.005,0.005,1,1
interaction,18,0.005,0.005,1,1
interaction,19,0.005,0.005,1,1
interaction,20,0.005,0.005,1,1
interaction,21,0.005,0.005,1,1
interaction,22,0.005,0.005,1,1
interaction,23,0.005,0.005,1,1
interaction,24,0.005,0.005,1,1
interaction,25,0.005,0.005,1,1
interaction,26,0.005,0.005,1,1
interaction,27,0.005,0.005,1,1
interaction,28,0.005,0.005,1,1
interaction,29,0.005,0.005,1,1
interaction,30,0.005,0.005,1,1
interaction,31,0.005,0.005,1,1
interaction,32,0.005,0.005,1,1
interaction,33,0.005,0.005,1,1
interaction,34,0.005,0.005,1,1
interaction,35,0.005,0.005,1,1
interaction,36,0.005,0.005,1,1
interaction,37,0.005,0.005,1,1
interaction,38,0.005,0.005,1,1
interaction,39,0.005,0.005,1,1
interaction,40,0.005,0.005,1,1
interaction,41,0.005,0.005,1,1
interaction,42,0.005,0.005,1,1
interaction,43,0.005,0.005,1,1
interaction,44,0.005,0.005,1,1
interaction,45,0.005,0.005,1,1
interaction,46,0.005,0.005,1,1
interaction,47,0.005,0.005,1,1
interaction,48,0.005,0.005,1,1
interaction,49,0.005,0.005,1,1
interaction,50,0.005,0.005,1,1
interaction,51,0.005,0.005,1,1
interaction,52,0.005,0.005,1,1
interaction,53,0.005,0.005,1,1
interaction,54,0.005,0.005,1,1
interaction,55,0.005,0.005,1,1
interaction,56,0.005,0.005,1,1
interaction,57,0.005,0.005,1,1
interaction,58,0.005,0.005,1,1
interaction,59,0.005,0.005,1,1
interaction,60,0.005,0.005,1,1
interaction,61,0.005,0.005,1,1
interaction,62,0.005,0.005,1,1
interaction,63,0.005,0.005,1,1
interaction,64,0.005,0.005,1,1
interaction,65,0.005,0.005,1,1
interaction,66,0.005,0.005,1,1
interaction,67,0.005,0.005,1,1
interaction,68,0.005,0.005,1,1
interaction,69,0.005,0.005,1,1
interaction,70,0.005,0.005,1,1
interaction,71,0.005,0.005,1,1
interaction,72,0.005,0.005,1,1
interaction,73,0.005,0.005,1,1
interaction,74,0.005,0.005,1,1
interaction,75,0.005,0.005,1,1
interaction,76,0.005,0.005,1,1
interaction,77,0.005,0.005,1,1
interaction,78,0.005,0.005,1,1
interaction,79,0.005,0.005,1,1
interaction,80,0.005,0.005,1,1
interaction,81,0.005,0.005,1,1
interaction,82,0.005,0.005,1,1
interaction,83,0.005,0.005,1,1
interaction,84,0.005,0.005,1,1
interaction,85,0.005,0.005,1,1
interaction,86,0.005,0.005,1,1
interaction,87,0.005,0.005,1,1
interaction,88,0.005,0.005,1,1
interaction,89,0.005,0.005,1,1
interaction,90,0.005,0.005,1,1
interaction,91,0.005,0.005,1,1
interaction,92,0.005,0.005,1,1
interaction,93,0.005,0.005,1,1
interaction,94,0.005,0.005,1,1
interaction,95,0.005,0.005,1,1
interaction,96,0.005,0.005,1,1
interaction,97,0.005,0.005,1,1
interaction,98,0.005,0.005,1,1
interaction,99,0.005,0.005,1,1
interaction,100,0.005,0.005,1,1
interaction,101,0.005,0.005,1,1
interaction,102,0.005,0.005,1,1
interaction,103,0.005,0.005,1,1
interaction,104,0.005,0.005,1,1
interaction,105,0.005,0.005,1,1
interaction,106,0.005,0.005,1,1
interaction,107,0.005,0.005,1,1
interaction,108,0.005,0.005,1,1
interaction,109,0.005,0.005,1,1
interaction,110,0.005,0.005,1,1
interaction,111,0.005,0.005,1,1
interaction,112,0.005,0.005,1,1
interaction,113,0.005,0.005,1,1
interaction,114,0.005,0.005,1,1
interaction,115,0.005,0.005,1,1
interaction,116,0.005,0.005,1,1
interaction,117,0.005,0.005,1,1
interaction,118,0.005,0.005,1,1
interaction,119,0.005,0.005,1,1
interaction,120,0.005,0.005,1,1
interaction,121,0.005,0.005,1,1
interaction,122,0.005,0.005,1,1
interaction,123,0.005,0.005,1,1
interaction,124,0.005,0.005,1,1
interaction,125,0.005,0.005,1,1
interaction,126,0.005,0.005,1,1
interaction,127,0.005,0.005,1,1
interaction,128,0.005,0.005,1,1
interaction,129,0.005,0.005,1,1
interaction,130,0.005,0.005,1,1
interaction,131,0.005,0.005,1,1
interaction,132,0.005,0.005,1,1
interaction,133,0.005,0.005,1,1
interaction,134,0.005,0.005,1,1
interaction,135,0.005,0.005,1,1
interaction,136,0.005,0.005,1,1
interaction,137,0.005,0.005,1,1
interaction,138,0.005,0.005,1,1
interaction,139,0.005,0.005,1,1
interaction,140,0.005,0.005,1,1
interaction,141,0.005,0.005,1,1
interaction,142,0.005,0.005,1,1
interaction,143,0.005,0.005,1,1
interaction,144,0.005,0.005,1,1
interaction,145,0.005,0.005,1,1
interaction,146,0.005,0.005,1,1
interaction,147,0.005,0.005,1,1
interaction,148,0.005,0.005,1,1
interaction,149,0.005,0.005,1,1
interaction,150,0.005,0.005,1,1
interaction,151,0.005,0.005,1,1
interaction,152,0.005,0.005,1,1
interaction,153,0.005,0.005,1,1
interaction,154,0.005,0.005,1,1
interaction,155,0.005,0.005,1,1
interaction,156,0.005,0.005,1,1
interaction,157,0.005,0.005,1,1
interaction,158,0.005,0.005,1,1
interaction,159,0.005,0.005,1,1
interaction,160,0.005,0.005,1,1
interaction,161,0.005,0.005,1,1
interaction,162,0.005,0.005,1,1
interaction,163,0.005,0.005,1,1
interaction,164,0.005,0.005,1,1
interaction,165,0.005,0.005,1,1
interaction,166,0.005,0.005,1,1
interaction,167,0.005,0.005,1,1
interaction,168,0.005,0.005,1,1
interaction,169,0.005,0.005,1,1
interaction,170,0.005,0.005,1,1
interaction,171,0.005,0.005,1,1
interaction,172,0.005,0.005,1,1
interaction,173,0.005,0.005,1,1
interaction,174,0.005,0.005,1,1
interaction,175,0.005,0.005,1,1
interaction,176,0.005,0.005,1,1
interaction,177,0.005,0.005,1,1
interaction,178,0.005,0.005,1,1
interaction,179,0.005,0.005,1,1
interaction,180,0.005,0.005,1,1
interaction,181,0.005,0.005,1,1
interaction,182,0.005,0.005,1,1
interaction,183,0.005,0.005,1,1
interaction,184,0.005,0.005,1,1
interaction,185,0.005,0.005,1,1
interaction,186,0.005,0.005,1,1
interaction,187,0.005,0.005,1,1
interaction,188,0.005,0.005,1,1
interaction,189,0.005,0.005,1,1
interaction,190,0.005,0.005,1,1
interaction,191,0.005,0.005,1,1
interaction,192,0.005,0.005,1,1
interaction,193,0.005,0.005,1,1
interaction,194,0.005,0.005,1,1
interaction,195,0.005,0.005,1,1
interaction,196,0.005,0.005,1,1
interaction,197,0.005,0.005,1,1
interaction,198,0.005,0.005,1,1
interaction,199,0.005,0.005,1,1
hidden_quadratic,0,0.005,0.005,1,1
hidden_quadratic,1,0.005,0.005,1,1
hidden_quadratic,2,0.005,0.005,1,1
hidden_quadratic,3,0.005,0.005,1,1
hidden_quadratic,4,0.005,0.005,1,1
hidden_quadratic,5,0.005,0.005,1,1
hidden_quadratic,6,0.005,0.005,1,1
hidden_quadratic,7,0.005,0.005,1,1
hidden_quadratic,8,0.005,0.005,1,1
hidden_quadratic,9,0.005,0.005,1,1
hidden_quadratic,10,0.005,0.005,1,1
hidden_quadratic,11,0.005,0.005,1,1
hidden_quadratic,12,0.005,0.005,1,1
hidden_quadratic,13,0.005,0.005,1,1
hidden_quadratic,14,0.005,0.005,1,1
hidden_quadratic,15,0.005,0.005,1,1
hidden_quadratic,16,0.005,0.005,1,1
hidden_quadratic,17,0.005,0.005,1,1
hidden_quadratic,18,0.005,0.005,1,1
hidden_quadratic,19,0.005,0.005,1,1
hidden_quadratic,20,0.005,0.005,1,1
hidden_quadratic,21,0.005,0.005,1,1
hidden_quadratic,22,0.005,0.005,1,1
hidden_quadratic,23,0.005,0.005,1,1
hidden_quadratic,24,0.005,0.005,1,1
hidden_quadratic,25,0.005,0.005,1,1
hidden_quadratic,26,0.005,0.005,1,1
hidden_quadratic,27,0.005,0.005,1,1
hidden_quadratic,28,0.005,0.005,1,1
hidden_quadratic,29,0.005,0.005,1,1
hidden_quadratic,30,0.005,0.005,1,1
hidden_quadratic,31,0.005,0.005,1,1
hidden_quadratic,32,0.005,0.005,1,1
hidden_quadratic,33,0.005,0.005,1,1
hidden_quadratic,34,0.005,0.005,1,1
hidden_quadratic,35,0.005,0.005,1,1
hidden_quadratic,36,0.005,0.005,1,1
hidden_quadratic,37,0.005,0.005,1,1
hidden_quadratic,38,0.005,0.005,1,1
hidden_quadratic,39,0.005,0.005,1,1
hidden_quadratic,40,0.005,0.005,1,1
hidden_quadratic,41,0.005,0.005,1,1
hidden_quadratic,42,0.005,0.005,1,1
hidden_quadratic,43,0.005,0.005,1,1
hidden_quadratic,44,0.005,0.005,1,1
hidden_quadratic,45,0.005,0.005,1,1
hidden_quadratic,46,0.005,0.005,1,1
hidden_quadratic,47,0.005,0.005,1,1
hidden_quadratic,48,0.005,0.005,1,1
hidden_quadratic,49,0.005,0.005,1,1
hidden_quadratic,50,0.005,0.005,1,1
hidden_quadratic,51,0.005,0.005,1,1
hidden_quadratic,52,0.005,0.005,1,1
hidden_quadratic,53,0.005,0.005,1,1
hidden_quadratic,54,0.005,0.005,1,1
hidden_quadratic,55,0.005,0.005,1,1
hidden_quadratic,56,0.005,0.005,1,1
hidden_quadratic,57,0.005,0.005,1,1
hidden_quadratic,58,0.005,0.005,1,1
hidden_quadratic,59,0.005,0.005,1,1
hidden_quadratic,60,0.005,0.005,1,1
hidden_quadratic,61,0.005,0.005,1,1
hidden_quadratic,62,0.005,0.005,1,1
hidden_quadratic,63,0.005,0.005,1,1
hidden_quadratic,64,0.005,0.005,1,1
hidden_quadratic,65,0.005,0.005,1,1
hidden_quadratic,66,0.005,0.005,1,1
hidden_quadratic,67,0.005,0.005,1,1
hidden_quadratic,68,0.005,0.005,1,1
hidden_quadratic,69,0.005,0.005,1,1
hidden_quadratic,70,0.005,0.005,1,1
hidden_quadratic,71,0.005,0.005,1,1
hidden_quadratic,72,0.005,0.005,1,1
hidden_quadratic,73,0.005,0.005,1,1
hidden_quadratic,74,0.005,0.005,1,1
hidden_quadratic,75,0.005,0.005,1,1
hidden_quadratic,76,0.005,0.005,1,1
hidden_quadratic,77,0.005,0.005,1,1
hidden_quadratic,78,0.005,0.005,1,1
hidden_quadratic,79,0.005,0.005,1,1
hidden_quadratic,80,0.005,0.005,1,1
hidden_quadratic,81,0.005,0.005,1,1
hidden_quadratic,82,0.005,0.005,1,1
hidden_quadratic,83,0.005,0.005,1,1
hidden_quadratic,84,0.005,0.005,1,1
hidden_quadratic,85,0.005,0.005,1,1
hidden_quadratic,86,0.005,0.005,1,1
hidden_quadratic,87,0.005,0.005,1,1
hidden_quadratic,88,0.005,0.005,1,1
hidden_quadratic,89,0.005,0.005,1,1
hidden_quadratic,90,0.005,0.005,1,1
hidden_quadratic,91,0.005,0.005,1,1
hidden_quadratic,92,0.005,0.005,1,1
hidden_quadratic,93,0.005,0.005,1,1
hidden_quadratic,94,0.005,0.005,1,1
hidden_quadratic,95,0.005,0.005,1,1
hidden_quadratic,96,0.005,0.005,1,1
hidden_quadratic,97,0.005,0.005,1,1
hidden_quadratic,98,0.005,0.005,1,1
hidden_quadratic,99,0.005,0.005,1,1
hidden_quadratic,100,0.005,0.005,1,1
hidden_quadratic,101,0.005,0.005,1,1
hidden_quadratic,102,0.005,0.005,1,1
hidden_quadratic,103,0.005,0.005,1,1
hidden_quadratic,104,0.005,0.005,1,1
hidden_quadratic,105,0.005,0.005,1,1
hidden_quadratic,106,0.005,0.005,1,1
hidden_quadratic,107,0.005,0.005,1,1
hidden_quadratic,108,0.005,0.005,1,1
hidden_quadratic,109,0.005,0.005,1,1
hidden_quadratic,110,0.005,0.005,1,1
hidden_quadratic,111,0.005,0.005,1,1
hidden_quadratic,112,0.005,0.005,1,1
hidden_quadratic,113,0.005,0.005,1,1
hidden_quadratic,114,0.005,0.005,1,1
hidden_quadratic,115,0.005,0.005,1,1
hidden_quadratic,116,0.005,0.005,1,1
hidden_quadratic,117,0.005,0.005,1,1
hidden_quadratic,118,0.005,0.005,1,1
hidden_quadratic,119,0.005,0.005,1,1
hidden_quadratic,120,0.005,0.005,1,1
hidden_quadratic,121,0.005,0.005,1,1
hidden_quadratic,122,0.005,0.005,1,1
hidden_quadratic,123,0.005,0.005,1,1
hidden_quadratic,124,0.005,0.005,1,1
hidden_quadratic,125,0.005,0.005,1,1
hidden_quadratic,126,0.005,0.005,1,1
hidden_quadratic,127,0.005,0.005,1,1
hidden_quadratic,128,0.005,0.005,1,1
hidden_quadratic,129,0.005,0.005,1,1
hidden_quadratic,130,0.005,0.005,1,1
hidden_quadratic,131,0.005,0.005,1,1
hidden_quadratic,132,0.005,0.005,1,1
hidden_quadratic,133,0.005,0.005,1,1
hidden_quadratic,134,0.005,0.005,1,1
hidden_quadratic,135,0.005,0.005,1,1
hidden_quadratic,136,0.005,0.005,1,1
hidden_quadratic,137,0.005,0.005,1,1
hidden_quadratic,138,0.005,0.005,1,1
hidden_quadratic,139,0.005,0.005,1,1
hidden_quadratic,140,0.005,0.005,1,1
hidden_quadratic,141,0.005,0.005,1,1
hidden_quadratic,142,0.005,0.005,1,1
hidden_quadratic,143,0.005,0.005,1,1
hidden_quadratic,144,0.005,0.005,1,1
hidden_quadratic,145,0.005,0.005,1,1
hidden_quadratic,146,0.005,0.005,1,1
hidden_quadratic,147,0.005,0.005,1,1
hidden_quadratic,148,0.005,0.005,1,1
hidden_quadratic,149,0.005,0.005,1,1
hidden_quadratic,150,0.005,0.005,1,1
hidden_quadratic,151,0.005,0.005,1,1
hidden_quadratic,152,0.005,0.005,1,1
hidden_quadratic,153,0.005,0.005,1,1
hidden_quadratic,154,0.005,0.005,1,1
hidden_quadratic,155,0.005,0.005,1,1
hidden_quadratic,156,0.005,0.005,1,1
hidden_quadratic,157,0.005,0.005,1,1
hidden_quadratic,158,0.005,0.005,1,1
hidden_quadratic,159,0.005,0.005,1,1
hidden_quadratic,160,0.005,0.005,1,1
hidden_quadratic,161,0.005,0.005,1,1
hidden_quadratic,162,0.005,0.005,1,1
hidden_quadratic,163,0.005,0.005,1,1
hidden_quadratic,164,0.005,0.005,1,1
hidden_quadratic,165,0.005,0.005,1,1
hidden_quadratic,166,0.005,0.005,1,1
hidden_quadratic,167,0.005,0.005,1,1
hidden_quadratic,168,0.005,0.005,1,1
hidden_quadratic,169,0.005,0.005,1,1
hidden_quadratic,170,0.005,0.005,1,1
hidden_quadratic,171,0.005,0.005,1,1
hidden_quadratic,172,0.005,0.005,1,1
hidden_quadratic,173,0.005,0.005,1,1
hidden_quadratic,174,0.005,0.005,1,1
hidden_quadratic,175,0.005,0.005,1,1
hidden_quadratic,176,0.005,0.005,1,1
hidden_quadratic,177,0.005,0.005,1,1
hidden_quadratic,178,0.005,0.005,1,1
hidden_quadratic,179,0.005,0.005,1,1
hidden_quadratic,180,0.005,0.005,1,1
hidden_quadratic,181,0.005,0.005,1,1
hidden_quadratic,182,0.005,0.005,1,1
hidden_quadratic,183,0.005,0.005,1,1
hidden_quadratic,184,0.005,0.005,1,1
hidden_quadratic,185,0.005,0.005,1,1
hidden_quadratic,186,0.005,0.005,1,1
hidden_quadratic,187,0.005,0.005,1,1
hidden_quadratic,188,0.005,0.005,1,1
hidden_quadratic,189,0.005,0.005,1,1
hidden_quadratic,190,0.005,0.005,1,1
hidden_quadratic,191,0.005,0.005,1,1
hidden_quadratic,192,0.005,0.005,1,1
hidden_quadratic,193,0.005,0.005,1,1
hidden_quadratic,194,0.005,0.005,1,1
hidden_quadratic,195,0.005,0.005,1,1
hidden_quadratic,196,0.005,0.005,1,1
hidden_quadratic,197,0.005,0.005,1,1
hidden_quadratic,198,0.005,0.005,1,1
hidden_quadratic,199,0.005,0.005,1,1
hidden_orthogonal,0,0.005,0.005,1,1
hidden_orthogonal,1,0.005,0.005,1,1
hidden_orthogonal,2,0.005,0.005,1,1
hidden_orthogonal,3,0.005,0.005,1,1
hidden_orthogonal,4,0.005,0.005,1,1
hidden_orthogonal,5,0.005,0.005,1,1
hidden_orthogonal,6,0.005,0.005,1,1
hidden_orthogonal,7,0.005,0.005,1,1
hidden_orthogonal,8,0.005,0.005,1,1
hidden_orthogonal,9,0.005,0.005,1,1
hidden_orthogonal,10,0.005,0.005,1,1
hidden_orthogonal,11,0.005,0.005,1,1
hidden_orthogonal,12,0.005,0.005,1,1
hidden_orthogonal,13,0.005,0.005,1,1
hidden_orthogonal,14,0.005,0.005,1,1
hidden_orthogonal,15,0.005,0.005,1,1
hidden_orthogonal,16,0.005,0.005,1,1
hidden_orthogonal,17,0.005,0.005,1,1
hidden_orthogonal,18,0.005,0.005,1,1
hidden_orthogonal,19,0.005,0.005,1,1
hidden_orthogonal,20,0.005,0.005,1,1
hidden_orthogonal,21,0.005,0.005,1,1
hidden_orthogonal,22,0.005,0.005,1,1
hidden_orthogonal,23,0.005,0.005,1,1
hidden_orthogonal,24,0.005,0.005,1,1
hidden_orthogonal,25,0.005,0.005,1,1
hidden_orthogonal,26,0.005,0.005,1,1
hidden_orthogonal,27,0.005,0.005,1,1
hidden_orthogonal,28,0.005,0.005,1,1
hidden_orthogonal,29,0.005,0.005,1,1
hidden_orthogonal,30,0.005,0.005,1,1
hidden_orthogonal,31,0.005,0.005,1,1
hidden_orthogonal,32,0.005,0.005,1,1
hidden_orthogonal,33,0.005,0.005,1,1
hidden_orthogonal,34,0.005,0.005,1,1
hidden_orthogonal,35,0.005,0.005,1,1
hidden_orthogonal,36,0.005,0.005,1,1
hidden_orthogonal,37,0.005,0.005,1,1
hidden_orthogonal,38,0.005,0.005,1,1
hidden_orthogonal,39,0.005,0.005,1,1
hidden_orthogonal,40,0.005,0.005,1,1
hidden_orthogonal,41,0.005,0.005,1,1
hidden_orthogonal,42,0.005,0.005,1,1
hidden_orthogonal,43,0.005,0.005,1,1
hidden_orthogonal,44,0.005,0.005,1,1
hidden_orthogonal,45,0.005,0.005,1,1
hidden_orthogonal,46,0.005,0.005,1,1
hidden_orthogonal,47,0.005,0.005,1,1
hidden_orthogonal,48,0.005,0.005,1,1
hidden_orthogonal,49,0.005,0.005,1,1
hidden_orthogonal,50,0.005,0.005,1,1
hidden_orthogonal,51,0.005,0.005,1,1
hidden_orthogonal,52,0.005,0.005,1,1
hidden_orthogonal,53,0.005,0.005,1,1
hidden_orthogonal,54,0.005,0.005,1,1
hidden_orthogonal,55,0.005,0.005,1,1
hidden_orthogonal,56,0.005,0.005,1,1
hidden_orthogonal,57,0.005,0.005,1,1
hidden_orthogonal,58,0.005,0.005,1,1
hidden_orthogonal,59,0.005,0.005,1,1
hidden_orthogonal,60,0.005,0.005,1,1
hidden_orthogonal,61,0.005,0.005,1,1
hidden_orthogonal,62,0.005,0.005,1,1
hidden_orthogonal,63,0.005,0.005,1,1
hidden_orthogonal,64,0.005,0.005,1,1
hidden_orthogonal,65,0.005,0.005,1,1
hidden_orthogonal,66,0.005,0.005,1,1
hidden_orthogonal,67,0.005,0.005,1,1
hidden_orthogonal,68,0.005,0.005,1,1
hidden_orthogonal,69,0.005,0.005,1,1
hidden_orthogonal,70,0.005,0.005,1,1
hidden_orthogonal,71,0.005,0.005,1,1
hidden_orthogonal,72,0.005,0.005,1,1
hidden_orthogonal,73,0.005,0.005,1,1
hidden_orthogonal,74,0.005,0.005,1,1
hidden_orthogonal,75,0.005,0.005,1,1
hidden_orthogonal,76,0.005,0.005,1,1
hidden_orthogonal,77,0.005,0.005,1,1
hidden_orthogonal,78,0.005,0.005,1,1
hidden_orthogonal,79,0.005,0.005,1,1
hidden_orthogonal,80,0.005,0.005,1,1
hidden_orthogonal,81,0.005,0.005,1,1
hidden_orthogonal,82,0.005,0.005,1,1
hidden_orthogonal,83,0.005,0.005,1,1
hidden_orthogonal,84,0.005,0.005,1,1
hidden_orthogonal,85,0.005,0.005,1,1
hidden_orthogonal,86,0.005,0.005,1,1
hidden_orthogonal,87,0.005,0.005,1,1
hidden_orthogonal,88,0.005,0.005,1,1
hidden_orthogonal,89,0.005,0.005,1,1
hidden_orthogonal,90,0.005,0.005,1,1
hidden_orthogonal,91,0.005,0.005,1,1
hidden_orthogonal,92,0.005,0.005,1,1
hidden_orthogonal,93,0.005,0.005,1,1
hidden_orthogonal,94,0.005,0.005,1,1
hidden_orthogonal,95,0.005,0.005,1,1
hidden_orthogonal,96,0.005,0.005,1,1
hidden_orthogonal,97,0.005,0.005,1,1
hidden_orthogonal,98,0.005,0.005,1,1
hidden_orthogonal,99,0.005,0.005,1,1
hidden_orthogonal,100,0.005,0.005,1,1
hidden_orthogonal,101,0.005,0.005,1,1
hidden_orthogonal,102,0.005,0.005,1,1
hidden_orthogonal,103,0.005,0.005,1,1
hidden_orthogonal,104,0.005,0.005,1,1
hidden_orthogonal,105,0.005,0.005,1,1
hidden_orthogonal,106,0.005,0.005,1,1
hidden_orthogonal,107,0.005,0.005,1,1
hidden_orthogonal,108,0.005,0.005,1,1
hidden_orthogonal,109,0.005,0.005,1,1
hidden_orthogonal,110,0.005,0.005,1,1
hidden_orthogonal,111,0.005,0.005,1,1
hidden_orthogonal,112,0.005,0.005,1,1
hidden_orthogonal,113,0.005,0.005,1,1
hidden_orthogonal,114,0.005,0.005,1,1
hidden_orthogonal,115,0.005,0.005,1,1
hidden_orthogonal,116,0.005,0.005,1,1
hidden_orthogonal,117,0.005,0.005,1,1
hidden_orthogonal,118,0.005,0.005,1,1
hidden_orthogonal,119,0.005,0.005,1,1
hidden_orthogonal,120,0.005,0.005,1,1
hidden_orthogonal,121,0.005,0.005,1,1
hidden_orthogonal,122,0.005,0.005,1,1
hidden_orthogonal,123,0.005,0.005,1,1
hidden_orthogonal,124,0.005,0.005,1,1
hidden_orthogonal,125,0.005,0.005,1,1
hidden_orthogonal,126,0.005,0.005,1,1
hidden_orthogonal,127,0.005,0.005,1,1
hidden_orthogonal,128,0.005,0.005,1,1
hidden_orthogonal,129,0.005,0.005,1,1
hidden_orthogonal,130,0.005,0.005,1,1
hidden_orthogonal,131,0.005,0.005,1,1
hidden_orthogonal,132,0.005,0.005,1,1
hidden_orthogonal,133,0.005,0.005,1,1
hidden_orthogonal,134,0.005,0.005,1,1
hidden_orthogonal,135,0.005,0.005,1,1
hidden_orthogonal,136,0.005,0.005,1,1
hidden_orthogonal,137,0.005,0.005,1,1
hidden_orthogonal,138,0.005,0.005,1,1
hidden_orthogonal,139,0.005,0.005,1,1
hidden_orthogonal,140,0.005,0.005,1,1
hidden_orthogonal,141,0.005,0.005,1,1
hidden_orthogonal,142,0.005,0.005,1,1
hidden_orthogonal,143,0.005,0.005,1,1
hidden_orthogonal,144,0.005,0.005,1,1
hidden_orthogonal,145,0.005,0.005,1,1
hidden_orthogonal,146,0.005,0.005,1,1
hidden_orthogonal,147,0.005,0.005,1,1
hidden_orthogonal,148,0.005,0.005,1,1
hidden_orthogonal,149,0.005,0.005,1,1
hidden_orthogonal,150,0.005,0.005,1,1
hidden_orthogonal,151,0.005,0.005,1,1
hidden_orthogonal,152,0.005,0.005,1,1
hidden_orthogonal,153,0.005,0.005,1,1
hidden_orthogonal,154,0.005,0.005,1,1
hidden_orthogonal,155,0.005,0.005,1,1
hidden_orthogonal,156,0.005,0.005,1,1
hidden_orthogonal,157,0.005,0.005,1,1
hidden_orthogonal,158,0.005,0.005,1,1
hidden_orthogonal,159,0.005,0.005,1,1
hidden_orthogonal,160,0.005,0.005,1,1
hidden_orthogonal,161,0.005,0.005,1,1
hidden_orthogonal,162,0.005,0.005,1,1
hidden_orthogonal,163,0.005,0.005,1,1
hidden_orthogonal,164,0.005,0.005,1,1
hidden_orthogonal,165,0.005,0.005,1,1
hidden_orthogonal,166,0.005,0.005,1,1
hidden_orthogonal,167,0.005,0.005,1,1
hidden_orthogonal,168,0.005,0.005,1,1
hidden_orthogonal,169,0.005,0.005,1,1
hidden_orthogonal,170,0.005,0.005,1,1
hidden_orthogonal,171,0.005,0.005,1,1
hidden_orthogonal,172,0.005,0.005,1,1
hidden_orthogonal,173,0.005,0.005,1,1
hidden_orthogonal,174,0.005,0.005,1,1
hidden_orthogonal,175,0.005,0.005,1,1
hidden_orthogonal,176,0.005,0.005,1,1
hidden_orthogonal,177,0.005,0.005,1,1
hidden_orthogonal,178,0.005,0.005,1,1
hidden_orthogonal,179,0.005,0.005,1,1
hidden_orthogonal,180,0.005,0.005,1,1
hidden_orthogonal,181,0.005,0.005,1,1
hidden_orthogonal,182,0.005,0.005,1,1
hidden_orthogonal,183,0.005,0.005,1,1
hidden_orthogonal,184,0.005,0.005,1,1
hidden_orthogonal,185,0.005,0.005,1,1
hidden_orthogonal,186,0.005,0.005,1,1
hidden_orthogonal,187,0.005,0.005,1,1
hidden_orthogonal,188,0.005,0.005,1,1
hidden_orthogonal,189,0.005,0.005,1,1
hidden_orthogonal,190,0.005,0.005,1,1
hidden_orthogonal,191,0.005,0.005,1,1
hidden_orthogonal,192,0.005,0.005,1,1
hidden_orthogonal,193,0.005,0.005,1,1
hidden_orthogonal,194,0.005,0.005,1,1
hidden_orthogonal,195,0.005,0.005,1,1
hidden_orthogonal,196,0.005,0.005,1,1
hidden_orthogonal,197,0.005,0.005,1,1
hidden_orthogonal,198,0.005,0.005,1,1
hidden_orthogonal,199,0.005,0.005,1,1
