condition,statistic,rep,respondents,eta,pvalue,reject
null,dictionary,0,400,0.45,0.01,1
null,dictionary,1,400,0.45,0.5,0
null,dictionary,2,400,0.45,0.895,0
null,dictionary,3,400,0.45,0.355,0
null,dictionary,4,400,0.45,0.5,0
null,dictionary,5,400,0.45,0.19,0
null,dictionary,6,400,0.45,0.7,0
null,dictionary,7,400,0.45,0.69,0
null,dictionary,8,400,0.45,0.41,0
null,dictionary,9,400,0.45,0.265,0
null,dictionary,10,400,0.45,0.495,0
null,dictionary,11,400,0.45,0.02,1
null,dictionary,12,400,0.45,0.58,0
null,dictionary,13,400,0.45,0.415,0
null,dictionary,14,400,0.45,0.6,0
null,dictionary,15,400,0.45,0.515,0
null,dictionary,16,400,0.45,0.035,1
null,dictionary,17,400,0.45,0.72,0
null,dictionary,18,400,0.45,0.405,0
null,dictionary,19,400,0.45,0.665,0
null,dictionary,20,400,0.45,0.99,0
null,dictionary,21,400,0.45,0.03,1
null,dictionary,22,400,0.45,0.79,0
null,dictionary,23,400,0.45,0.365,0
null,dictionary,24,400,0.45,0.425,0
null,dictionary,25,400,0.45,0.375,0
null,dictionary,26,400,0.45,0.32,0
null,dictionary,27,400,0.45,0.155,0
null,dictionary,28,400,0.45,0.915,0
null,dictionary,29,400,0.45,0.22,0
null,support_complete,0,400,0.45,0.025,1
null,support_complete,1,400,0.45,0.785,0
null,support_complete,2,400,0.45,0.05,0
null,support_complete,3,400,0.45,0.305,0
null,support_complete,4,400,0.45,0.61,0
null,support_complete,5,400,0.45,0.4,0
null,support_complete,6,400,0.45,0.365,0
null,support_complete,7,400,0.45,0.89,0
null,support_complete,8,400,0.45,0.555,0
null,support_complete,9,400,0.45,0.1,0
null,support_complete,10,400,0.45,0.29,0
null,support_complete,11,400,0.45,0.09,0
null,support_complete,12,400,0.45,0.82,0
null,support_complete,13,400,0.45,0.77,0
null,support_complete,14,400,0.45,0.315,0
null,support_complete,15,400,0.45,0.545,0
null,support_complete,16,400,0.45,0.145,0
null,support_complete,17,400,0.45,0.605,0
null,support_complete,18,400,0.45,0.71,0
null,support_complete,19,400,0.45,0.865,0
null,support_complete,20,400,0.45,0.975,0
null,support_complete,21,400,0.45,0.085,0
null,support_complete,22,400,0.45,0.895,0
null,support_complete,23,400,0.45,0.275,0
null,support_complete,24,400,0.45,0.295,0
null,support_complete,25,400,0.45,0.63,0
null,support_complete,26,400,0.45,0.385,0
null,support_complete,27,400,0.45,0.11,0
null,support_complete,28,400,0.45,0.23,0
null,support_complete,29,400,0.45,0.47,0
aligned,dictionary,0,400,0.45,0.005,1
aligned,dictionary,1,400,0.45,0.005,1
aligned,dictionary,2,400,0.45,0.005,1
aligned,dictionary,3,400,0.45,0.005,1
aligned,dictionary,4,400,0.45,0.005,1
aligned,dictionary,5,400,0.45,0.005,1
aligned,dictionary,6,400,0.45,0.005,1
aligned,dictionary,7,400,0.45,0.005,1
aligned,dictionary,8,400,0.45,0.005,1
aligned,dictionary,9,400,0.45,0.005,1
aligned,dictionary,10,400,0.45,0.005,1
aligned,dictionary,11,400,0.45,0.005,1
aligned,dictionary,12,400,0.45,0.005,1
aligned,dictionary,13,400,0.45,0.005,1
aligned,dictionary,14,400,0.45,0.005,1
aligned,dictionary,15,400,0.45,0.005,1
aligned,dictionary,16,400,0.45,0.005,1
aligned,dictionary,17,400,0.45,0.005,1
aligned,dictionary,18,400,0.45,0.005,1
aligned,dictionary,19,400,0.45,0.005,1
aligned,dictionary,20,400,0.45,0.005,1
aligned,dictionary,21,400,0.45,0.005,1
aligned,dictionary,22,400,0.45,0.005,1
aligned,dictionary,23,400,0.45,0.005,1
aligned,dictionary,24,400,0.45,0.005,1
aligned,dictionary,25,400,0.45,0.005,1
aligned,dictionary,26,400,0.45,0.005,1
aligned,dictionary,27,400,0.45,0.005,1
aligned,dictionary,28,400,0.45,0.005,1
aligned,dictionary,29,400,0.45,0.005,1
aligned,support_complete,0,400,0.45,0.005,1
aligned,support_complete,1,400,0.45,0.005,1
aligned,support_complete,2,400,0.45,0.005,1
aligned,support_complete,3,400,0.45,0.005,1
aligned,support_complete,4,400,0.45,0.005,1
aligned,support_complete,5,400,0.45,0.005,1
aligned,support_complete,6,400,0.45,0.005,1
aligned,support_complete,7,400,0.45,0.005,1
aligned,support_complete,8,400,0.45,0.005,1
aligned,support_complete,9,400,0.45,0.005,1
aligned,support_complete,10,400,0.45,0.005,1
aligned,support_complete,11,400,0.45,0.005,1
aligned,support_complete,12,400,0.45,0.005,1
aligned,support_complete,13,400,0.45,0.005,1
aligned,support_complete,14,400,0.45,0.005,1
aligned,support_complete,15,400,0.45,0.005,1
aligned,support_complete,16,400,0.45,0.005,1
aligned,support_complete,17,400,0.45,0.005,1
aligned,support_complete,18,400,0.45,0.005,1
aligned,support_complete,19,400,0.45,0.005,1
aligned,support_complete,20,400,0.45,0.005,1
aligned,support_complete,21,400,0.45,0.005,1
aligned,support_complete,22,400,0.45,0.005,1
aligned,support_complete,23,400,0.45,0.005,1
aligned,support_complete,24,400,0.45,0.005,1
aligned,support_complete,25,400,0.45,0.005,1
aligned,support_complete,26,400,0.45,0.005,1
aligned,support_complete,27,400,0.45,0.005,1
aligned,support_complete,28,400,0.45,0.005,1
aligned,support_complete,29,400,0.45,0.005,1
interaction,dictionary,0,400,0.45,0.005,1
interaction,dictionary,1,400,0.45,0.005,1
interaction,dictionary,2,400,0.45,0.005,1
interaction,dictionary,3,400,0.45,0.005,1
interaction,dictionary,4,400,0.45,0.005,1
interaction,dictionary,5,400,0.45,0.005,1
interaction,dictionary,6,400,0.45,0.005,1
interaction,dictionary,7,400,0.45,0.005,1
interaction,dictionary,8,400,0.45,0.005,1
interaction,dictionary,9,400,0.45,0.005,1
interaction,dictionary,10,400,0.45,0.005,1
interaction,dictionary,11,400,0.45,0.005,1
interaction,dictionary,12,400,0.45,0.005,1
interaction,dictionary,13,400,0.45,0.005,1
interaction,dictionary,14,400,0.45,0.005,1
interaction,dictionary,15,400,0.45,0.005,1
interaction,dictionary,16,400,0.45,0.005,1
interaction,dictionary,17,400,0.45,0.005,1
interaction,dictionary,18,400,0.45,0.005,1
interaction,dictionary,19,400,0.45,0.005,1
interaction,dictionary,20,400,0.45,0.005,1
interaction,dictionary,21,400,0.45,0.005,1
interaction,dictionary,22,400,0.45,0.005,1
interaction,dictionary,23,400,0.45,0.005,1
interaction,dictionary,24,400,0.45,0.005,1
interaction,dictionary,25,400,0.45,0.005,1
interaction,dictionary,26,400,0.45,0.005,1
interaction,dictionary,27,400,0.45,0.005,1
interaction,dictionary,28,400,0.45,0.005,1
interaction,dictionary,29,400,0.45,0.005,1
interaction,support_complete,0,400,0.45,0.005,1
interaction,support_complete,1,400,0.45,0.005,1
interaction,support_complete,2,400,0.45,0.005,1
interaction,support_complete,3,400,0.45,0.005,1
interaction,support_complete,4,400,0.45,0.005,1
interaction,support_complete,5,400,0.45,0.005,1
interaction,support_complete,6,400,0.45,0.005,1
interaction,support_complete,7,400,0.45,0.005,1
interaction,support_complete,8,400,0.45,0.005,1
interaction,support_complete,9,400,0.45,0.005,1
interaction,support_complete,10,400,0.45,0.005,1
interaction,support_complete,11,400,0.45,0.005,1
interaction,support_complete,12,400,0.45,0.005,1
interaction,support_complete,13,400,0.45,0.005,1
interaction,support_complete,14,400,0.45,0.005,1
interaction,support_complete,15,400,0.45,0.005,1
interaction,support_complete,16,400,0.45,0.005,1
interaction,support_complete,17,400,0.45,0.005,1
interaction,support_complete,18,400,0.45,0.005,1
interaction,support_complete,19,400,0.45,0.005,1
interaction,support_complete,20,400,0.45,0.005,1
interaction,support_complete,21,400,0.45,0.005,1
interaction,support_complete,22,400,0.45,0.005,1
interaction,support_complete,23,400,0.45,0.005,1
interaction,support_complete,24,400,0.45,0.005,1
interaction,support_complete,25,400,0.45,0.005,1
interaction,support_complete,26,400,0.45,0.005,1
interaction,support_complete,27,400,0.45,0.005,1
interaction,support_complete,28,400,0.45,0.005,1
interaction,support_complete,29,400,0.45,0.005,1
hidden_quadratic,dictionary,0,400,0.45,0.005,1
hidden_quadratic,dictionary,1,400,0.45,0.005,1
hidden_quadratic,dictionary,2,400,0.45,0.005,1
hidden_quadratic,dictionary,3,400,0.45,0.005,1
hidden_quadratic,dictionary,4,400,0.45,0.005,1
hidden_quadratic,dictionary,5,400,0.45,0.005,1
hidden_quadratic,dictionary,6,400,0.45,0.005,1
hidden_quadratic,dictionary,7,400,0.45,0.005,1
hidden_quadratic,dictionary,8,400,0.45,0.005,1
hidden_quadratic,dictionary,9,400,0.45,0.005,1
hidden_quadratic,dictionary,10,400,0.45,0.005,1
hidden_quadratic,dictionary,11,400,0.45,0.005,1
hidden_quadratic,dictionary,12,400,0.45,0.005,1
hidden_quadratic,dictionary,13,400,0.45,0.005,1
hidden_quadratic,dictionary,14,400,0.45,0.005,1
hidden_quadratic,dictionary,15,400,0.45,0.005,1
hidden_quadratic,dictionary,16,400,0.45,0.005,1
hidden_quadratic,dictionary,17,400,0.45,0.005,1
hidden_quadratic,dictionary,18,400,0.45,0.005,1
hidden_quadratic,dictionary,19,400,0.45,0.005,1
hidden_quadratic,dictionary,20,400,0.45,0.005,1
hidden_quadratic,dictionary,21,400,0.45,0.005,1
hidden_quadratic,dictionary,22,400,0.45,0.005,1
hidden_quadratic,dictionary,23,400,0.45,0.005,1
hidden_quadratic,dictionary,24,400,0.45,0.005,1
hidden_quadratic,dictionary,25,400,0.45,0.005,1
hidden_quadratic,dictionary,26,400,0.45,0.005,1
hidden_quadratic,dictionary,27,400,0.45,0.005,1
hidden_quadratic,dictionary,28,400,0.45,0.005,1
hidden_quadratic,dictionary,29,400,0.45,0.005,1
hidden_quadratic,support_complete,0,400,0.45,0.005,1
hidden_quadratic,support_complete,1,400,0.45,0.005,1
hidden_quadratic,support_complete,2,400,0.45,0.005,1
hidden_quadratic,support_complete,3,400,0.45,0.005,1
hidden_quadratic,support_complete,4,400,0.45,0.005,1
hidden_quadratic,support_complete,5,400,0.45,0.005,1
hidden_quadratic,support_complete,6,400,0.45,0.005,1
hidden_quadratic,support_complete,7,400,0.45,0.005,1
hidden_quadratic,support_complete,8,400,0.45,0.005,1
hidden_quadratic,support_complete,9,400,0.45,0.005,1
hidden_quadratic,support_complete,10,400,0.45,0.005,1
hidden_quadratic,support_complete,11,400,0.45,0.005,1
hidden_quadratic,support_complete,12,400,0.45,0.005,1
hidden_quadratic,support_complete,13,400,0.45,0.005,1
hidden_quadratic,support_complete,14,400,0.45,0.005,1
hidden_quadratic,support_complete,15,400,0.45,0.005,1
hidden_quadratic,support_complete,16,400,0.45,0.005,1
hidden_quadratic,support_complete,17,400,0.45,0.005,1
hidden_quadratic,support_complete,18,400,0.45,0.005,1
hidden_quadratic,support_complete,19,400,0.45,0.005,1
hidden_quadratic,support_complete,20,400,0.45,0.005,1
hidden_quadratic,support_complete,21,400,0.45,0.005,1
hidden_quadratic,support_complete,22,400,0.45,0.005,1
hidden_quadratic,support_complete,23,400,0.45,0.005,1
hidden_quadratic,support_complete,24,400,0.45,0.005,1
hidden_quadratic,support_complete,25,400,0.45,0.005,1
hidden_quadratic,support_complete,26,400,0.45,0.005,1
hidden_quadratic,support_complete,27,400,0.45,0.005,1
hidden_quadratic,support_complete,28,400,0.45,0.005,1
hidden_quadratic,support_complete,29,400,0.45,0.005,1
hidden_orthogonal,dictionary,0,400,0.45,0.01,1
hidden_orthogonal,dictionary,1,400,0.45,0.715,0
hidden_orthogonal,dictionary,2,400,0.45,0.2,0
hidden_orthogonal,dictionary,3,400,0.45,0.48,0
hidden_orthogonal,dictionary,4,400,0.45,0.635,0
hidden_orthogonal,dictionary,5,400,0.45,0.245,0
hidden_orthogonal,dictionary,6,400,0.45,0.765,0
hidden_orthogonal,dictionary,7,400,0.45,0.275,0
hidden_orthogonal,dictionary,8,400,0.45,0.83,0
hidden_orthogonal,dictionary,9,400,0.45,0.83,0
hidden_orthogonal,dictionary,10,400,0.45,0.645,0
hidden_orthogonal,dictionary,11,400,0.45,0.005,1
hidden_orthogonal,dictionary,12,400,0.45,0.745,0
hidden_orthogonal,dictionary,13,400,0.45,0.07,0
hidden_orthogonal,dictionary,14,400,0.45,0.63,0
hidden_orthogonal,dictionary,15,400,0.45,0.17,0
hidden_orthogonal,dictionary,16,400,0.45,0.51,0
hidden_orthogonal,dictionary,17,400,0.45,0.63,0
hidden_orthogonal,dictionary,18,400,0.45,0.57,0
hidden_orthogonal,dictionary,19,400,0.45,0.29,0
hidden_orthogonal,dictionary,20,400,0.45,0.385,0
hidden_orthogonal,dictionary,21,400,0.45,0.075,0
hidden_orthogonal,dictionary,22,400,0.45,0.73,0
hidden_orthogonal,dictionary,23,400,0.45,0.72,0
hidden_orthogonal,dictionary,24,400,0.45,0.84,0
hidden_orthogonal,dictionary,25,400,0.45,0.28,0
hidden_orthogonal,dictionary,26,400,0.45,0.67,0
hidden_orthogonal,dictionary,27,400,0.45,0.38,0
hidden_orthogonal,dictionary,28,400,0.45,0.705,0
hidden_orthogonal,dictionary,29,400,0.45,0.145,0
hidden_orthogonal,support_complete,0,400,0.45,0.005,1
hidden_orthogonal,support_complete,1,400,0.45,0.005,1
hidden_orthogonal,support_complete,2,400,0.45,0.005,1
hidden_orthogonal,support_complete,3,400,0.45,0.005,1
hidden_orthogonal,support_complete,4,400,0.45,0.005,1
hidden_orthogonal,support_complete,5,400,0.45,0.005,1
hidden_orthogonal,support_complete,6,400,0.45,0.005,1
hidden_orthogonal,support_complete,7,400,0.45,0.005,1
hidden_orthogonal,support_complete,8,400,0.45,0.005,1
hidden_orthogonal,support_complete,9,400,0.45,0.005,1
hidden_orthogonal,support_complete,10,400,0.45,0.005,1
hidden_orthogonal,support_complete,11,400,0.45,0.005,1
hidden_orthogonal,support_complete,12,400,0.45,0.005,1
hidden_orthogonal,support_complete,13,400,0.45,0.005,1
hidden_orthogonal,support_complete,14,400,0.45,0.005,1
hidden_orthogonal,support_complete,15,400,0.45,0.005,1
hidden_orthogonal,support_complete,16,400,0.45,0.005,1
hidden_orthogonal,support_complete,17,400,0.45,0.005,1
hidden_orthogonal,support_complete,18,400,0.45,0.005,1
hidden_orthogonal,support_complete,19,400,0.45,0.005,1
hidden_orthogonal,support_complete,20,400,0.45,0.005,1
hidden_orthogonal,support_complete,21,400,0.45,0.005,1
hidden_orthogonal,support_complete,22,400,0.45,0.005,1
hidden_orthogonal,support_complete,23,400,0.45,0.005,1
hidden_orthogonal,support_complete,24,400,0.45,0.005,1
hidden_orthogonal,support_complete,25,400,0.45,0.005,1
hidden_orthogonal,support_complete,26,400,0.45,0.005,1
hidden_orthogonal,support_complete,27,400,0.45,0.005,1
hidden_orthogonal,support_complete,28,400,0.45,0.005,1
hidden_orthogonal,support_complete,29,400,0.45,0.005,1
