rep,method,invariant_lambda,subset,cv_loss,coef_gap,score,target_loss,target_share0,true_share0,policy_effect,true_policy_effect,policy_effect_error
100,loeo_cv,0.15,quality+price+proxy,0.836149311022614,0.04913110565930352,0.8435189768715096,1.0408342859789914,0.3454110020457013,0.365410282428451,0.12078326286519997,0.11580883078310877,0.004974432082091196
100,invariant_core,0.15,quality+price+proxy+quality_sq,0.8366423326494815,0.04516842197186339,0.843417595945261,1.0407996594754507,0.34541791508885966,0.365410282428451,0.12077864844297959,0.11580883078310877,0.004969817659870812
101,loeo_cv,0.15,quality+price+proxy,0.8336437123232371,0.031560438804198336,0.8383777781438668,1.016758361300761,0.3672032949450747,0.35503402364726416,0.12417478216285444,0.11560705858551867,0.008567723577335762
101,invariant_core,0.15,quality+price+proxy,0.8336437123232371,0.031560438804198336,0.8383777781438668,1.016758361300761,0.3672032949450747,0.35503402364726416,0.12417478216285444,0.11560705858551867,0.008567723577335762
102,loeo_cv,0.15,quality+price+proxy,0.8428943165746451,0.05500542987448968,0.8511451310558186,1.0445282259389168,0.3628258556089803,0.35439710899276783,0.1258907410296382,0.11435613453844662,0.01153460649119159
102,invariant_core,0.15,quality+price+proxy+quality_sq,0.8430188729776753,0.04849838176526065,0.8502936302424644,1.0455878534222618,0.3627332359905001,0.35439710899276783,0.12596904039704143,0.11435613453844662,0.011612905858594813
103,loeo_cv,0.15,quality+price+proxy,0.823067308550565,0.06530503792495787,0.8328630642393087,1.0417268046727282,0.3641299920091561,0.3535656895851079,0.128556932052674,0.11529599822618752,0.013260933826486465
103,invariant_core,0.15,quality+price+proxy+quality_sq,0.8231812355558438,0.057506280660029135,0.8318071776548481,1.0425373454467128,0.36394703814208607,0.3535656895851079,0.12857502636862045,0.11529599822618752,0.013279028142432925
104,loeo_cv,0.15,quality+price+proxy,0.8401726653251765,0.06758210343771977,0.8503099808408345,1.0765127563275345,0.3444340230344837,0.355475288892997,0.12686900381934718,0.1147018226000513,0.012167181219295886
104,invariant_core,0.15,quality+price+proxy+quality_sq,0.8404880976453195,0.06010414489884814,0.8495037193801467,1.0766485081097257,0.3444494542810612,0.355475288892997,0.12687585576285954,0.1147018226000513,0.01217403316280824
105,loeo_cv,0.15,quality+price+proxy,0.8251423135962455,0.06505046731520489,0.8348998836935262,1.0456474155250584,0.36659093771416523,0.35638674979198703,0.1289579743768413,0.11761096228713647,0.011347012089704844
105,invariant_core,0.15,quality+price+proxy+quality_sq,0.8253472239133925,0.056543833310924184,0.8338287989100311,1.0458499181742336,0.3665919215373401,0.35638674979198703,0.12895929470438694,0.11761096228713647,0.011348332417250473
106,loeo_cv,0.15,quality+price+proxy,0.8549265883738589,0.07395706834576733,0.8660201486257241,1.0046022138370638,0.36718467343316535,0.36817891192236485,0.1229315969115155,0.11594489441978528,0.006986702491730223
106,invariant_core,0.15,quality+price+proxy+quality_sq,0.8549789025701827,0.06338186604830319,0.8644861824774281,1.0047993999631448,0.366901377405082,0.36817891192236485,0.1228912969851283,0.11594489441978528,0.006946402565343013
107,loeo_cv,0.15,quality+price+proxy+quality_sq,0.8174173722188786,0.052047466089613414,0.8252244921323205,0.999996447927989,0.3631712650844796,0.3517001711819035,0.13173836193362776,0.11471223653725754,0.017026125396370217
107,invariant_core,0.15,quality+price+proxy+quality_sq,0.8174173722188786,0.052047466089613414,0.8252244921323205,0.999996447927989,0.3631712650844796,0.3517001711819035,0.13173836193362776,0.11471223653725754,0.017026125396370217
108,loeo_cv,0.15,quality+price+proxy,0.8511210888357802,0.045964787578061266,0.8580158069724894,1.0173298359222458,0.3571979931533597,0.36401420436475956,0.1220393667598475,0.11573174187835228,0.006307624881495222
108,invariant_core,0.15,quality+price+proxy+quality_sq,0.85131560938489,0.04131210002209357,0.8575124243882041,1.0179551156572102,0.35716648855796,0.36401420436475956,0.12207821697040577,0.11573174187835228,0.006346475092053494
109,loeo_cv,0.15,quality+price+proxy+quality_sq,0.8642920699294999,0.04171832013849391,0.870549817950274,0.9835306646099197,0.36435958539882307,0.3616747432509786,0.11926292486214546,0.11448443065272473,0.004778494209420725
109,invariant_core,0.15,quality+price+proxy+quality_sq,0.8642920699294999,0.04171832013849391,0.870549817950274,0.9835306646099197,0.36435958539882307,0.3616747432509786,0.11926292486214546,0.11448443065272473,0.004778494209420725
