condition,replication,model,accuracy,logloss,brier,share_rmse,decision_regret
additive,0,Random_Forest,0.5291666666666667,0.9473579358865274,0.5717485329599387,0.011044360068860717,0.03907141836481133
additive,0,Boosted_Tree_Proxy,0.5135416666666667,0.9686574807776396,0.5898810315298171,0.0035333693574672543,0.06409669209215631
additive,1,Random_Forest,0.553125,0.951335453829558,0.5715731452686057,0.021231137454397864,0.04521429743437634
additive,1,Boosted_Tree_Proxy,0.5427083333333333,0.9771228669612722,0.5892294297523828,0.02341754183836296,0.07166646368019833
additive,2,Random_Forest,0.5645833333333333,0.927425712863488,0.5569349675968873,0.031057282834183762,0.04315429744663019
additive,2,Boosted_Tree_Proxy,0.5447916666666667,0.9371897480256396,0.5655822672150204,0.024316522986088267,0.07514442940493403
additive,3,Random_Forest,0.55,0.9457209121161545,0.5694858556065852,0.012465294465420804,0.04192643507615611
additive,3,Boosted_Tree_Proxy,0.5208333333333334,0.9678866827131709,0.5816811902186295,0.0177757739137836,0.05305776237808602
additive,4,Random_Forest,0.5177083333333333,0.9567967869161232,0.5766526383006872,0.01803745059550754,0.04584938111083773
additive,4,Boosted_Tree_Proxy,0.5208333333333334,0.9778278472604728,0.5891125798521214,0.02365071884376842,0.06465314672225726
nonlinear,0,Random_Forest,0.6239583333333333,0.8470444961727966,0.5030847344328541,0.013674739805835402,0.07375636235879705
nonlinear,0,Boosted_Tree_Proxy,0.6041666666666666,0.8423587652726564,0.5055407578335416,0.014195075546975978,0.07790247351340336
nonlinear,1,Random_Forest,0.6145833333333334,0.8577014001221384,0.5115877403952439,0.002972168276140309,0.044649441346389894
nonlinear,1,Boosted_Tree_Proxy,0.61875,0.8692172599586226,0.517789694195099,0.005826204283387435,0.05868411557277498
nonlinear,2,Random_Forest,0.6125,0.8691152278347999,0.5161439813086158,0.009134222692162755,0.045021834981955854
nonlinear,2,Boosted_Tree_Proxy,0.59375,0.8808471060057013,0.5276128246217703,0.007463787468755668,0.05412611085798934
nonlinear,3,Random_Forest,0.6166666666666667,0.8487246105083363,0.5045355684090934,0.005759807187991349,0.05777030780174753
nonlinear,3,Boosted_Tree_Proxy,0.634375,0.847083096057981,0.5036087986207142,0.0035679949259128088,0.05321645524301487
nonlinear,4,Random_Forest,0.6072916666666667,0.8487710084814223,0.5041696671998644,0.010000229564203045,0.06076064465411557
nonlinear,4,Boosted_Tree_Proxy,0.603125,0.8475598768388174,0.5103531879845885,0.006136336568109957,0.06419252771774114
threshold,0,Random_Forest,0.5739583333333333,0.905207679613324,0.5431546296399411,0.004003489274210845,0.04798253728689426
threshold,0,Boosted_Tree_Proxy,0.5489583333333333,0.9395735480881631,0.5635557418587871,0.013130486180441327,0.06503636618961582
threshold,1,Random_Forest,0.5760416666666667,0.9018277295447729,0.5414295767877463,0.010367214301956924,0.041005043678140805
threshold,1,Boosted_Tree_Proxy,0.5614583333333333,0.8940231763780886,0.5411376234571068,0.015484739830870582,0.06151248311801309
threshold,2,Random_Forest,0.55,0.9155254028533505,0.5520024188719951,0.01169847983963037,0.037512069155779225
threshold,2,Boosted_Tree_Proxy,0.546875,0.9418913571283166,0.566511597440183,0.011919280732193893,0.05668096516661025
threshold,3,Random_Forest,0.5822916666666667,0.9039859803620798,0.5431661133270609,0.002693173128920901,0.045416222735500944
threshold,3,Boosted_Tree_Proxy,0.559375,0.9375499430794215,0.5656563328063063,0.007507356703433053,0.07017237588915191
threshold,4,Random_Forest,0.5770833333333333,0.889507177723573,0.5344017583692982,0.01485827999807531,0.054227991761056624
threshold,4,Boosted_Tree_Proxy,0.5614583333333333,0.8931199508115175,0.5447838034901137,0.009103349310424065,0.06490296182333202
interaction,0,Random_Forest,0.5697916666666667,0.919439330431274,0.5505787050900436,0.013068365575091322,0.0790786252215711
interaction,0,Boosted_Tree_Proxy,0.5822916666666667,0.9224064361824368,0.554875170455773,0.010422569321488955,0.08643742597386371
interaction,1,Random_Forest,0.575,0.9204214499144024,0.5498653530569189,0.02127481990386058,0.08363979803356393
interaction,1,Boosted_Tree_Proxy,0.5572916666666666,0.9245940846201631,0.5558529223439738,0.013406135124038054,0.0754990861601906
interaction,2,Random_Forest,0.5854166666666667,0.8973085649387208,0.5322093745201459,0.00905825046137613,0.08381969016672262
interaction,2,Boosted_Tree_Proxy,0.5875,0.8779803559864366,0.5238733958524573,0.01369416216236599,0.07502828775862568
interaction,3,Random_Forest,0.6166666666666667,0.8676994407213482,0.5125824936613552,0.008892118463704067,0.06482971381702111
interaction,3,Boosted_Tree_Proxy,0.615625,0.8347226416295048,0.4950184600065028,0.00676132159343652,0.06677559805283101
interaction,4,Random_Forest,0.5916666666666667,0.8887626971574297,0.5280423132207477,0.028566249826086628,0.06901579846715691
interaction,4,Boosted_Tree_Proxy,0.5947916666666667,0.8687908112770406,0.5181895400740435,0.024689113632927247,0.07733117876803738
heterogeneity,0,Random_Forest,0.5541666666666667,0.9450379566893514,0.5665462915407001,0.01054592077692779,0.09288444291954673
heterogeneity,0,Boosted_Tree_Proxy,0.5385416666666667,0.9689207658354818,0.5822963514800199,0.0035794382929296917,0.121572238655457
heterogeneity,1,Random_Forest,0.5020833333333333,0.9833035460544595,0.5942253771857364,0.010061659453741708,0.14951999811970385
heterogeneity,1,Boosted_Tree_Proxy,0.4979166666666667,1.0210786337554556,0.6154028441214668,0.004710237973055504,0.1530214095239141
heterogeneity,2,Random_Forest,0.5239583333333333,0.9775725800290354,0.589680343602868,0.01924171070293188,0.1262970422590512
heterogeneity,2,Boosted_Tree_Proxy,0.5166666666666667,0.9971720389219291,0.6021952487974433,0.026861589819511138,0.1410924766213504
heterogeneity,3,Random_Forest,0.5489583333333333,0.9490539997525128,0.5698126842718315,0.0023002573032698827,0.1019040452482049
heterogeneity,3,Boosted_Tree_Proxy,0.5364583333333334,0.9659506621830227,0.579957008527109,0.0066114189593982865,0.13267697573068452
heterogeneity,4,Random_Forest,0.5427083333333333,0.9543213089010413,0.5750038915437037,0.007686977451890856,0.08782233459014198
heterogeneity,4,Boosted_Tree_Proxy,0.521875,0.9718388860811255,0.5868509078899253,0.010130205435841507,0.11487572890297665
nonlinear_threshold,0,Random_Forest,0.6083333333333333,0.8259010167182009,0.4937312292842007,0.018026736756157284,0.07537351057116602
nonlinear_threshold,0,Boosted_Tree_Proxy,0.6291666666666667,0.8266354817631257,0.49737705567425616,0.01699430742943341,0.06455585899016764
nonlinear_threshold,1,Random_Forest,0.621875,0.8379449702996326,0.49816120779724987,0.009467346186564895,0.055593865651634586
nonlinear_threshold,1,Boosted_Tree_Proxy,0.6239583333333333,0.8234400551843898,0.4900941668711068,0.008941023257016904,0.05707123582593741
nonlinear_threshold,2,Random_Forest,0.6104166666666667,0.8417690210300436,0.5055351257017583,0.008405247034874419,0.06014876109161132
nonlinear_threshold,2,Boosted_Tree_Proxy,0.6114583333333333,0.840941972773123,0.5063122929361685,0.010977361740238245,0.060212814204755785
nonlinear_threshold,3,Random_Forest,0.625,0.8212044055171026,0.49120497144376096,0.007431218323553463,0.059972616054877345
nonlinear_threshold,3,Boosted_Tree_Proxy,0.6125,0.8244475555908124,0.4994551186528573,0.0016424287450024185,0.06194069540561144
nonlinear_threshold,4,Random_Forest,0.5916666666666667,0.8379739399703096,0.5052300614919487,0.004092191258462013,0.07355409756899593
nonlinear_threshold,4,Boosted_Tree_Proxy,0.603125,0.8236602316078538,0.5032069660579827,0.005840009510993442,0.06399834122994345
nonlinear_interaction,0,Random_Forest,0.6229166666666667,0.8626239362477649,0.5102446203652529,0.016204554551389094,0.10905082482738931
nonlinear_interaction,0,Boosted_Tree_Proxy,0.640625,0.8126696421849189,0.4805691728481906,0.012668462620374103,0.07962647945013508
nonlinear_interaction,1,Random_Forest,0.64375,0.8292550692369225,0.4907553899913223,0.014485797593032123,0.07690962491279822
nonlinear_interaction,1,Boosted_Tree_Proxy,0.64375,0.785372260179711,0.4707545162191576,0.018302048823338895,0.06394314362649688
nonlinear_interaction,2,Random_Forest,0.6145833333333334,0.8439572803283937,0.501509743488342,0.007856797224154274,0.12238877753750697
nonlinear_interaction,2,Boosted_Tree_Proxy,0.646875,0.7830560255571728,0.4643177696676827,0.0022052636610116563,0.08074763205693057
nonlinear_interaction,3,Random_Forest,0.5927083333333333,0.8740624601418854,0.5210021366594347,0.02193626209958756,0.12970774833381882
nonlinear_interaction,3,Boosted_Tree_Proxy,0.6354166666666666,0.8211537947710617,0.4902276745706941,0.021410329665320322,0.07786166767190693
nonlinear_interaction,4,Random_Forest,0.6260416666666667,0.8393639287748018,0.5001416214333225,0.012193840076126462,0.10330031500360344
nonlinear_interaction,4,Boosted_Tree_Proxy,0.6354166666666666,0.7936805692242579,0.4723199737367903,0.012590119377787552,0.08063342978275513
combined,0,Random_Forest,0.6041666666666666,0.8553494557597349,0.5079968319910683,0.03297438297824604,0.18799010982101183
combined,0,Boosted_Tree_Proxy,0.65,0.7873328295529923,0.46788880037426683,0.03831912873075761,0.11634005228889023
combined,1,Random_Forest,0.6083333333333333,0.8481143678538381,0.5027161577897826,0.007007282474121793,0.18975114503322418
combined,1,Boosted_Tree_Proxy,0.6239583333333333,0.8217378480640035,0.4883561030203226,0.011221117808521539,0.14227143913776807
combined,2,Random_Forest,0.6447916666666667,0.8063051571600025,0.47819167797830625,0.032102402512254116,0.10099415373520475
combined,2,Boosted_Tree_Proxy,0.6354166666666666,0.7945575358909374,0.47600601590268005,0.027752500699227266,0.10660762584291253
combined,3,Random_Forest,0.6197916666666666,0.8665940964337835,0.5152326590722697,0.014970471631460109,0.13290826463097447
combined,3,Boosted_Tree_Proxy,0.634375,0.8413461832384451,0.5008895835021498,0.017004456175333423,0.1027733845619634
combined,4,Random_Forest,0.6229166666666667,0.8487988475321939,0.501786799302525,0.00858167041766124,0.15359852306872293
combined,4,Boosted_Tree_Proxy,0.64375,0.8059840323021348,0.47657973009758187,0.013553092741883911,0.11313673829775427
